event_id,true_family,candidate_family,correct,support,nearest_distance,mean_distance,max_distance
168285,rolamento_outer,rolamento_outer,True,1.0,0.0,2.0714313983568986,2.960944517859756
75213,rolamento_combination,rolamento_combination,True,1.0,2.408695545231112,2.5430261521985984,2.712579869818753
147729,desalinhado,eccentric_rotor,False,0.4,0.8823737627781141,0.9081234944923638,0.932039314998945
65564,rolamento_ball,rolamento_ball,True,0.8,0.6191480578207434,0.741797473796298,0.8346085182164152
51073,rolamento_outer,rolamento_outer,True,1.0,0.0074441687344916005,0.7116145814727983,0.900408517856209
175465,rolamento_combination,rolamento_combination,True,1.0,3.01386898829884,3.2245098773929426,3.5134814600982547
102049,ventoinha,correia,False,0.4,0.8165894871478386,0.8255388498155909,0.8330387663428199
56093,rolamento_inner,rolamento_inner,True,1.0,0.6619178970264659,0.7696733887135248,0.8209771474531932
135661,rolamento_ball,rolamento_ball,True,0.2,0.02729528535980137,0.45288626459296405,0.6122530687117101
39416,cocked_rotor,cocked_rotor,True,0.6,0.7673431543430523,0.8287141098726828,0.8752859002636431
163099,rolamento_ball,rolamento_ball,True,1.0,1.2761829740936925,1.4067242999679683,1.4569006722742082
64019,rolamento_ball,rolamento_outer,False,0.6,0.8813555473430027,0.9035912519139033,0.9588509746500755
111236,correia,correia,True,1.0,0.0674846625766868,0.5546104021101516,0.7029353276836353
87586,polia,normal,False,0.4,0.017369727047146566,0.7992292451762326,1.0288067919765311
72093,rolamento_combination,polia,False,0.4,0.012406947890819059,0.7107438380931795,0.925948059779219
93999,ventoinha,ventoinha,True,1.0,0.4601226993865033,0.5480897365863552,0.609253277121053
59561,rolamento_inner,rolamento_inner,True,0.4,0.1364764267990077,0.5987364274779361,0.8094909455225674
55852,rolamento_inner,rolamento_inner,True,0.6,1.2317703521186474,1.3132926047116509,1.4689247500710607
55087,rolamento_inner,rolamento_inner,True,1.0,0.024813895781637174,0.6193265730855654,0.8136429177401452
111007,correia,correia,True,0.8,0.5163658899425635,0.8674959071775763,1.0185158223559463
120762,desbalanceado,desbalanceado,True,0.6,0.08188585607940502,0.7845241612058581,0.9897754826999869
24613,eccentric_rotor,eccentric_rotor,True,1.0,0.6274424411593004,0.6667818149001711,0.7028094535239073
83403,rolamento_ball,rolamento_ball,True,1.0,0.06748466257668681,0.8102088307883806,1.0700217963707332
46453,rolamento_outer,rolamento_outer,True,0.4,0.10669975186104219,1.052031403419213,1.3184689835806835
165066,desbalanceado,desbalanceado,True,0.8,0.019851116625309806,1.612265019915074,2.24008363159661
29006,eccentric_rotor,eccentric_rotor,True,0.6,0.0,0.5001251355561129,0.7500104296005318
50304,rolamento_outer,rolamento_outer,True,0.8,0.0,0.5864587091249296,0.7678165842355824
64983,rolamento_ball,rolamento_ball,True,1.0,0.03067484662576736,0.663190276252234,0.8497634723145522
121174,desbalanceado,cocked_rotor,False,0.4,0.0,0.575191557685001,0.7457854372754439
155790,normal,desbalanceado,False,0.4,0.34439834024896193,0.5963532453960614,0.7148388160801107
81496,rolamento_ball,rolamento_inner,False,0.6,0.0,0.6303047818565491,0.8140489285347884
42922,rolamento_outer,cocked_rotor,False,0.6,0.8023126964490506,0.9523900498466308,1.1314614880494513
156791,normal,normal,True,0.6,0.012269938650306494,0.5021147415836358,0.7080472426016023
29756,eccentric_rotor,eccentric_rotor,True,1.0,0.547418429957725,0.6301671730519274,0.6938746862377653
54173,rolamento_inner,rolamento_inner,True,1.0,0.01244813278008361,0.6835149281795327,0.965227211600753
61613,rolamento_ball,rolamento_ball,True,1.0,0.6183102630480113,0.6422271164016096,0.6766791772568361
105198,correia,correia,True,1.0,0.6321921113369614,0.7254485282707039,0.7933013131101
35396,cocked_rotor,cocked_rotor,True,0.6,0.5315055129530799,0.7891807006160223,0.9162948881528816
113208,cocked_rotor,cocked_rotor,True,0.8,0.0,0.40157865762953476,0.5475171311024783
121121,desbalanceado,ventoinha,False,0.8,0.8796067122702763,0.9613994726478315,0.9959227478708138
25669,eccentric_rotor,eccentric_rotor,True,0.8,0.06134969325153239,1.1820898445576904,1.5377086970350362
52790,rolamento_inner,rolamento_inner,True,1.0,0.12883435582822134,0.6094660874830875,0.9037954203923106
172824,desbalanceado,desbalanceado,True,1.0,1.1686628059413169,1.3236740837025875,1.4216241987127562
119714,desbalanceado,desbalanceado,True,0.6,0.017369727047146483,0.6488460260915216,0.8404851974581823
142010,rolamento_combination,rolamento_combination,True,1.0,0.007444168734491552,0.6689349741461162,0.8831660593094023
107328,correia,correia,True,1.0,0.020746887966805294,0.6072093362871446,0.7923827076452746
92498,polia,cocked_rotor,False,0.6,0.7844860744108321,0.8134494188019907,0.8353395473920286
145409,correia,eccentric_rotor,False,0.4,0.033195020746887294,0.6678537969795257,0.9016066189848579
2751,normal,normal,True,1.0,0.007444168734491496,1.3929146872469043,1.9444486320820957
63330,rolamento_ball,rolamento_ball,True,0.4,0.0,0.8727601642974326,1.1436089492382384
113942,cocked_rotor,eccentric_rotor,False,0.6,0.07883817427385942,0.6549683812261012,0.8259009139607691
172944,rolamento_outer,rolamento_ball,False,0.6,0.8710071866442469,1.0062326319074082,1.0464948691808669
32015,eccentric_rotor,eccentric_rotor,True,1.0,0.7171935659604581,0.742042911899191,0.773345681653473
140470,rolamento_ball,rolamento_ball,True,1.0,1.7499763516619637,1.9431204693967665,2.021041195871648
49501,rolamento_outer,rolamento_outer,True,0.8,0.15950920245398664,0.6494571098742173,0.8691251111611121
69937,rolamento_inner,rolamento_inner,True,0.8,0.685980611775964,0.7720186730643405,0.8183422374954673
32566,eccentric_rotor,eccentric_rotor,True,1.0,0.049079754601225975,0.4716434723230757,0.7360036610924844
49455,rolamento_outer,rolamento_outer,True,0.8,0.0,0.6049983743087154,0.7955938506170774
165566,normal,normal,True,1.0,0.36809815950920344,1.714448957040139,2.338680577557411
125584,ventoinha,ventoinha,True,1.0,0.09202453987730197,0.4424304126836872,0.5992829021731089
78466,rolamento_combination,rolamento_combination,True,1.0,0.06224066390041433,1.1595517034127185,1.4539424111409398
25371,eccentric_rotor,eccentric_rotor,True,0.8,0.6802160242634205,0.7497209039003007,0.8198330649428835
11525,desbalanceado,eccentric_rotor,False,0.8,0.0,0.6653852305648673,0.855414734305671
180856,rolamento_ball,rolamento_ball,True,1.0,0.9860770773918928,1.3913947784007674,1.5355575935916694
66875,rolamento_inner,rolamento_inner,True,1.0,0.521472392638038,0.6478577489814537,0.7480686807230605
61786,rolamento_ball,rolamento_ball,True,0.6,0.0797546012269954,0.7342585093986255,0.9836952481792424
164426,rolamento_inner,rolamento_inner,True,1.0,0.04564315352697068,19.781843854457748,26.906545344433546
111286,correia,correia,True,0.4,0.06748466257668684,0.46066380759338327,0.6574345428918068
124383,ventoinha,cocked_rotor,False,0.4,0.06639004149377598,0.6586990049605727,0.8445713310064994
109331,correia,correia,True,1.0,0.0,0.5163669514279976,0.6785050698606995
45750,rolamento_outer,rolamento_combination,False,0.6,0.024813895781638173,0.7062357026993717,0.9043361186708281
151266,normal,desbalanceado,False,0.4,0.0,0.8348302140405529,1.0892720442289034
64766,rolamento_ball,rolamento_ball,True,1.0,0.018404907975460794,0.5415207708522334,0.7069758989174325
57779,rolamento_inner,rolamento_inner,True,1.0,0.760799949592119,0.8638028862577938,0.9724818564562784
41317,cocked_rotor,cocked_rotor,True,0.4,0.01985111662531064,0.6066512725808149,0.8228669396422789
69710,rolamento_inner,rolamento_inner,True,1.0,0.0,0.6028090673666913,0.8278483521708997
128049,polia,eccentric_rotor,False,0.6,0.8638678510445235,0.9289792761867407,0.9925758416437085
149618,desalinhado,desalinhado,True,1.0,0.06134969325153461,0.6078507800388351,0.8022854661231943
112985,cocked_rotor,cocked_rotor,True,1.0,0.0,0.49050094020256807,0.8175015670042801
146439,correia,correia,True,1.0,0.0322580645161288,0.4552125806783985,0.6006172589561739
56454,rolamento_inner,rolamento_inner,True,1.0,0.6070101569812568,0.6852296469645349,0.7540613008063051
142338,rolamento_combination,rolamento_combination,True,1.0,1.149369875831726,1.3004029765787606,1.4350971608140126
155722,normal,rolamento_outer,False,0.8,0.02904564315352709,0.45143238989371337,0.6289816324275455
155238,normal,rolamento_outer,False,0.8,0.7478124294711318,0.8365535480505084,0.9295413135226555
47873,rolamento_outer,rolamento_outer,True,1.0,0.018404907975458684,0.6287196692484156,0.8271081333099027
124553,ventoinha,cocked_rotor,False,0.8,0.12033195020747,0.6355672181736634,0.7911841151346735
5056,desbalanceado,desbalanceado,True,1.0,1.5391587013212806,1.721761006667986,1.868915034306563
174396,cocked_rotor,cocked_rotor,True,0.6,0.9634322839929821,1.1546558080189204,1.2965116812702773
126593,polia,polia,True,0.8,0.5092024539877315,0.8214613407854499,0.9458668260817074
28262,eccentric_rotor,eccentric_rotor,True,1.0,0.9171100914498089,0.994149951008044,1.0168048928332363
66416,rolamento_ball,rolamento_ball,True,0.6,0.26556016597510396,1.1344736183405806,1.3831931486273266
161665,desalinhado,eccentric_rotor,False,0.6,0.7438580319379026,0.8356241912991594,0.8755680436729681
178631,desbalanceado,desbalanceado,True,1.0,0.5755926756524973,0.725071536483625,0.8110574742785548
91714,polia,rolamento_ball,False,0.6,0.04466501240694785,0.49867466070336086,0.6690852987529422
156932,normal,desalinhado,False,0.8,0.14110429447852796,0.6089975836909797,0.7694699334112313
45075,rolamento_outer,rolamento_outer,True,0.4,0.03225806451612881,0.49011638079485537,0.681528386697465
112866,cocked_rotor,cocked_rotor,True,1.0,0.0,0.32855624097403774,0.6041978535191582
38568,cocked_rotor,correia,False,0.8,0.3374233128834363,0.6265895680832889,0.7120209158710245
106763,correia,correia,True,1.0,0.09543568464730162,0.8357114653795759,1.1391551297995135
117834,eccentric_rotor,eccentric_rotor,True,0.6,0.6795553273336867,0.8624527601854934,0.9915607516142285
143853,rolamento_combination,rolamento_combination,True,1.0,0.44785276073619673,0.6672686689700325,0.7702097231851089
8811,desbalanceado,desbalanceado,True,1.0,0.7478746192534302,0.7714329195374472,0.7986072898778878
4898,desbalanceado,desbalanceado,True,1.0,0.0,1.31536849920368,2.1730312796489164
149730,desalinhado,desalinhado,True,0.8,0.873273096677132,1.044599564027886,1.1891913841300894
42770,rolamento_outer,rolamento_outer,True,1.0,0.012448132780083498,0.5864278243526334,0.7360868979701913
75677,rolamento_combination,rolamento_combination,True,0.4,0.012406947890819045,0.5106187648164376,0.6661825291134391
2485,normal,normal,True,1.0,0.8087522650521771,0.8288460602596743,0.8586544394670498
85112,polia,polia,True,0.6,0.019851116625310583,0.5408541640828946,0.6868278316129075
136007,rolamento_ball,rolamento_ball,True,0.6,0.0,0.5196122962695945,0.6637252233202116
52129,rolamento_outer,rolamento_outer,True,0.6,0.0,0.6440364241741852,0.8384657006072229
153208,desalinhado,desalinhado,True,0.6,0.027295285359801358,0.6504777657159053,0.8415231037011967
178025,desalinhado,desalinhado,True,0.6,0.995122892599113,1.2206792377591489,1.404805002306125
98795,ventoinha,ventoinha,True,1.0,0.0,0.45558746238923203,0.6218628607280325
139418,rolamento_outer,rolamento_outer,True,1.0,0.23651452282157687,0.6269158187597786,0.7661387505812249
113210,cocked_rotor,cocked_rotor,True,1.0,0.0,0.4596799231094192,0.7511677256038854
92458,polia,rolamento_inner,False,0.4,0.7872259170393325,0.8341006703866395,0.8664712848284937
9606,normal,normal,True,1.0,0.007444168734490719,0.5128262208179344,0.7220293870792148
13068,desbalanceado,desbalanceado,True,1.0,0.7345669990270279,0.8198359330438214,1.000917132833625
125665,ventoinha,ventoinha,True,1.0,0.09202453987730197,0.5531578635844038,0.7146340656625577
107024,correia,correia,True,1.0,0.3319502074688785,0.8353919594715478,1.0207204703939574
167305,rolamento_inner,rolamento_inner,True,1.0,0.049079754601228154,1.9212823315084382,2.827882276013856
89593,polia,polia,True,1.0,0.030674846625767326,0.41759332798199644,0.5298905215503815
150030,desalinhado,desalinhado,True,1.0,0.5582822085889575,1.228834995619093,1.5855340679574919
75201,rolamento_combination,rolamento_combination,True,1.0,1.5839637923245196,1.6007731270850687,1.6201749817659894
158955,desalinhado,desalinhado,True,0.4,0.15352697095435577,1.3467410835133649,1.862765578007514
121125,desbalanceado,desbalanceado,True,0.8,0.04564315352697068,0.5213988480473951,0.6837041731733585
10810,desbalanceado,desbalanceado,True,1.0,0.7177196619309931,0.7917185454255631,0.902742322575898
36290,cocked_rotor,cocked_rotor,True,0.6,0.03970223325062042,0.5876106976294456,0.7271166416713571
108354,correia,correia,True,1.0,0.029045643153525535,0.5704071507358955,0.7166775814247456
101267,ventoinha,ventoinha,True,1.0,0.695814317713834,0.72484976487183,0.7569360960764175
62936,rolamento_ball,ventoinha,False,0.4,0.06947890818858582,0.9567757047160674,1.214434534386293
65356,rolamento_ball,rolamento_ball,True,1.0,0.15337423312883447,0.8047236310350858,1.027567201012673
167591,teste,teste,True,1.0,10.001735682472658,11.413019324494005,15.918299752004629
144876,correia,correia,True,1.0,0.3374233128834363,0.8137498481094569,0.9554781158809158
73818,rolamento_combination,rolamento_combination,True,0.6,0.0,1.0174884286358885,1.3298009252644087
156841,normal,normal,True,0.6,0.5445855914051115,0.5937661028443237,0.619477795055479
149473,desalinhado,desalinhado,True,0.6,0.0,0.5612757710347076,0.7582053885667335
99588,ventoinha,ventoinha,True,1.0,0.0,0.7845612594720545,1.1831920669543585
106301,correia,correia,True,0.8,0.04962779156327535,1.08375334739987,1.3711290154410916
81428,rolamento_ball,correia,False,0.4,0.03722084367245626,0.5887337523630953,0.772448271149713
43393,rolamento_outer,rolamento_outer,True,0.8,0.5238402260195628,0.6086119552519331,0.649244982646821
86026,polia,polia,True,1.0,1.0796633020536104,1.2074733133496702,1.2998905297899324
122864,desbalanceado,desbalanceado,True,1.0,0.1779141104294496,0.6499862912300995,0.8579730897181844
160021,desalinhado,desalinhado,True,0.6,0.3617369291564698,0.4511279610200793,0.49460555793106764
26623,eccentric_rotor,eccentric_rotor,True,0.8,0.1637717121588091,0.5873925341194368,0.7753588566763114
80673,rolamento_ball,rolamento_ball,True,0.6,0.0,0.7259236447345897,0.9573838445566907
152187,normal,normal,True,0.8,0.0,0.4900839633540534,0.6518574925576733
73861,rolamento_combination,rolamento_combination,True,0.6,0.00829875518672174,0.8958540093765684,1.150894280365994
63058,rolamento_ball,rolamento_ball,True,0.4,0.8949553817198831,1.0347778984319715,1.1733379240859625
139906,rolamento_ball,rolamento_ball,True,1.0,1.149907251610282,1.4301630678434354,1.5986708808685963
46489,rolamento_outer,rolamento_outer,True,0.4,0.14640198511166258,0.8759215395905834,1.2144341215036776
152183,normal,normal,True,0.4,0.047146401985111996,0.579477453900821,0.7498324537067911
24695,eccentric_rotor,eccentric_rotor,True,1.0,0.3619631901840492,0.8694691466988227,1.0575348463809997
78068,rolamento_combination,rolamento_combination,True,0.6,0.2572614107883821,0.6557791620630793,0.7652353184434341
23347,eccentric_rotor,eccentric_rotor,True,0.6,0.007444168734490719,0.6183251400802178,0.8033525953400888
107548,correia,correia,True,1.0,0.020746887966804906,0.7700878580016081,1.0749841309339208
70860,rolamento_combination,rolamento_combination,True,0.8,0.12269938650306722,1.2226504056563017,1.5315404044728278
73884,rolamento_combination,rolamento_ball,False,0.6,0.06224066390041583,0.8491897060873633,1.1800449019590669
161039,desalinhado,polia,False,0.6,0.5657022415662215,0.713124762248021,0.7978409318601553
86219,polia,polia,True,1.0,0.0746887966804978,0.6447710583894231,0.8681235911105918
165967,desbalanceado,desbalanceado,True,1.0,0.05955334987593017,1.3725745889063612,1.782471684410219
52453,rolamento_outer,rolamento_outer,True,0.6,0.22821576763485357,0.5358119164453194,0.7043109740945102
50243,rolamento_outer,rolamento_outer,True,0.6,0.012269938650306511,0.606186721128849,0.8010099942082006
121670,desbalanceado,desbalanceado,True,0.6,0.02904564315352709,0.47915851728306835,0.616185295817782
166555,rolamento_ball,rolamento_ball,True,1.0,0.11166253101736963,2.343919459831943,3.0013487856756327
39532,cocked_rotor,polia,False,0.6,0.008298755186723517,0.8602482305417392,1.1908397394006407
125397,ventoinha,ventoinha,True,1.0,0.5373570968180313,0.5889376158068113,0.664478208505917
54547,rolamento_inner,rolamento_inner,True,1.0,0.17866004962779225,0.911485893100892,1.1111620085559093
36896,cocked_rotor,cocked_rotor,True,0.6,1.0609551253226392,1.2056088744978901,1.2877703948111874
32749,eccentric_rotor,cocked_rotor,False,0.6,0.07692307692307665,0.6136437839952698,0.8174356537290346
26473,eccentric_rotor,ventoinha,False,0.4,1.1789945447068093,1.1960302964687193,1.245808265293762
25270,eccentric_rotor,eccentric_rotor,True,1.0,0.28834355828221014,0.7949978778259231,0.9504703865365992
141915,rolamento_combination,rolamento_combination,True,0.8,0.012406947890819031,0.7069126123672673,0.9061668464233872
133009,rolamento_outer,rolamento_outer,True,0.4,0.004962779156327479,0.7013260427935559,0.9010008460681983
106460,correia,correia,True,1.0,0.0,0.4724923345691073,0.7343615853709866
55048,rolamento_inner,cocked_rotor,False,0.6,0.03970223325062039,0.669993807285139,0.8779427678042786
120040,desbalanceado,desbalanceado,True,1.0,0.049627791563275236,0.7814389654166733,1.0416071554830089
95131,ventoinha,ventoinha,True,1.0,0.01985111662531064,0.7004480048066404,0.9173916077200087
103094,correia,normal,False,0.8,0.4601226993865034,0.5913591352805379,0.6524500437202424
106530,correia,correia,True,1.0,0.8448051374612188,0.9739572696819477,1.0503966408760599
139160,rolamento_outer,cocked_rotor,False,0.6,0.6645775831741534,0.6878681882768316,0.7124184253189494
41437,cocked_rotor,polia,False,0.4,0.5969877184115846,0.6368170031208152,0.6668389351503475
168210,rolamento_outer,rolamento_outer,True,1.0,0.0,3.53689303197907,4.772068446300477
93678,ventoinha,ventoinha,True,1.0,0.5601613306820253,0.6352039545388517,0.745310816626262
150723,normal,ventoinha,False,0.4,0.8643348125804459,0.9157414237429524,0.9470756744534666
90932,polia,polia,True,1.0,0.43712068411985866,0.6343129396198897,0.755805534979969
170926,cocked_rotor,cocked_rotor,True,0.8,1.2924534200781301,1.5276435942444866,1.6971084880073586
4399,desbalanceado,desbalanceado,True,1.0,0.6416735225069504,0.8695382209988483,1.0759420340726435
87102,polia,polia,True,1.0,0.05394190871369253,0.9871369004159256,1.421647267037586
102030,ventoinha,ventoinha,True,0.6,0.0,0.5045904970688101,0.674895908313898
5529,desbalanceado,desbalanceado,True,1.0,1.2521146978293707,1.6780356546040676,2.2618679979898344
2875,normal,normal,True,1.0,0.008298755186723294,2.4281118560140307,3.2172746785683164
177768,normal,normal,True,1.0,1.558900467788001,2.240516520857365,2.6079713097046486
128860,polia,polia,True,0.6,0.17866004962779225,0.6647665302660443,0.8736501959417204
129826,rolamento_inner,rolamento_inner,True,0.6,0.027295285359801358,0.7115289375713857,0.9403188937721282
47691,rolamento_outer,rolamento_outer,True,0.8,0.28834355828220803,0.6110928690063432,0.7797858722155184
118564,eccentric_rotor,eccentric_rotor,True,1.0,0.2883435582822081,0.7127540662355373,0.8693081393111285
164862,normal,normal,True,0.6,3.0525009007852884,3.3357042065004,3.5039653585055266
153455,desalinhado,desalinhado,True,0.6,0.0,0.5486109556892963,0.6971819908414572
80557,rolamento_ball,cocked_rotor,False,0.6,1.140908645431746,1.3357707792621145,1.6788149404734116
26374,eccentric_rotor,desalinhado,False,0.4,0.6588985788883617,0.6993699667915141,0.7493518042297993
46614,rolamento_outer,rolamento_outer,True,1.0,0.6957504698784268,0.7716041002907293,0.8545571565950664
129980,rolamento_inner,rolamento_inner,True,0.8,0.8774178056156132,0.9713087295466847,1.1073552653735745
131949,rolamento_inner,rolamento_inner,True,1.0,0.049079754601228154,0.6911578056961833,0.8890254365783818
8189,desbalanceado,desbalanceado,True,0.4,0.07468879668049788,1.5436663145713965,2.0114562764757067
55590,rolamento_inner,rolamento_inner,True,1.0,0.7789358754388511,0.8307661588662996,0.8718038135243521
176215,rolamento_inner,rolamento_inner,True,0.4,1.538407399805724,1.775258784603902,1.9067198875035598
95639,ventoinha,ventoinha,True,0.8,0.08713692946058138,0.9106711496624424,1.1773686145935427
159030,desalinhado,desalinhado,True,0.4,0.6643158850942126,0.7378349297445309,0.8107888104761831
22640,eccentric_rotor,correia,False,0.6,0.05394190871369253,0.7259401315325804,0.9589357571221626
135221,rolamento_outer,rolamento_outer,True,1.0,0.6393444210010106,0.7511257714836503,0.838197432312845
112423,cocked_rotor,cocked_rotor,True,1.0,0.1901840490797561,0.5141041487044788,0.6764215598954784
8838,desbalanceado,desbalanceado,True,1.0,0.2392638036809822,1.058524200255815,1.2778496413761817
99175,ventoinha,ventoinha,True,1.0,0.6445917925988196,0.694075506037686,0.7972144426214213
129916,rolamento_inner,rolamento_inner,True,1.0,0.024813895781638062,0.8289620001323346,1.0367480781831384
32199,eccentric_rotor,eccentric_rotor,True,1.0,0.03067484662576514,0.6604583043508199,0.8350450904699462
37121,cocked_rotor,cocked_rotor,True,0.4,0.0,0.7141691527993341,0.9225185199512715
140096,rolamento_ball,rolamento_ball,True,1.0,0.030674846625767305,0.8178262114173662,1.058168830109743
143710,rolamento_combination,rolamento_combination,True,0.8,0.8478971358231037,0.9897531442363089,1.1642806313769358
60656,rolamento_inner,rolamento_inner,True,1.0,0.01244813278008347,0.7925971889298546,1.0405139709773208
46629,rolamento_outer,rolamento_outer,True,1.0,0.03319502074688874,0.8386690395073509,1.0810945261437308
105457,correia,correia,True,1.0,0.05394190871369253,0.802867111848151,1.1781014192788486
29483,eccentric_rotor,cocked_rotor,False,0.6,0.7206268725442867,0.7802134393407943,0.8468143682879801
109253,correia,correia,True,1.0,1.226843805823884,1.4490180685620617,1.5814885373468581
170227,rolamento_ball,rolamento_ball,True,1.0,1.6379375630496522,2.209040776972263,2.7106462344106412
56944,rolamento_inner,rolamento_inner,True,0.6,0.6246109509510451,0.9153545983315808,1.1293839326338346
71935,rolamento_combination,rolamento_combination,True,0.8,0.0,0.5060489101621977,0.6506070044898861
148455,desalinhado,desalinhado,True,0.8,0.03319502074688718,0.7429249466899369,0.949974755601534
66402,rolamento_ball,cocked_rotor,False,0.4,0.7668868792181205,0.8035721107828506,0.8309756680145182
25556,eccentric_rotor,eccentric_rotor,True,1.0,0.018404907975458684,0.3773447377141676,0.6020209325132658
162344,rolamento_combination,rolamento_combination,True,1.0,1.030903014886286,1.049816251654349,1.0845933379773782
130180,rolamento_inner,rolamento_combination,False,0.6,0.01985111662531064,1.2023840117602849,1.5014925575056455
90562,polia,polia,True,1.0,0.9880297046808895,1.0912703819311083,1.2415176590285986
142031,rolamento_combination,rolamento_outer,False,0.6,0.8086117601306768,0.8496453513246964,0.8953245251652476
61593,rolamento_ball,rolamento_ball,True,0.6,0.0613496932515345,0.8093325711273932,1.0539431225517577
32299,eccentric_rotor,eccentric_rotor,True,1.0,0.15950920245398661,0.6520480034088681,0.7968483626904506
139380,rolamento_outer,rolamento_outer,True,0.4,0.9338064052814758,0.9839052853489871,1.0136292750073082
118424,eccentric_rotor,eccentric_rotor,True,1.0,0.06748466257668684,0.5092045944399862,0.6347741245847056
59819,rolamento_inner,rolamento_inner,True,0.8,0.0,0.5225819306707402,0.9203925087367519
175190,eccentric_rotor,cocked_rotor,False,0.4,1.3772333147220923,1.4238184848640763,1.4754217854027192
105122,correia,correia,True,1.0,0.10788381742738505,0.7467997857611216,0.9680610735204149
45817,rolamento_outer,rolamento_outer,True,0.8,0.7480596081664191,0.8081819049073473,0.861354333447069
153190,desalinhado,desalinhado,True,1.0,0.6364659645361521,0.6898084551229132,0.7269245277985183
104850,correia,correia,True,0.6,0.8944087897299886,0.9061759322191477,0.9162246326117365
38807,cocked_rotor,cocked_rotor,True,0.6,0.018404907975460905,0.6739224688595594,0.8616512507470638
37828,cocked_rotor,cocked_rotor,True,1.0,0.6997997993452917,0.8892501721839888,0.9788467269522614
104260,correia,correia,True,1.0,0.024813895781637202,0.681695075571153,0.8799274903058516
69182,rolamento_inner,rolamento_ball,False,0.4,0.9997386039891726,1.0515970845401488,1.1118255066700538
157445,normal,desalinhado,False,0.6,0.04907975460122599,0.4700173582309682,0.6206833537288241
153996,desalinhado,desalinhado,True,1.0,0.07940446650124078,0.5630959252578547,0.7447103773232335
68124,rolamento_inner,cocked_rotor,False,0.6,0.6952444367654805,0.7114600875073261,0.7308021914145668
86551,polia,polia,True,1.0,0.012448132780082055,0.9365506420342304,1.2239781661288
72134,rolamento_combination,rolamento_combination,True,0.6,0.0,0.8805366441563457,1.1728239022429037
116127,eccentric_rotor,desalinhado,False,0.6,0.012406947890819059,0.6002328254605118,0.8527739242386378
170760,eccentric_rotor,rolamento_outer,False,0.4,0.9463567201885643,1.2532276952644117,1.4642222297774419
162040,ventoinha,polia,False,0.4,0.012406947890818164,0.49123708537213834,0.673541476076357
47158,rolamento_outer,rolamento_outer,True,0.8,0.5907805135136318,0.6881814347233467,0.787309793660102
32789,eccentric_rotor,eccentric_rotor,True,0.4,0.10421836228287801,0.5019249112942665,0.7570706820937192
64883,rolamento_ball,rolamento_outer,False,0.6,0.7455458153116027,0.7509514014354675,0.7535485321203519
6788,normal,normal,True,0.8,1.0427249374528105,1.0792142684400619,1.1370708562813128
33720,cocked_rotor,cocked_rotor,True,1.0,0.2208588957055212,0.6464172061962321,0.7713093479723451
121856,desbalanceado,ventoinha,False,0.4,0.08713692946058127,0.7823774030714542,0.9765239844083435
23991,eccentric_rotor,eccentric_rotor,True,0.8,0.8964035486844821,0.9719128114675362,1.0292676917439552
131203,rolamento_inner,rolamento_inner,True,1.0,0.012448132780083498,0.8419517685186533,1.164747404955737
1776,normal,normal,True,1.0,0.012406947890819031,0.6925831687822432,1.0656098934005536
7407,desbalanceado,normal,False,0.8,0.7374667866917332,0.8237652680951395,0.9287880896416769
5375,desbalanceado,desbalanceado,True,1.0,1.0514267568983857,1.7455257605960672,2.1576193114614743
10157,normal,normal,True,1.0,0.5132062545641517,0.7438082757803433,0.8971812491332799
155605,normal,rolamento_inner,False,0.4,0.0,0.6502634431995465,0.8292085513583138
168191,desbalanceado,normal,False,0.6,0.720171957270356,0.8620761683925121,1.0327166551206777
157331,normal,desalinhado,False,0.6,1.0976978994820106,1.1838299769962481,1.2653290790187293
127588,polia,polia,True,0.6,0.17427385892116254,0.5276856309390354,0.720128412354102
29555,eccentric_rotor,desalinhado,False,0.6,0.9509844840277837,0.9778979387373848,1.0432535482098884
22748,eccentric_rotor,ventoinha,False,0.6,0.7685159969725596,0.8219674098919982,0.8415981001798953
153215,desalinhado,desbalanceado,False,0.4,0.17121588089329975,1.175116156045017,1.5256986631461666
8998,normal,eccentric_rotor,False,0.6,0.11618257261410836,0.530680939377854,0.6812409604372226
148968,desalinhado,desalinhado,True,0.6,0.16182572614107904,0.5839964929796476,0.7626969508472794
37691,cocked_rotor,cocked_rotor,True,0.6,0.4888380254623998,0.5619358535444564,0.6689225160632524
9775,normal,normal,True,1.0,0.004962779156327479,0.7281870905265905,0.9658376103380388
140121,rolamento_ball,rolamento_ball,True,1.0,0.1779141104294475,0.6698738081954054,0.8341392203766814
89329,polia,polia,True,1.0,0.8137111178510651,0.8334267351119138,0.8546628670925256
178794,desbalanceado,desbalanceado,True,1.0,1.2119568469355921,1.4346471935932936,1.6460662673420217
153851,desalinhado,desalinhado,True,0.8,0.0,0.5573571747682812,0.7660836749475596
87332,polia,polia,True,1.0,0.02074688796680524,0.8019591743935933,1.0051243640274525
45046,rolamento_outer,rolamento_ball,False,0.6,0.1439205955334984,0.5918701509851746,0.7583405552896724
154947,normal,normal,True,0.4,0.06947890818858504,0.607437208822527,0.8002367549987919
87718,polia,polia,True,1.0,0.007444168734490719,0.6065934147683667,0.8472743556982827
151865,normal,normal,True,0.6,0.012406947890819031,0.4620922621419975,0.6421116721857495
164136,desbalanceado,desbalanceado,True,1.0,1.2974203818116041,1.4679710484114414,1.645726412232485
156673,normal,normal,True,0.8,0.07975460122699331,0.6348836611806635,0.8767486695399973
81995,rolamento_ball,rolamento_combination,False,0.6,0.6499556296425276,0.6798703766507093,0.7116534607104263
79683,rolamento_combination,rolamento_combination,True,0.6,0.03319502074688724,0.5133562056146962,0.6592520103792405
171130,normal,normal,True,0.8,0.9051391218354662,0.9770987456981818,1.1289492540675383
85750,polia,polia,True,1.0,0.8076361810652287,0.9890428889447194,1.06301297639082
83931,rolamento_ball,rolamento_ball,True,0.4,0.7598223851336177,0.8810748430688756,0.9382982775491011
23786,eccentric_rotor,eccentric_rotor,True,1.0,0.0,0.560102806893243,0.7304694026399826
26405,eccentric_rotor,eccentric_rotor,True,0.8,0.09181141439205986,0.6984199961900671,0.955390743897748
119147,desbalanceado,desbalanceado,True,1.0,0.004962779156328312,0.58413748427108,0.7927568805501711
28549,eccentric_rotor,eccentric_rotor,True,0.8,1.1185304206077074,1.241779951785003,1.3907994815220828
75387,rolamento_combination,rolamento_combination,True,1.0,1.0465079582609242,1.0602506631352149,1.075947910012446
75641,rolamento_combination,polia,False,0.4,0.0,0.7421693171109014,0.9553713531237841
46282,rolamento_outer,rolamento_outer,True,0.4,0.012406947890818865,1.0465810708563468,1.4105930951156673
144379,correia,normal,False,0.6,0.012269938650306456,0.7294884822997826,1.033156360497571
126940,polia,polia,True,1.0,0.020746887966805266,0.830504963504748,1.1277461372206687
34199,cocked_rotor,cocked_rotor,True,1.0,0.5614612348337605,0.6295148385410176,0.6691177040167846
8019,desbalanceado,desbalanceado,True,1.0,0.05809128630705418,1.507325641555929,1.9536474060493694
40517,cocked_rotor,polia,False,0.6,1.02774761118941,1.0409775000668025,1.0524617504888714
3966,normal,normal,True,1.0,0.03067484662576736,0.569893135536535,0.7644283642469256
74521,rolamento_combination,rolamento_ball,False,0.6,0.02074688796680535,0.6540042136882714,0.8391415072238552
26964,eccentric_rotor,eccentric_rotor,True,0.6,0.05394190871369253,0.6775486918844162,0.9031660592442378
131419,rolamento_inner,rolamento_inner,True,1.0,0.30674846625766883,0.9874973870901176,1.1782657861297425
52590,rolamento_inner,rolamento_inner,True,0.6,0.03067484662576736,0.5796136937510715,0.8025191045311909
134701,rolamento_outer,rolamento_outer,True,1.0,0.0797546012269933,0.677428732881926,0.8486467997712828
27879,eccentric_rotor,eccentric_rotor,True,1.0,0.0,0.8961412615285653,1.1418126146690222
33242,eccentric_rotor,normal,False,0.8,0.047146401985111996,0.8614020231945844,1.1911892874546797
87761,polia,cocked_rotor,False,0.4,0.10421836228287804,0.8003906132162595,1.0502514111270171
44917,rolamento_outer,rolamento_outer,True,0.6,0.18858560794044715,0.7486502121374425,0.9567383815504831
142012,rolamento_combination,rolamento_inner,False,0.6,1.35234270405253,1.4045591235695218,1.4689651782593325
180468,desbalanceado,desbalanceado,True,1.0,1.0386253677308932,1.2375912428725953,1.3871997289787803
146713,correia,correia,True,1.0,0.1042183622828789,0.5497057122898129,0.6815017101850637
44281,rolamento_outer,rolamento_outer,True,1.0,0.0,0.6728672274965273,0.865358810597869
166536,rolamento_ball,rolamento_ball,True,1.0,0.019851116625309764,2.435765016180477,3.444607692340973
156486,normal,normal,True,0.6,0.14723926380368013,0.7664233137654956,0.9394919147319396
147719,desalinhado,desalinhado,True,0.4,0.6978719452758496,0.9095739933367788,1.0224688931332229
178307,desalinhado,desalinhado,True,1.0,1.4466326943703054,1.5532896196932195,1.6483603549261332
101463,ventoinha,ventoinha,True,1.0,0.0,0.37869162034160037,0.5020763229227917
164798,normal,normal,True,1.0,0.22332506203473923,1.2764327913003943,1.721330608153926
115931,eccentric_rotor,eccentric_rotor,True,0.8,0.0,0.7425273733492765,0.9645456241335207
168325,rolamento_outer,teste,False,0.6,2.5121192336777227,3.4815915374936113,4.441556855077419
145724,correia,cocked_rotor,False,0.6,0.6103361639155991,0.7828997619153528,0.907786528061727
86100,polia,polia,True,1.0,0.17427385892116254,0.8130359904200148,1.0474409551252604
33091,eccentric_rotor,ventoinha,False,0.6,0.7207116428387238,0.7637208085822904,0.8044960616456419
45866,rolamento_outer,rolamento_outer,True,0.4,0.0,1.30591947032398,1.8688180556091032
53332,rolamento_inner,rolamento_inner,True,0.6,0.042944785276073816,0.5863696723143045,0.8286293146643002
5500,desbalanceado,desbalanceado,True,0.8,0.04466501240694787,1.5639962096703859,2.0343733149066003
52173,rolamento_outer,rolamento_outer,True,1.0,0.701448689716954,0.7582256472810895,0.7910985858509093
166604,rolamento_inner,rolamento_inner,True,1.0,1.3202980533946085,1.5964652544615805,1.690136211948055
51423,rolamento_outer,rolamento_inner,False,0.6,0.03970223325062041,0.8094838097852932,1.0041653320478807
11415,desbalanceado,desbalanceado,True,0.4,0.37344398340249063,0.8215573591248135,0.9725476999206529
2801,normal,normal,True,1.0,0.0,1.4678266036598973,1.9575095372206655
114213,cocked_rotor,cocked_rotor,True,0.6,0.08713692946057977,0.6820684594339579,0.9170194338542255
4105,normal,normal,True,1.0,1.1131577520914824,1.4190832745316944,1.524308953326741
161533,desalinhado,desalinhado,True,0.8,0.018404907975458684,0.4594272599241041,0.5981770927419542
88154,polia,polia,True,0.6,0.03225806451612881,0.6707675990374942,0.8743601968427077
179379,normal,normal,True,0.8,0.5676639013982117,0.7265761340068035,0.7736168499963719
42285,cocked_rotor,cocked_rotor,True,0.6,0.22406639004149342,0.7210252269848756,0.8768360010515204
34992,cocked_rotor,cocked_rotor,True,0.6,0.12863070539419036,0.6582809184423882,0.8074779079175037
72320,rolamento_combination,rolamento_outer,False,0.6,1.4451793279205913,1.5240858290781303,1.5982580320407438
96642,ventoinha,ventoinha,True,0.6,0.5023842137141562,0.6723527118890849,0.7541402102222928
107699,correia,correia,True,0.8,0.8127249325653592,0.8839033116655589,0.9354448527598338
163517,eccentric_rotor,polia,False,1.0,0.996952413916739,1.0785498056972262,1.1991329818355172
6225,normal,correia,False,0.6,0.06134969325153239,0.7934277947679901,1.0112527579005317
167260,rolamento_inner,rolamento_inner,True,1.0,0.0,1.181264649252205,1.7869350931102894
60651,rolamento_inner,rolamento_inner,True,1.0,0.5589084930688725,0.6818700890169513,0.7646708190036681
144718,correia,correia,True,1.0,0.06748466257668678,0.6637011521164051,0.8403224592487982
121415,desbalanceado,ventoinha,False,0.4,0.6900104509723218,0.8868016559158258,0.9691854775249181
24068,eccentric_rotor,eccentric_rotor,True,1.0,0.0797546012269933,0.7525726589937488,0.978155735263899
169428,normal,normal,True,1.0,0.0,1.0245697508408829,1.3736045289643395
38065,cocked_rotor,rolamento_outer,False,0.6,0.6102537861637354,0.6439657326028365,0.6760207835298707
34988,cocked_rotor,cocked_rotor,True,0.4,0.8049214429068421,0.8599277822586245,0.9352979227951987
8678,desbalanceado,desbalanceado,True,1.0,0.6005115392986763,0.777772115189509,0.9413466678165382
89053,polia,polia,True,1.0,0.5626259975677214,0.5763249768693576,0.5992474651248386
79166,rolamento_combination,rolamento_combination,True,1.0,0.0613496932515325,0.9126994829609003,1.220599197362622
181268,falta_fase,falta_fase,True,0.8,2.209925997382506,2.3620472628851643,2.4827634062107014
163948,normal,normal,True,1.0,1.9453381706908035,2.2459958220026675,2.6486486223384915
72100,rolamento_combination,rolamento_combination,True,0.4,0.0,0.5646566678630085,0.770518740270101
63778,rolamento_ball,rolamento_combination,False,0.6,0.10788381742738506,0.6454177967530953,0.8328847920399965
106952,correia,correia,True,1.0,0.563461698871469,0.6768701510301158,0.7565317665490797
140677,rolamento_ball,rolamento_inner,False,0.8,1.0177797973054497,1.047703649783314,1.0789839863481654
162963,rolamento_inner,rolamento_outer,False,0.4,0.0,0.53417334376153,0.816009180475917
43497,rolamento_outer,rolamento_inner,False,0.4,0.012269938650306511,1.1315947096298529,1.4428509502219364
9988,normal,normal,True,1.0,0.5843236190198368,0.7002045391710874,0.7890490117305231
23895,eccentric_rotor,eccentric_rotor,True,1.0,0.4110429447852774,0.6588343048464131,0.8151068908888245
49528,rolamento_outer,rolamento_outer,True,0.6,0.34969325153374275,0.5650052516459951,0.7050772636931715
63845,rolamento_ball,correia,False,0.4,0.4772699792797485,0.6987111231071473,1.0108976058891452
36116,cocked_rotor,cocked_rotor,True,0.8,0.01985111662530975,1.0387445114249025,1.4845235267197272
124138,ventoinha,desalinhado,False,0.6,0.6541730704040577,0.7165703507914494,0.7944897033007702
37180,cocked_rotor,rolamento_inner,False,0.6,0.07692307692307765,1.1727415813720092,1.6298060345051821
85565,polia,normal,False,0.6,0.6530388899135622,0.7542167000133037,0.7920795654734573
28547,eccentric_rotor,eccentric_rotor,True,0.4,0.017369727047146455,0.7193120581369149,0.9770853842346234
96292,ventoinha,polia,False,0.6,1.0255566911063085,1.4864583866822187,1.7478231852877586
4891,desbalanceado,desbalanceado,True,1.0,0.05394190871369409,1.2830337955824676,1.7670767406123586
110924,correia,correia,True,1.0,0.6471854416336966,0.7212277035611689,0.8163197689556106
122192,desbalanceado,desbalanceado,True,1.0,0.0,0.5112541436284881,0.667157005291448
63914,rolamento_ball,rolamento_combination,False,0.4,0.012448132780081944,0.6413032923820732,0.916010390813571
6646,normal,normal,True,0.4,0.09543568464730312,1.3380978850255736,1.730631743407291
59138,rolamento_inner,rolamento_inner,True,1.0,0.30674846625766894,0.465934630056749,0.5462087665308836
112642,cocked_rotor,cocked_rotor,True,1.0,0.0,0.5769013460208535,0.9529797149116991
168206,desbalanceado,rolamento_inner,False,0.4,0.0,1.2109894792804519,1.575679866451799
140270,rolamento_ball,rolamento_ball,True,1.0,0.9375966726839041,1.032477476972916,1.2436939079393243
56162,rolamento_inner,rolamento_inner,True,1.0,0.0,0.6316084224349648,0.8708203516385735
58225,rolamento_inner,rolamento_inner,True,0.4,0.7719940362228067,0.8156268013566269,0.8587360663039257
155121,normal,polia,False,0.4,0.08188585607940502,0.8193393605106571,1.1850894745196439
59673,rolamento_inner,rolamento_inner,True,0.6,0.057071960297766886,0.5232464780364169,0.6763093352497845
77164,rolamento_combination,cocked_rotor,False,0.4,0.8749910661763924,0.973915543328534,1.0474671963071391
92541,polia,polia,True,0.8,0.14107883817427513,0.911085902329442,1.1777558486995372
76608,rolamento_combination,rolamento_combination,True,0.4,0.10173697270471482,0.5992114414668419,0.8270153129867798
50685,rolamento_outer,rolamento_outer,True,0.4,0.027295285359801365,0.6279895396628895,0.8377955793257331
65788,rolamento_ball,rolamento_ball,True,1.0,0.02074688796680524,0.715605988712747,0.9297779310343214
121008,desbalanceado,ventoinha,False,0.8,0.19087136929460619,0.8164509922532807,1.0493700308518026
77456,rolamento_combination,polia,False,0.8,0.04466501240694787,0.8158672439868756,1.0566261057541158
56209,rolamento_inner,rolamento_inner,True,1.0,0.7202312510482298,0.795762247131349,0.8295276928670261
103195,correia,correia,True,0.6,0.6528375576098998,0.7778962395270892,0.8724006836659774
95706,ventoinha,ventoinha,True,0.4,0.2946058091286311,0.8968701549812297,1.083373380849988
87914,polia,rolamento_inner,False,0.4,0.6110014736190993,0.680453739742635,0.7829923036213483
98077,ventoinha,ventoinha,True,0.6,0.985509504567892,1.106668282705261,1.1853907139598068
39590,cocked_rotor,eccentric_rotor,False,0.8,0.01244813278008361,0.995008300298794,1.3670337173575227
120434,desbalanceado,desbalanceado,True,0.8,0.004962779156327368,0.8207031604522216,1.2055102122421504
122587,desbalanceado,desbalanceado,True,1.0,0.01840490797545863,0.5260396633014343,0.8434448673966273
173782,eccentric_rotor,normal,False,0.6,2.82071168297781,3.059387439399921,3.262003492537083
42501,rolamento_outer,desalinhado,False,0.8,0.04564315352697079,1.0042463848344698,1.2653467478901204
12291,desbalanceado,eccentric_rotor,False,0.6,0.9655800537148962,1.0236948229528942,1.0790940278067132
27937,eccentric_rotor,eccentric_rotor,True,1.0,1.3086489187684378,1.435723629970213,1.535895750077673
23920,eccentric_rotor,eccentric_rotor,True,1.0,0.8020706960775785,0.8621881096155558,0.918406548796771
42818,rolamento_outer,rolamento_outer,True,0.6,0.6975940245010676,0.7319224616273715,0.7573528212278722
85466,polia,rolamento_inner,False,0.4,1.0277201465819956,1.3074227451818323,1.421056968499534
46068,rolamento_outer,rolamento_outer,True,0.6,0.00496277915632759,0.7060653521783216,0.9844489384195824
130139,rolamento_inner,polia,False,0.8,0.7534304493459659,0.8197133102283765,0.8686361554880289
126525,polia,polia,True,1.0,0.6459543592409308,0.9008134509267112,1.0154673030182448
44920,rolamento_outer,rolamento_ball,False,0.8,0.047146401985111136,0.5390866356922961,0.6941033352335347
169424,normal,normal,True,1.0,0.0,1.2955554384416073,1.683405602127732
33268,eccentric_rotor,ventoinha,False,0.4,0.03225806451612884,0.4228849198589705,0.5905241104012281
36143,cocked_rotor,desbalanceado,False,0.6,0.8881885216083276,0.9874694300064506,1.0765894822186002
119108,desbalanceado,desbalanceado,True,0.6,0.5047658975387369,0.592277241878466,0.6578507714228752
92850,polia,polia,True,1.0,0.06639004149377598,0.6867757030086364,0.9725633282398818
169014,normal,normal,True,1.0,0.0,0.7374624246032963,1.087514903039954
28563,eccentric_rotor,eccentric_rotor,True,1.0,0.0,0.774014294291352,1.0328629810424206
11672,desbalanceado,rolamento_outer,False,0.8,0.8469816962198129,0.9603846606107134,1.064735144711051
42613,rolamento_outer,rolamento_outer,True,1.0,0.012448132780083498,0.5484288784948343,0.712258095850136
124424,ventoinha,cocked_rotor,False,0.4,0.020746887966805266,0.5583422891300891,0.7912625528167702
156167,normal,normal,True,0.8,0.9064520267901466,0.9663802624541109,0.9985317034948675
169531,normal,normal,True,0.8,0.9961451369294817,1.0900273368434101,1.1661086478397114
6760,normal,normal,True,0.4,0.012448132780083498,0.6928610818626751,0.909129933814148
62044,rolamento_ball,cocked_rotor,False,0.6,0.8331507176590446,0.8715031240568909,0.9188999460070132
3061,normal,normal,True,1.0,0.8535673315003451,1.22508378309614,1.4364724147229155
124736,ventoinha,ventoinha,True,0.6,0.10788381742738501,0.6560417730187262,0.8008628140662665
127442,polia,polia,True,0.8,0.3941908713692943,1.1706829753019545,1.429368782891619
98828,ventoinha,ventoinha,True,1.0,0.7183968865727894,0.7944149650809829,0.9052054212788254
159006,desalinhado,desalinhado,True,1.0,0.0,0.4780436413807491,0.6532180308861182
147159,correia,correia,True,0.8,0.4561322031896352,0.5204257022577814,0.5711336637999085
33163,eccentric_rotor,eccentric_rotor,True,0.8,0.03970223325062039,0.904494506014202,1.2111889705633172
49245,rolamento_outer,rolamento_outer,True,1.0,0.28834355828221014,0.608382261624714,0.734649157623353
172252,desbalanceado,desbalanceado,True,0.8,1.064650679791566,1.1933638499986623,1.3637630117596353
85930,polia,polia,True,1.0,0.12863070539419033,0.6940614668786399,0.8414947572424383
80193,rolamento_combination,rolamento_combination,True,0.6,0.02074688796680528,0.6173496131615063,0.8062659193315317
154203,desbalanceado,desbalanceado,True,0.6,0.07196029776674917,0.6888630221182931,1.0116643943614732
138631,rolamento_ball,rolamento_ball,True,1.0,0.1472392638036801,0.74838234004265,0.9290599935785278
49908,rolamento_outer,rolamento_outer,True,0.8,0.01840490797546085,0.755923015278726,1.1143022321434328
58180,rolamento_inner,rolamento_inner,True,1.0,1.3837742397529587,1.4624531785725128,1.5463429336186656
104620,correia,correia,True,1.0,0.049792531120332356,0.5694322992530061,0.76531653776817
37408,cocked_rotor,cocked_rotor,True,0.4,0.10421836228287895,0.859840444829984,1.1674673550668475
47479,rolamento_outer,rolamento_outer,True,0.8,0.8364730669948709,0.8490515631695252,0.8591878146171504
68230,rolamento_inner,rolamento_combination,False,0.4,0.17617866004962723,0.5314945622758269,0.6564642147766437
79126,rolamento_combination,rolamento_combination,True,1.0,0.282208588957056,0.7362828076752299,0.9029200087764704
140562,rolamento_ball,rolamento_ball,True,0.8,0.012448132780083498,0.8666596117410231,1.1388820312816028
62991,rolamento_ball,rolamento_outer,False,0.4,0.0,0.5540523878293342,0.739764753397886
176669,normal,rolamento_ball,False,0.8,0.7305935637053829,0.9334931483976103,1.0044779963063244
38173,cocked_rotor,rolamento_outer,False,0.6,0.0,0.586441689934462,0.7729249630462681
34837,cocked_rotor,correia,False,0.6,0.0,0.6766007840845664,0.8637568810733852
40551,cocked_rotor,rolamento_combination,False,0.4,0.004962779156327424,0.5410602758327222,0.7020489678997521
44755,rolamento_outer,rolamento_outer,True,0.6,0.08933002481389657,0.7994513325529427,1.1860501082145516
47535,rolamento_outer,rolamento_outer,True,1.0,0.4993603865204748,0.5999812579610191,0.7011033250494284
24299,eccentric_rotor,eccentric_rotor,True,1.0,0.049079754601228154,0.4817616237982225,0.6540900097247644
6281,normal,correia,False,0.4,0.0,0.5743679701585547,0.7868355784820171
81165,rolamento_ball,rolamento_outer,False,0.4,0.7190558545399357,0.782437651213433,0.8557709855758542
3930,normal,normal,True,1.0,0.0,1.3481337492271597,1.7336470317764383
142756,rolamento_combination,rolamento_combination,True,1.0,0.062240663900414384,0.7406981965383465,0.95813117007194
52884,rolamento_inner,rolamento_inner,True,0.6,0.14110429447852801,1.097092567742799,1.4847720105435782
40473,cocked_rotor,rolamento_outer,False,0.6,0.6921882353288277,0.716592004345431,0.7514730188589079
80458,rolamento_combination,rolamento_combination,True,0.4,1.2755536183177982,1.6535622464590323,1.8120760168436787
64744,rolamento_ball,rolamento_inner,False,0.6,0.012269938650306567,0.6417981184290609,0.8628885424094361
25939,eccentric_rotor,eccentric_rotor,True,0.8,0.03970223325062039,0.8956312773288622,1.1312636459005911
91744,polia,polia,True,0.4,0.03225806451612968,0.645387492912313,0.8745721990415016
10772,desbalanceado,desbalanceado,True,1.0,0.0,0.7585893315340347,0.9952094346298915
80660,rolamento_ball,rolamento_ball,True,0.4,0.1612903225806458,0.5432704077699069,0.7777099388461828
83938,rolamento_ball,rolamento_inner,False,0.4,0.7834422821823372,0.8596343317703864,0.9031215010282355
84761,polia,rolamento_ball,False,0.4,0.8400277783684726,0.8625114088909728,0.9315935154898904
154592,normal,normal,True,0.4,0.13399503722084427,0.8814538977060451,1.1558293297294815
87802,polia,polia,True,0.6,0.7927003848780679,0.8201043031712812,0.8439292409332029
164659,rolamento_combination,rolamento_combination,True,1.0,0.0,16.725320765859447,22.341058144367253
36894,cocked_rotor,eccentric_rotor,False,0.4,0.0818858560794049,0.7235593343748531,0.9216505895794289
114713,cocked_rotor,rolamento_ball,False,0.8,0.07692307692307665,0.4983152428374094,0.6130298067179488
7654,desbalanceado,eccentric_rotor,False,0.8,0.027295285359801358,0.6609231862222238,0.8265940526996871
114609,cocked_rotor,ventoinha,False,0.4,0.0,0.701688494875466,0.8831825016466484
58015,rolamento_inner,rolamento_ball,False,0.4,0.839968264513342,1.0191100098849524,1.1365273147392374
87048,polia,polia,True,0.8,0.12863070539419175,1.363958603739798,1.8155187201087017
180519,falta_fase,falta_fase,True,0.4,1.0400154140469737,1.139425270862353,1.1889976166475202
169439,normal,normal,True,1.0,0.8803562436635018,1.2951595194344447,1.4419060525557958
56346,rolamento_inner,rolamento_inner,True,0.8,0.018404907975458684,0.6438121639879537,0.9104407634595804
122008,desbalanceado,desbalanceado,True,1.0,0.0,0.4327416163012451,0.5456678077903276
132521,rolamento_outer,rolamento_outer,True,0.6,0.8055340364266655,0.8941619059079351,0.9642707211769636
29339,eccentric_rotor,normal,False,0.4,0.0,0.5515531639802742,0.7387554820317139
164767,rolamento_combination,rolamento_combination,True,1.0,0.15632754342431837,7.87639566532449,11.637693508496062
153347,desalinhado,desalinhado,True,0.8,0.03225806451612878,0.7317946864318147,0.9726909744521516
53056,rolamento_inner,rolamento_inner,True,1.0,0.12883435582821923,0.7042443691410589,0.9075906743808078
123293,ventoinha,polia,False,0.4,0.7042914262641101,0.7482350518597929,0.7917558311914987
180058,desalinhado,desalinhado,True,1.0,0.9908196135898847,1.1427048831894886,1.2147562979892117
42115,cocked_rotor,cocked_rotor,True,0.4,0.789190520524715,0.8752319749924243,0.9021051363022531
167334,eccentric_rotor,eccentric_rotor,True,1.0,0.12883435582822145,1.6413839395559002,2.086190109845378
103664,correia,correia,True,0.6,0.024813895781637202,1.1002012692919139,1.5491751056133665
134324,rolamento_outer,rolamento_outer,True,1.0,0.599744579994177,0.6442901427986151,0.6946640485472946
3685,normal,normal,True,1.0,0.625525808176474,0.6967960106581466,0.7752964801174117
37268,cocked_rotor,cocked_rotor,True,0.4,1.0445077873486999,1.3061369064593331,1.489043602000083
162566,rolamento_outer,rolamento_outer,True,0.8,1.401425055089272,1.6280437795910614,1.751223385748133
128839,polia,polia,True,0.8,0.7926195258029366,0.8274736764641488,0.860421094586856
123380,ventoinha,eccentric_rotor,False,0.8,0.007444168734490733,0.6428730291070303,0.887152751260094
11557,desbalanceado,cocked_rotor,False,0.6,0.6296068923121835,0.6667536802414359,0.6898258389115923
155771,normal,cocked_rotor,False,0.4,0.04564315352697071,0.4999515674395051,0.6315252175030424
73989,rolamento_combination,rolamento_ball,False,0.8,1.118099563464332,1.2846240549077084,1.4230412333981053
163310,eccentric_rotor,eccentric_rotor,True,0.6,1.1419422110777164,1.3639541025040942,1.444204350811215
38961,cocked_rotor,cocked_rotor,True,0.6,0.17177914110429526,0.8240292906040605,1.075295768714098
42034,cocked_rotor,cocked_rotor,True,0.4,0.02074688796680528,0.6802961926867832,0.8541394373921262
80849,rolamento_ball,normal,False,0.8,1.0400311213286524,1.1527510138669954,1.1956302817160294
117703,eccentric_rotor,eccentric_rotor,True,1.0,0.830864317435272,0.8770898765139288,0.9076842447987301
142163,rolamento_combination,rolamento_combination,True,0.4,0.9458007804200778,0.9982120032579338,1.030868807908345
97263,ventoinha,polia,False,1.0,0.8073669279203644,0.8239037839208457,0.8450758391969323
3958,normal,normal,True,1.0,0.9135508539950745,1.0309642505043233,1.1439779019926013
169601,normal,normal,True,0.8,0.0,0.7402762523250198,0.9434434937856376
75326,rolamento_combination,rolamento_combination,True,1.0,0.061349693251532444,1.9665976714821156,2.48926988460371
34764,cocked_rotor,cocked_rotor,True,0.6,0.0,0.46555891278071854,0.5908488523242726
117528,eccentric_rotor,ventoinha,False,0.4,0.8528553888693804,0.8938514243075064,0.919571235254522
152741,normal,normal,True,0.6,0.03067484662576736,0.47000395004085166,0.6019301296839445
141547,rolamento_combination,rolamento_combination,True,0.6,0.007444168734491607,0.8408917104434026,1.096220610370541
45598,rolamento_outer,rolamento_outer,True,0.4,1.0841384744679083,1.1391088753200198,1.2003190871542622
114601,cocked_rotor,cocked_rotor,True,0.6,0.5351333533831895,0.5586219157515061,0.5665125693885807
108188,correia,correia,True,0.6,0.20331950207468963,0.6824861777441653,0.8144659799593431
105871,correia,correia,True,0.8,0.027295285359801413,0.8127241561552326,1.1957309824763842
117876,eccentric_rotor,eccentric_rotor,True,0.6,1.2075857121855529,1.3193696998879134,1.4390381874589644
169242,desbalanceado,desbalanceado,True,1.0,0.0,1.3205093533025885,1.9165358853028152
97039,ventoinha,rolamento_outer,False,0.4,0.9420098615329282,1.0877651602930778,1.2551504823991744
86617,polia,polia,True,1.0,0.2780082987551862,1.0998792823787664,1.4771616772374898
98827,ventoinha,ventoinha,True,1.0,0.0613496932515325,0.6687547486989125,0.8650805030983589
110570,correia,correia,True,0.8,0.628681285179107,0.6894749167891451,0.7087538594662611
51812,rolamento_outer,rolamento_outer,True,0.4,0.6966537282564688,0.8006771680256286,0.915084153002458
124429,ventoinha,ventoinha,True,0.6,0.7740159312296311,0.8128445186488966,0.8674613089152092
10271,normal,normal,True,1.0,0.030674846625767582,0.5310455420997797,0.68893296366871
153826,desalinhado,eccentric_rotor,False,0.6,1.2208386533262348,1.3019082395741508,1.4531169586071455
45053,rolamento_outer,rolamento_ball,False,0.6,0.0,0.526663187946328,0.6999446254443139
72059,rolamento_combination,rolamento_inner,False,0.6,0.6201151102990485,0.6907783610354415,0.7427690692679992
88425,polia,normal,False,0.4,0.012406947890819042,0.9897403285553608,1.5908734389275139
141644,rolamento_combination,rolamento_combination,True,0.4,0.007444168734490719,0.652955051480543,0.843875584293935
166932,normal,normal,True,1.0,1.4081708398956205,2.019328206884132,2.388030811210364
104318,correia,correia,True,0.8,0.17617866004962812,0.7124055770246839,0.8673258902459383
169295,desbalanceado,desbalanceado,True,0.6,0.0,1.2001305401482019,1.5124371579603566
180814,rolamento_outer,rolamento_outer,True,0.6,0.8078952658928228,0.8836672939669764,0.9481881845968799
8488,desbalanceado,desbalanceado,True,1.0,0.20858895705521463,0.5506022374830799,0.7258708921557055
112637,cocked_rotor,cocked_rotor,True,0.8,0.0,0.349842338505043,0.6413782942887872
31230,eccentric_rotor,eccentric_rotor,True,0.4,0.6045664079576265,0.7198845281598769,0.79780050179022
71075,rolamento_combination,rolamento_combination,True,1.0,2.5049250191876737,3.033350130996444,3.3245105718402845
53901,rolamento_inner,rolamento_combination,False,0.6,0.41493775933609944,0.9382719337473333,1.107596954529041
114861,cocked_rotor,cocked_rotor,True,0.4,0.0,0.780336379904583,0.9883312907304026
37386,cocked_rotor,polia,False,0.4,0.8490512016209425,0.8784025496327891,0.9177127652068535
148920,desalinhado,desalinhado,True,0.4,0.0,0.5736558396491713,0.7676559371350989
52275,rolamento_outer,rolamento_outer,True,0.6,0.08713692946058127,0.6458096472337876,0.8092471779320602
139034,rolamento_outer,rolamento_outer,True,0.6,0.6851197762190558,0.7606966917091104,0.8369866085271422
145055,correia,correia,True,1.0,0.28834355828221025,0.6303725605857056,0.8365681668554291
52421,rolamento_outer,rolamento_outer,True,1.0,0.008298755186721817,0.5799312409990722,0.7458353676791235
59767,rolamento_inner,rolamento_inner,True,0.8,0.7150086455195945,0.8313911475013237,0.9183325391532655
30540,eccentric_rotor,correia,False,0.6,0.49693251533742283,0.6852743103615893,0.8281791285094956
75371,rolamento_combination,rolamento_combination,True,1.0,0.061349693251534665,2.199461874298259,2.939470394589284
173100,rolamento_inner,rolamento_inner,True,0.6,1.4898819922772573,1.6970071733530054,1.7707826824701958
64824,rolamento_ball,rolamento_inner,False,0.6,0.0,0.7818054666722565,1.0022605895308372
35876,cocked_rotor,normal,False,0.6,0.4194669060804029,0.5261815161242435,0.6105482226133871
60223,rolamento_inner,rolamento_inner,True,1.0,0.03970223325062042,0.6078941859283603,0.85654313426311
177772,normal,normal,True,1.0,1.7214854520635596,1.9916522349558854,2.1892646727986946
134438,rolamento_outer,rolamento_outer,True,1.0,0.49079754601227066,0.630637628013207,0.7017762022873818
36516,cocked_rotor,rolamento_outer,False,0.8,1.7134903958898422,1.7973798130225238,1.855569744123117
68681,rolamento_inner,rolamento_inner,True,1.0,0.0,0.5142021599523243,0.7524539903573301
41351,cocked_rotor,polia,False,0.8,0.6246715250661127,0.6779917863419923,0.7855478279554864
67143,rolamento_inner,rolamento_inner,True,1.0,0.09815950920245414,1.023333354584046,1.3245175625053536
43838,rolamento_outer,rolamento_outer,True,1.0,0.030674846625767332,0.552543103087553,0.6934627644303598
166680,rolamento_inner,rolamento_inner,True,1.0,1.8658489571457124,2.0077874354511094,2.2612102153473335
25581,eccentric_rotor,eccentric_rotor,True,1.0,0.17177914110429526,0.6480185452754226,0.8261836779544174
75298,rolamento_combination,rolamento_combination,True,1.0,0.12269938650306711,1.0547475176371888,1.4223271956716284
43602,rolamento_outer,rolamento_outer,True,0.4,0.36809815950920355,0.7957427459621373,0.9509763589324348
134592,rolamento_outer,rolamento_outer,True,1.0,0.0,0.5334785614566073,0.7667357112251574
93776,ventoinha,ventoinha,True,1.0,0.06134969325153247,0.4237719425954224,0.5925774451699919
37422,cocked_rotor,desbalanceado,False,0.4,0.8944254559008381,1.0028873747442153,1.1706492936335662
97938,ventoinha,ventoinha,True,0.8,0.7289660648396344,0.8329717650537012,0.9615433878494486
126621,polia,polia,True,1.0,0.04907975460122599,0.6306773941389204,0.842667434106106
9529,normal,eccentric_rotor,False,0.6,0.014888337468982327,0.7213808227909058,0.9129373836454793
109739,correia,correia,True,0.8,0.16873449131513651,0.4404217120078373,0.7127398558986816
91241,polia,polia,True,1.0,0.049079754601228154,0.5436618307751144,0.7001058426252884
28527,eccentric_rotor,rolamento_ball,False,0.4,0.017369727047146455,0.6417975147684627,0.826181573535731
54420,rolamento_inner,rolamento_inner,True,1.0,0.02074688796680535,0.9127528937279182,1.1487711157919362
52943,rolamento_inner,rolamento_inner,True,0.6,0.8702057421296638,0.9032679603999171,0.9463715130011876
30928,eccentric_rotor,eccentric_rotor,True,1.0,0.07468879668049766,1.0739334979976967,1.3907598769414364
27368,eccentric_rotor,normal,False,0.8,0.495843502005956,0.5826930610179936,0.6323493606219245
114862,cocked_rotor,cocked_rotor,True,0.4,0.0,0.780336379904583,0.9883312907304026
174727,rolamento_combination,normal,False,0.6,1.6730154596343225,1.7694415435773667,1.8512696955113506
68849,rolamento_inner,rolamento_inner,True,0.6,0.6884801854786854,0.7952150026609519,0.8787218187560282
101038,ventoinha,ventoinha,True,1.0,0.030674846625767332,0.5832512060791528,0.742996781348533
27563,eccentric_rotor,normal,False,0.4,0.8470194412794199,0.9826793733023393,1.0206410896342772
147188,correia,correia,True,1.0,0.017369727047146483,0.8281028146286603,1.3037174188557348
113160,cocked_rotor,desalinhado,False,0.6,0.0,0.27833494835329875,0.44707635137793134
154391,desbalanceado,desalinhado,False,0.8,0.822836669033889,0.9150714761545535,0.9537024019487478
176062,rolamento_outer,rolamento_outer,True,1.0,0.9955861608448352,1.0943919360688361,1.1650829206255189
111002,correia,correia,True,0.4,0.3496932515337427,0.5017883956913561,0.5988552010498972
142496,rolamento_combination,rolamento_combination,True,0.8,1.1338014369704157,1.3959600706512305,1.566665352190118
128279,polia,polia,True,0.6,0.004962779156327424,0.7202748297228936,0.904431357709447
116820,eccentric_rotor,eccentric_rotor,True,0.6,0.8151024337493922,0.9434864922380685,1.000766394578229
72920,rolamento_combination,rolamento_combination,True,1.0,0.8748899400691882,0.9472939215609356,1.082802289824718
60501,rolamento_inner,rolamento_inner,True,1.0,0.19502074688796633,1.31407439536859,1.849789433353286
40816,cocked_rotor,eccentric_rotor,False,0.4,0.03722084367245623,0.5777692495424145,0.7562463548689987
60373,rolamento_inner,rolamento_combination,False,0.8,0.22084367245657596,1.1201101722484383,1.45718907625699
161866,desbalanceado,ventoinha,False,0.6,1.5606949371554417,1.602464014522783,1.6444645690757642
108051,correia,correia,True,1.0,0.03319502074688874,0.6801096492874618,0.9204107999632467
61499,acelerando,acelerando,True,0.6,0.036809815950919145,1.534656507557882,2.2205025783901413
174260,eccentric_rotor,eccentric_rotor,True,0.8,1.7971366086464284,1.9605793856847065,2.128368012956982
150777,normal,ventoinha,False,0.4,0.012448132780083498,0.5575503860261831,0.7371099552239964
22686,eccentric_rotor,desbalanceado,False,0.8,0.07883817427385947,0.6241810986278138,0.853020219947627
168959,rolamento_ball,rolamento_ball,True,1.0,0.0,1.3018263811170494,1.9583385578462733
65913,rolamento_ball,rolamento_ball,True,0.4,0.7312022571972091,0.808321899233593,0.8728046389196447
128509,polia,desalinhado,False,1.0,0.8829601139419763,0.9961972776341973,1.182740969969968
151303,normal,normal,True,0.4,0.012406947890819059,0.7087421547379804,0.9070184313094418
41836,cocked_rotor,cocked_rotor,True,0.6,0.008298755186721817,0.46574483427359387,0.6343555710667599
131393,rolamento_inner,rolamento_inner,True,1.0,0.0,0.7706680832873463,1.1096204388180793
67070,rolamento_inner,rolamento_inner,True,1.0,0.4110429447852752,0.6159790712634592,0.684304391560928
71181,rolamento_combination,rolamento_combination,True,1.0,0.39263803680981657,0.7873762643754121,0.926023539584357
134644,rolamento_outer,rolamento_outer,True,1.0,0.5085936299943756,0.6263218472875924,0.6728131670836306
125464,ventoinha,ventoinha,True,1.0,0.5610759968215621,0.6154677709381631,0.63690671162176
24723,eccentric_rotor,eccentric_rotor,True,1.0,0.8225085262977063,1.0617970490346296,1.1902504087079298
90911,polia,polia,True,1.0,0.03067484662576725,0.7546117917659001,0.9866608039946628
120468,desbalanceado,correia,False,1.0,1.050743071958127,1.1298709820606672,1.2014508068962877
26270,eccentric_rotor,eccentric_rotor,True,0.6,0.13151364764267937,0.712815056151949,0.9627960390829059
22137,eccentric_rotor,ventoinha,False,0.6,0.7123495456595658,0.7641153639973122,0.8644493785589553
58352,rolamento_inner,rolamento_inner,True,1.0,0.19502074688796778,0.7283354344030025,0.9403221976130494
144934,correia,correia,True,0.6,0.2883435582822081,0.4958351909799331,0.5486272791587543
33573,cocked_rotor,cocked_rotor,True,1.0,0.04907975460122599,0.5899306238503887,0.8108180441212259
50173,rolamento_outer,rolamento_outer,True,1.0,0.0797546012269933,0.5607147957955009,0.748472390513025
66979,rolamento_inner,rolamento_inner,True,1.0,0.8580453911482818,1.0216072244428225,1.0990902090409627
93891,ventoinha,ventoinha,True,1.0,0.5103112819461855,0.6148543263593268,0.6734143403347236
55003,rolamento_inner,rolamento_inner,True,0.8,0.7170266456474368,0.7934020747449799,0.8550894025587001
173576,cocked_rotor,cocked_rotor,True,0.6,0.967524149937235,1.3409009856906062,1.5825147488652298
99741,ventoinha,ventoinha,True,0.6,0.7997132517799554,0.9270592308377672,0.9951248084899113
97724,ventoinha,eccentric_rotor,False,0.8,0.663140474279418,0.7021345095460646,0.7323452477558485
24404,eccentric_rotor,eccentric_rotor,True,0.8,1.0464539543528881,1.0849344385532629,1.1218102438323945
106504,correia,correia,True,1.0,0.6623798806969556,0.8057051266052948,0.9216331698620956
98317,ventoinha,cocked_rotor,False,0.4,0.9373028072436281,0.9494549098873476,0.9661049619065782
99436,ventoinha,ventoinha,True,1.0,0.06748466257668684,0.5014673785617525,0.6434328578972308
79751,rolamento_combination,rolamento_combination,True,0.6,0.12863070539419033,1.3522795506678624,1.862009795705925
59501,rolamento_inner,rolamento_inner,True,0.6,0.004962779156327438,0.5080451642329067,0.681528386697465
135750,rolamento_ball,normal,False,0.4,0.12406947890818865,0.8724591455434869,1.066616811760288
4875,desbalanceado,desbalanceado,True,1.0,0.00829875518672174,1.4864367834511358,1.9721303826645558
49859,rolamento_outer,rolamento_outer,True,1.0,0.5779071076330565,0.6588806826193268,0.7577486866011909
96490,ventoinha,cocked_rotor,False,0.4,1.3918607188321261,1.4737680195936196,1.5415069280205318
54791,rolamento_inner,rolamento_inner,True,0.6,0.0,0.8271756242954368,1.148786234138804
97541,ventoinha,desbalanceado,False,1.0,0.9240080050790707,1.0050083696308834,1.093609040476754
65720,rolamento_ball,rolamento_ball,True,0.8,0.0,0.8097455501255213,1.039463411495184
117685,eccentric_rotor,eccentric_rotor,True,0.6,0.4294478527607382,0.8120198870081593,0.9230291217574373
169648,desbalanceado,desbalanceado,True,0.6,0.0,0.6798952611715852,0.9905911905555345
65825,rolamento_ball,rolamento_ball,True,1.0,0.767245522234102,0.919840397134376,1.0411990451779853
71794,rolamento_combination,rolamento_ball,False,0.4,0.09677419354838729,0.8203331717987276,1.1499564417721388
159642,desalinhado,normal,False,0.8,0.34969325153374275,0.5845166662567383,0.6809850759937202
60012,rolamento_inner,rolamento_inner,True,0.8,0.014888337468982299,0.6138811269918264,0.7772379820584653
153645,desalinhado,desalinhado,True,0.6,0.012406947890819031,0.7347914749399823,0.9925636249826175
37680,cocked_rotor,cocked_rotor,True,1.0,0.1410788381742738,0.4602120886877092,0.6545019673722796
134669,rolamento_outer,rolamento_outer,True,1.0,0.0,0.4922775441415751,0.6698791597502511
91958,polia,polia,True,0.4,0.007444168734490719,0.6410561447988418,0.8215411089542098
156065,normal,desalinhado,False,0.4,0.20746887966804978,0.8333410648634242,0.9973827742379555
2116,normal,normal,True,1.0,0.05955334987593017,0.9901842867978023,1.3058591316842014
22621,eccentric_rotor,cocked_rotor,False,0.8,0.062240663900415855,0.4907242075166014,0.6525229848718879
178112,desalinhado,desbalanceado,False,0.8,16.1187563455347,16.70688311774942,17.29685316703976
96812,ventoinha,normal,False,0.4,0.8508333742659226,0.9008619783827523,0.918259949782064
160496,desalinhado,desalinhado,True,1.0,0.4478527607361968,0.5595748782605163,0.6331471647135553
24785,eccentric_rotor,eccentric_rotor,True,1.0,0.012269938650306234,0.9635006183114896,1.2727261975059756
107838,correia,correia,True,0.8,0.2365145228215768,0.7530371440992785,0.9413800816841903
61080,rolamento_inner,rolamento_inner,True,0.6,0.2780082987551874,0.8115883767467565,1.0236295014337924
105998,correia,correia,True,1.0,0.0,1.0181180448824012,1.3288273581379544
150077,desalinhado,desalinhado,True,1.0,0.0,0.5824422265573672,0.8013391395723192
36678,cocked_rotor,eccentric_rotor,False,0.4,0.024813895781637285,0.8506119605266651,1.1149751584917644
122212,desbalanceado,desbalanceado,True,1.0,0.5357573111768341,0.5730857050928811,0.6288667039891009
37190,cocked_rotor,desbalanceado,False,0.6,0.08436724565756826,1.1611605074744173,1.501980067109912
61679,rolamento_ball,rolamento_ball,True,1.0,0.521472392638038,1.1194467305723181,1.401823017920605
143717,rolamento_combination,rolamento_combination,True,1.0,0.0,0.7689047994883902,1.0563382855477152
63757,rolamento_ball,rolamento_outer,False,0.4,1.124462830284121,1.184363847181641,1.2408164614276458
71230,rolamento_combination,rolamento_combination,True,1.0,1.147057369798554,1.2206389004201506,1.2714323801736263
155619,normal,rolamento_outer,False,0.6,0.04564315352697068,0.5705064875767548,0.7399845511987525
75059,rolamento_combination,rolamento_combination,True,1.0,0.5521472392638032,0.8736624470089044,1.059029512605938
58331,rolamento_inner,rolamento_inner,True,1.0,0.16182572614107904,0.96949767574717,1.2186050128369321
112210,cocked_rotor,cocked_rotor,True,1.0,0.012269938650306511,0.6497145165271249,0.8317981729489781
67530,rolamento_inner,rolamento_inner,True,1.0,0.0,0.7229383432684146,0.9715413151798855
92928,polia,polia,True,1.0,0.619639088427899,0.7108919293815024,0.8394891857519801
112791,cocked_rotor,cocked_rotor,True,1.0,0.0,0.27788036766506197,0.43792745920548243
45611,rolamento_outer,rolamento_outer,True,0.8,0.9530543774096285,1.1328346663340416,1.2396353794578203
163179,rolamento_ball,rolamento_outer,False,0.4,0.2357320099255583,0.8358756264893918,1.0039764889616747
57149,rolamento_inner,rolamento_inner,True,1.0,0.0,0.658669703229908,0.9034384710625964
30441,eccentric_rotor,eccentric_rotor,True,0.4,0.30061349693251455,1.0305973684335474,1.2395603181035597
125675,ventoinha,ventoinha,True,1.0,0.04907975460122599,0.5134320350037692,0.6875158752512418
79434,rolamento_combination,rolamento_combination,True,1.0,0.8564766805392375,1.457220549093052,1.6461437167196513
96275,ventoinha,desbalanceado,False,0.6,1.3730826048257911,1.5295476987248366,1.7637845549366769
29161,eccentric_rotor,rolamento_ball,False,0.8,0.8105922023842436,0.9578193674299726,1.0243737484187927
176338,rolamento_inner,rolamento_inner,True,0.8,1.199096290715711,1.29598599455635,1.4582937032853027
40788,cocked_rotor,cocked_rotor,True,0.4,0.0,0.677035295929563,0.9041160111162424
44777,rolamento_outer,rolamento_outer,True,0.6,0.5967327858919151,0.8356120323150197,0.9968889641942553
72868,rolamento_combination,rolamento_combination,True,1.0,2.1876298298749286,2.2149575487851325,2.2728551168846205
110423,correia,correia,True,0.8,0.019851116625309764,0.4996707605514416,0.7664488569100929
99259,ventoinha,ventoinha,True,1.0,0.39827760048380484,0.4927878437771852,0.5658666974214364
164685,rolamento_combination,rolamento_combination,True,1.0,0.024896265560165554,13.931262293863602,23.519497021581593
150185,desalinhado,desalinhado,True,0.6,0.06134969325153472,0.4635473787834882,0.6182342721172275
87977,polia,rolamento_combination,False,0.6,0.7759095112438015,0.7822893936801087,0.7874148490455722
48850,rolamento_outer,rolamento_outer,True,0.6,0.0,0.75215510167868,0.9645969627465907
108697,correia,correia,True,0.6,0.049079754601228154,0.48632104051849473,0.6482122274568548
50964,rolamento_outer,rolamento_outer,True,0.2,0.0,0.7540321361827844,1.0210180995433982
105810,correia,correia,True,0.8,0.10173697270471471,0.6306165215596164,0.8224622204663263
42142,cocked_rotor,rolamento_outer,False,0.6,0.7587243696164643,0.7899709591952835,0.838760382112564
22199,eccentric_rotor,ventoinha,False,0.6,0.8876940532941435,1.1362450487236613,1.3879795641703732
134584,rolamento_outer,rolamento_outer,True,1.0,0.7469180159413947,0.7863069527854178,0.8237331856920828
44317,rolamento_outer,rolamento_outer,True,0.8,0.0,0.6497914694261098,0.9113852470593877
144119,rolamento_combination,rolamento_combination,True,1.0,0.42944785276073605,0.6122212365204597,0.6853495310852173
145039,correia,cocked_rotor,False,0.4,0.030674846625767332,0.5475573908165707,0.6845290726434315
103964,correia,correia,True,0.8,0.03970223325062041,0.545062128199187,0.7085643153881781
145333,correia,desbalanceado,False,0.4,0.614243131248427,0.6656745018203051,0.718717065795499
131055,rolamento_inner,rolamento_inner,True,0.6,0.07468879668049788,0.9656231149000096,1.2465289728376179
115434,cocked_rotor,rolamento_outer,False,0.6,0.8871129172095036,0.9240193663103522,0.9860823126600486
3108,normal,normal,True,1.0,0.7195359617191371,0.7829374495906448,0.9391637452238
96406,ventoinha,ventoinha,True,0.6,1.4271465898504025,1.5019723882060678,1.5547578110428204
70463,rolamento_inner,rolamento_inner,True,0.8,0.09958506224066471,0.7885140344123457,1.0588043913142338
1781,normal,desbalanceado,False,0.8,3.684463377783435,4.424451146056671,5.275958599418097
155898,normal,ventoinha,False,0.4,0.0,0.9571811750173964,1.2848671565354786
162706,rolamento_inner,eccentric_rotor,False,0.8,1.146817620821773,1.1656653497760219,1.1886569827692395
78981,rolamento_combination,rolamento_combination,True,1.0,0.8572876813041833,0.9106021703789752,0.97982562370549
90433,polia,polia,True,1.0,0.20858895705521477,0.6979038314487072,0.8569764138030953
123594,ventoinha,ventoinha,True,0.6,0.7964813689549476,0.8159244220840755,0.8481459773536308
93818,ventoinha,ventoinha,True,1.0,0.568191353672705,0.6241855629437405,0.6557976968932637
83453,rolamento_ball,rolamento_ball,True,1.0,0.030674846625767332,0.597920935258917,0.755239403193042
131078,rolamento_inner,rolamento_inner,True,0.8,0.12033195020747,0.9875053602060564,1.3147676128079928
24829,eccentric_rotor,eccentric_rotor,True,1.0,0.0,0.7253031958630096,1.0257643601671884
179085,normal,falta_fase,False,0.8,1.0462818837072132,1.1286402081872962,1.181003311621495
149584,desalinhado,normal,False,0.6,0.6784384819862338,0.7263141526191139,0.7838403944305442
151540,normal,normal,True,0.8,0.007444168734490719,0.4174256851822153,0.5606897018969784
92618,polia,polia,True,0.6,1.0033251585343044,1.0771830018006665,1.1345050285105542
152789,normal,correia,False,0.8,0.012269938650306567,1.1372264126595737,1.5424125116484746
130979,rolamento_inner,rolamento_ball,False,0.6,0.03319502074688718,0.9026306119648705,1.2252154061045117
66636,rolamento_inner,rolamento_inner,True,0.8,0.7632958167762897,1.0168477112883276,1.0992431290222122
167863,normal,normal,True,1.0,0.0,0.9539650515807517,1.2310018127379592
136147,rolamento_ball,polia,False,0.4,0.8279832349929377,0.9610761323793937,1.0526942722984227
87651,polia,rolamento_combination,False,0.6,1.1566568163638071,1.2139210522337662,1.3036551739240643
86156,polia,polia,True,0.8,0.7560258317468097,0.9648459010552994,1.1074969029687927
115515,cocked_rotor,eccentric_rotor,False,0.4,0.1588089330024816,0.7980184470030974,0.9976190714381556
1907,normal,normal,True,0.8,2.856915536640646,3.2692230219593497,3.62301389738103
9226,normal,normal,True,0.4,0.6931175728474532,0.7701526640352767,0.8227612652048782
141462,rolamento_combination,rolamento_combination,True,0.6,0.03225806451612878,0.5629917597950357,0.7011381687309197
112240,cocked_rotor,cocked_rotor,True,0.8,0.5214593340275229,0.6763593390615654,0.7424336245619086
10808,desbalanceado,desbalanceado,True,1.0,0.03067484662576736,0.5810253925558531,0.7779234023500351
164828,normal,normal,True,0.6,0.014888337468982327,1.4240123103914055,1.8798777904117783
152824,normal,cocked_rotor,False,0.8,0.03067484662576725,0.4279437585819147,0.547369600417302
30349,eccentric_rotor,normal,False,0.6,0.0,0.6147383154631346,0.8338190134900557
106101,correia,eccentric_rotor,False,0.6,0.007444168734491607,1.0565448061934286,1.4448455664551187
143126,rolamento_combination,rolamento_combination,True,0.6,1.0252561535813167,1.0791029161271406,1.127277649857106
124874,ventoinha,cocked_rotor,False,1.0,0.3995992995632656,0.4396575396275547,0.4594980488853067
67820,rolamento_inner,polia,False,0.6,0.9510039263597911,1.0747195256986402,1.2395441759819215
131839,rolamento_inner,rolamento_inner,True,1.0,0.3558282208588971,0.7587149224712533,0.9151019185438255
155884,normal,rolamento_outer,False,0.8,0.062240663900414356,0.640092681922199,0.8148156855383812
115778,eccentric_rotor,eccentric_rotor,True,0.6,0.9172993769960366,0.9548811602063587,0.9771144426260886
71647,rolamento_combination,rolamento_combination,True,0.8,0.7678813130608022,0.8367261145173405,0.9068378749639115
100903,ventoinha,ventoinha,True,1.0,0.6302146286831825,0.6626765052008903,0.6951148408027834
26128,eccentric_rotor,cocked_rotor,False,0.4,0.007444168734491607,0.6403442035841458,0.8438776747825271
40581,cocked_rotor,cocked_rotor,True,1.0,0.23821339950372156,0.6599431789884675,0.826326231943281
73749,rolamento_combination,rolamento_ball,False,0.8,1.1342037901436886,1.1835394476347605,1.3120309966375372
152577,normal,normal,True,1.0,0.0797546012269933,0.5649756032556394,0.7282993884771729
148777,desalinhado,normal,False,0.6,0.7390482799507367,0.7846697307313814,0.8176344403285635
103650,correia,correia,True,1.0,0.7281773677923482,0.8053051990930182,0.921660699946154
148404,desalinhado,desalinhado,True,0.4,1.124922197604588,1.2941134442556308,1.4041682321695863
110889,correia,correia,True,1.0,0.0,0.6221897330291674,0.8015727454619047
149143,desalinhado,desalinhado,True,0.4,0.7803273804340555,0.8323802039910584,0.904250963719398
75312,rolamento_combination,rolamento_combination,True,1.0,1.101592393138334,1.232319891481401,1.3656972399508212
164270,rolamento_outer,rolamento_outer,True,1.0,0.14522821576763545,1.898104037749991,2.439527844092664
162844,rolamento_inner,rolamento_inner,True,0.4,0.5766871165644185,1.0267258276138023,1.1654784868990424
106222,correia,correia,True,0.8,0.08436724565756826,1.044817269616664,1.3721664847082629
23391,eccentric_rotor,eccentric_rotor,True,0.2,0.027295285359801365,0.6088884464678593,0.8207406500700388
49264,rolamento_outer,rolamento_outer,True,1.0,0.6134969325153379,1.1241165279569614,1.2819400294821912
73513,rolamento_combination,rolamento_combination,True,1.0,0.6654129516495699,0.6928745667456774,0.7338440454106003
61130,rolamento_inner,rolamento_inner,True,0.6,0.6138080787773652,0.671221052761306,0.7205169033779486
76834,rolamento_combination,rolamento_combination,True,0.4,0.0,0.8266563771837179,1.0980062581265837
10445,desbalanceado,desbalanceado,True,1.0,0.018404907975460905,0.5322031418277171,0.6685665624741618
34391,cocked_rotor,cocked_rotor,True,1.0,0.5952766869419261,0.6824412577621997,0.84003095474772
145145,correia,correia,True,0.4,0.0,0.4283601719509165,0.5669077154254335
89296,polia,polia,True,1.0,0.5452284500806565,0.5792948170501864,0.5965739710593053
148081,desalinhado,desalinhado,True,1.0,0.024813895781638062,0.5810141313221259,0.9552813503836349
79248,rolamento_combination,rolamento_combination,True,1.0,0.4417177914110425,1.6730764539929293,2.220944860584354
95110,ventoinha,ventoinha,True,1.0,0.940474384816722,1.5661431273803939,2.0239075889018063
69573,rolamento_inner,rolamento_combination,False,0.6,0.07468879668049783,0.8504564579212319,1.093204985087861
178775,desbalanceado,desbalanceado,True,1.0,1.445097856221082,2.0771390257482225,2.588630879783267
77792,rolamento_combination,rolamento_combination,True,0.6,0.041493775933609145,0.6249509446637467,0.8070423946160395
151843,normal,normal,True,0.6,0.07692307692307665,0.5215852641133307,0.6648919887192614
67109,rolamento_inner,rolamento_inner,True,1.0,0.061349693251534665,0.6383058847780267,0.8671563073379361
154175,desalinhado,desalinhado,True,1.0,0.6947444621012845,0.8203518441919357,0.912467417518302
67664,rolamento_inner,rolamento_inner,True,0.8,0.5727490371393303,0.635103555148933,0.7066540328552583
32473,eccentric_rotor,eccentric_rotor,True,1.0,0.41717791411042954,0.676534421348631,0.827995454589947
41893,cocked_rotor,rolamento_outer,False,0.8,0.7091841061727542,0.7810129286928117,0.862301231712208
157469,normal,eccentric_rotor,False,0.4,0.9550026437003506,0.9978158579808276,1.0850363964988512
142798,rolamento_combination,rolamento_combination,True,0.4,0.0,0.8136891274870435,1.0334118516653532
59026,rolamento_inner,rolamento_inner,True,0.8,0.5762028935257462,0.5962396206874374,0.6254871958944214
53315,rolamento_inner,rolamento_inner,True,0.6,0.6374361373401364,0.7031146235402823,0.8016696509996676
124869,ventoinha,normal,False,0.6,0.06639004149377598,0.6363184899025727,0.8551615053212004
61040,rolamento_inner,rolamento_inner,True,1.0,1.2092877820672265,1.42605968189813,1.6057971087944312
30024,eccentric_rotor,eccentric_rotor,True,1.0,0.1901840490797561,0.5362690384923525,0.636173831515353
171495,rolamento_outer,rolamento_outer,True,1.0,0.9904266160551911,1.0599978876421534,1.2026532897472424
110058,correia,correia,True,1.0,0.007444168734491604,0.5068220703630495,0.7746617506927558
54639,rolamento_inner,rolamento_inner,True,1.0,0.014888337468983215,0.7075952317223053,0.9470029691618751
96770,ventoinha,rolamento_ball,False,0.4,0.7554959622120789,0.7841814018819223,0.7985933296135624
122621,desbalanceado,desbalanceado,True,1.0,0.11042944785276063,0.6263468418463847,0.8378683469950723
22831,eccentric_rotor,eccentric_rotor,True,0.6,1.0277376313486297,1.0913811884221027,1.1428995296536668
61501,acelerando,rolamento_combination,False,0.6,1.5122401793182603,1.6605048572092638,1.9862296102563304
92907,polia,polia,True,1.0,0.19502074688796633,0.8364168605158918,1.045220844067856
141505,rolamento_combination,rolamento_outer,False,0.6,0.08684863523573244,0.7914663718126157,1.1158335806217903
62126,rolamento_ball,rolamento_inner,False,0.6,1.0173201753719794,1.10249644577848,1.1794230257536118
162576,rolamento_outer,rolamento_outer,True,1.0,0.018404907975460683,1.2118488254458,1.6047167077920714
111200,correia,correia,True,1.0,0.637668948016816,0.6799497320741843,0.7254556507982493
141967,rolamento_combination,rolamento_combination,True,1.0,0.027295285359801358,0.7873040952327429,1.0821815892784905
164796,normal,normal,True,1.0,0.9272412423553902,1.3292135880312155,1.6850065545037634
100067,ventoinha,polia,False,0.8,0.024896265560166997,0.583708709616709,0.8227599828396884
102783,correia,correia,True,0.6,0.03067484662576514,0.8240301397430956,1.0844827190950637
107803,correia,correia,True,1.0,0.03319502074688874,0.5948859688064781,0.8927384648867052
82030,rolamento_ball,rolamento_inner,False,0.8,1.1725522825833263,1.237912010243905,1.298295363755004
136077,rolamento_ball,rolamento_combination,False,0.6,0.7798060817956757,0.8046364497149259,0.8581228407049059
120720,desbalanceado,desbalanceado,True,1.0,0.15880893300248167,0.9583797347791834,1.2421535923845384
119855,desbalanceado,normal,False,0.4,0.4593499043813909,0.6401404892423008,0.6861819292403953
93034,polia,desalinhado,False,0.4,0.24066390041493702,0.6821733617842123,0.8511094285886047
132853,rolamento_outer,normal,False,0.4,1.0949007098662102,1.1918417109559623,1.3044804565944894
46073,rolamento_outer,rolamento_combination,False,0.4,1.340626278678645,1.3800337604032415,1.4373578712156547
167010,normal,normal,True,1.0,0.11656441717791499,3.278786712377258,4.892719680157858
110525,correia,correia,True,1.0,0.6167780377265876,0.6782985480969164,0.7662291819264243
98170,ventoinha,ventoinha,True,0.8,0.0,1.0419281281196733,1.4119658308443561
47951,rolamento_outer,rolamento_outer,True,0.6,0.6642481145438703,0.7223435051387079,0.762201529274644
39648,cocked_rotor,cocked_rotor,True,0.8,0.6970576207357315,0.8431136256438851,0.9325441651298715
122057,desbalanceado,desbalanceado,True,1.0,0.6178102546869277,0.6228490781988479,0.6257057172419435
60852,rolamento_inner,rolamento_inner,True,1.0,0.7002103348344565,0.7420888490918129,0.7707329194390842
82613,rolamento_ball,rolamento_ball,True,1.0,0.018404907975458656,0.6634617859856599,0.8387986113954906
85207,polia,polia,True,0.4,0.06451612903225762,1.0229020451364046,1.4250900142471545
49325,rolamento_outer,rolamento_ball,False,1.0,0.9491581262660264,0.9771502727906354,0.9963377987222086
148124,desalinhado,desalinhado,True,1.0,0.14640198511166258,0.694735601388692,0.8556068600642979
127484,polia,polia,True,0.8,0.24066390041493702,0.8252254662655572,0.9939705474542644
77838,rolamento_combination,rolamento_ball,False,0.6,0.23651452282157542,0.7878386214724924,0.936387915362196
79652,rolamento_combination,rolamento_combination,True,0.6,1.0808519841689395,1.0935606762005494,1.1060180085615627
179435,desbalanceado,desbalanceado,True,1.0,1.3239604805736667,1.4462947007733518,1.6031042528098143
50929,rolamento_outer,rolamento_outer,True,1.0,0.04714640198511201,0.79342861953664,1.0352031595771196
29077,eccentric_rotor,eccentric_rotor,True,0.4,0.579252456008791,0.6049315862296267,0.6528086083475749
34198,cocked_rotor,cocked_rotor,True,1.0,0.15950920245398878,0.47860057927077515,0.569742106729458
45170,rolamento_outer,rolamento_outer,True,0.4,0.0,0.8145629604440814,1.1110968052585748
10576,desbalanceado,desbalanceado,True,1.0,0.0,0.557723646720511,0.7726896868832519
145180,correia,correia,True,1.0,0.09202453987730197,0.7441502508087502,1.005437739710299
68768,rolamento_inner,cocked_rotor,False,0.4,0.007444168734491607,0.6146731364943113,0.8256720005823456
155201,normal,normal,True,0.4,0.17866004962779136,0.6717431941450269,0.8543153559722909
179099,normal,normal,True,1.0,0.5774939996043467,0.7164196981829418,0.8365762152073618
89787,polia,polia,True,1.0,0.6309704519871702,0.6932059012216953,0.7476256139765127
2623,normal,normal,True,1.0,0.84156698434917,1.027196752583787,1.1112823293911525
131069,rolamento_inner,rolamento_ball,False,0.6,0.7520025744253549,0.8825269673150189,0.9407509206710215
143270,rolamento_combination,rolamento_combination,True,0.6,0.8846060911816572,0.9061763684514718,0.9119797064368516
145148,correia,correia,True,1.0,0.07975460122699332,0.5292605344005211,0.6496093812009017
109239,correia,correia,True,0.6,0.19018404907975395,0.6793267774756353,0.8577414190096063
24568,eccentric_rotor,eccentric_rotor,True,1.0,0.6029738844413675,0.6346267631311325,0.6893391420707075
30324,eccentric_rotor,eccentric_rotor,True,1.0,0.11042944785276063,0.4843164651290307,0.5898893680631688
126699,polia,polia,True,1.0,0.0,0.974759740132199,1.5011712756175015
99096,ventoinha,ventoinha,True,1.0,0.48957917522121086,0.6132892893299283,0.6842173889008327
9693,normal,normal,True,1.0,0.8141879049950221,0.8708827511969561,0.9428311817239735
153622,desalinhado,desalinhado,True,1.0,0.09181141439205898,0.5418457680950872,0.6704055247159466
93693,ventoinha,ventoinha,True,1.0,0.33742331288343624,0.5902173963402728,0.6986676969435436
161955,ventoinha,ventoinha,True,1.0,0.8776520539977188,1.0824325432647501,1.2814810802752343
41852,cocked_rotor,cocked_rotor,True,0.6,0.03319502074688725,0.5309688435651252,0.6783995887822107
168637,normal,normal,True,1.0,0.0,0.8774454775767747,1.2798055068296041
125973,polia,polia,True,1.0,0.20858895705521463,0.8070169330550551,1.0302432375655854
105379,correia,correia,True,1.0,0.36514522821576717,0.6611235530788981,0.7816910409411126
25747,eccentric_rotor,cocked_rotor,False,0.4,0.5071368934556061,0.6219264901035528,0.6580423693742502
51327,rolamento_outer,rolamento_outer,True,0.6,0.007444168734490719,0.46782008884245424,0.7321189722231874
7055,normal,desbalanceado,False,0.6,0.6082063845737702,0.6785553956209605,0.7414346666243772
123866,ventoinha,eccentric_rotor,False,0.6,0.01240694789081817,0.8556988572001684,1.0848196447303036
1749,motor_desligado,motor_desligado,True,1.0,0.6240612522468262,0.6675177538915349,0.701759473231548
2495,normal,normal,True,1.0,0.007444168734490719,0.87831412892057,1.1075456014703915
164309,rolamento_outer,rolamento_outer,True,1.0,2.9959851794127093,3.7210575723333283,4.483227387314771
178561,desbalanceado,desbalanceado,True,1.0,1.052260227949719,1.1885023764929066,1.2965933512520862
124086,ventoinha,ventoinha,True,0.8,0.81044725476133,0.9124521148307677,1.0052665376311192
118045,eccentric_rotor,eccentric_rotor,True,1.0,0.012269938650306497,0.7688989901084524,0.9623721627917188
56106,rolamento_inner,rolamento_inner,True,0.8,1.0323230043915383,1.2052390606624315,1.377333712185367
40594,cocked_rotor,polia,False,0.8,0.03970223325062039,0.5064335582100611,0.6289002085485664
4143,normal,normal,True,1.0,0.9256491533534345,1.0010992211425047,1.149700175268896
100567,ventoinha,ventoinha,True,1.0,0.012269938650306511,0.4348615582466052,0.5810786811753896
32171,eccentric_rotor,eccentric_rotor,True,1.0,0.030674846625765143,0.5309065667732835,0.7157019781078696
60378,rolamento_inner,rolamento_inner,True,0.6,0.052109181141438574,0.5644283746500032,0.7108838066393658
23632,eccentric_rotor,eccentric_rotor,True,0.4,0.0,0.5946319326148382,0.7499279777043533
72772,rolamento_combination,rolamento_combination,True,1.0,0.03680981595092164,0.37272687239526536,0.49739311859849294
9973,normal,normal,True,1.0,0.036809815950919145,1.6881463516798156,2.222113390692356
82347,rolamento_ball,rolamento_combination,False,0.4,0.012448132780083457,0.6530099923356764,0.8635436476749141
156425,normal,ventoinha,False,0.4,0.7003904307364843,0.7343246235317764,0.8487529765677204
169881,normal,normal,True,1.0,1.3156619034950523,1.4270744195120266,1.5400753495885038
153860,desalinhado,desalinhado,True,0.6,0.8491575691403834,0.8908289554427032,0.9252396568987871
26170,eccentric_rotor,eccentric_rotor,True,0.6,0.6583175299060955,0.7247675416820525,0.7713714804880673
78373,rolamento_combination,rolamento_combination,True,0.4,0.012448132780083498,0.8344796314160886,1.0776116072471262
73364,rolamento_combination,rolamento_combination,True,1.0,0.9278157060285895,1.0759333878686692,1.198737214105475
13065,desbalanceado,desbalanceado,True,0.8,0.07692307692307665,0.8719433348048291,1.2386597629091225
130244,rolamento_inner,rolamento_ball,False,0.6,0.0,1.2181691969699853,1.5796045173300601
29911,eccentric_rotor,eccentric_rotor,True,1.0,0.6377482435834299,0.6499264719719496,0.6589434124961441
31406,eccentric_rotor,eccentric_rotor,True,0.8,0.17012448132779945,0.7055144775375302,0.8637878526518149
125553,ventoinha,ventoinha,True,1.0,0.0,0.5514685165792876,0.7050768603414433
140486,rolamento_ball,rolamento_inner,False,0.6,1.14708001779351,1.2972368937903316,1.3703351614808317
175672,rolamento_ball,rolamento_ball,True,1.0,2.9773592705774106,3.338847332617147,3.981240631021985
69767,rolamento_inner,rolamento_inner,True,0.8,0.0,0.5258190154336815,0.7747694625984187
61900,rolamento_ball,rolamento_ball,True,0.8,0.11042944785276076,0.5977473386014887,0.7608179731717644
102879,correia,correia,True,0.6,0.012269938650306456,0.6329728643718419,0.8066108841172903
32180,eccentric_rotor,eccentric_rotor,True,1.0,0.0,0.35672535101115593,0.5651270591656282
40645,cocked_rotor,cocked_rotor,True,0.6,0.7785238141194668,0.8423746999906246,0.8619232687009017
171460,rolamento_outer,rolamento_outer,True,1.0,0.8366914116707594,1.0712311621398405,1.1867803550037934
79243,rolamento_combination,rolamento_combination,True,1.0,0.3680981595092036,1.1092181588292684,1.3345526596062784
161989,ventoinha,desalinhado,False,1.0,0.7571014015191946,0.7688643964313487,0.7851348787367128
166478,rolamento_ball,rolamento_ball,True,1.0,4.921384206839957,5.264878918510833,5.379724527750564
159239,desalinhado,desalinhado,True,0.4,0.7410694741749131,0.7719349378130058,0.7973006680929059
71681,rolamento_combination,rolamento_combination,True,0.6,0.8095040275320899,0.8367346770247343,0.8748221582348613
100349,ventoinha,rolamento_outer,False,0.4,0.06639004149377598,0.6358865065400838,0.8567801748314902
22222,eccentric_rotor,eccentric_rotor,True,0.8,0.894687855993991,0.9641810360120278,1.0148615080317387
144003,rolamento_combination,rolamento_combination,True,0.8,0.03067484662576725,0.7506808823122194,0.9410760126520319
127360,polia,polia,True,0.8,0.3485477178423235,0.9002779016495401,1.0718415392315133
147873,desalinhado,desalinhado,True,0.8,0.08684863523573244,0.6626157777081114,0.8255490161163553
166387,rolamento_combination,rolamento_combination,True,1.0,0.3558282208588972,3.426497713758961,4.69150559169338
67673,rolamento_inner,rolamento_inner,True,0.8,0.05707196029776689,0.6834522340979636,0.9010876052562459
121211,desbalanceado,cocked_rotor,False,0.8,0.0746887966804978,0.7236775129095292,0.9325913484957117
141785,rolamento_combination,rolamento_combination,True,1.0,0.01985111662530975,0.6310415797319722,0.8380123699792186
139984,rolamento_ball,rolamento_ball,True,1.0,0.01840490797546085,0.846146341581045,1.150022598193037
169074,normal,normal,True,0.6,0.0,1.2130757548683735,1.5596765349571928
91078,polia,polia,True,1.0,0.6400885168246013,0.6908932084446391,0.7204898307001512
7597,desbalanceado,desbalanceado,True,1.0,0.024813895781638118,0.9247977355278738,1.197648522077413
167204,rolamento_inner,rolamento_inner,True,0.6,0.019851116625310666,0.9742801015941079,1.2536971330358415
4388,desbalanceado,desbalanceado,True,1.0,0.012269938650306678,0.7800530171209126,1.0015739347072745
27789,eccentric_rotor,rolamento_ball,False,0.6,0.7738700210727614,1.0712031755214564,1.3398525186045518
4017,normal,normal,True,1.0,1.3334443162110674,1.4073829608737658,1.432525173749194
119802,desbalanceado,normal,False,0.8,0.6557764709588644,0.6831122697939079,0.7259519674899039
59705,rolamento_inner,rolamento_combination,False,0.6,0.6779201611970921,0.8401954908714752,0.9044701979544995
29039,eccentric_rotor,eccentric_rotor,True,1.0,0.08713692946058127,0.7621332304122357,0.9999103795730224
174692,rolamento_combination,rolamento_combination,True,1.0,1.0583051224617925,1.5684705478740573,1.837290807133916
161702,normal,cocked_rotor,False,0.6,0.7514242462895049,0.8009378190490114,0.8379568051265112
36331,cocked_rotor,normal,False,0.8,0.5734426007894518,0.6250026766649043,0.715650792273128
72085,rolamento_combination,rolamento_combination,True,0.8,0.6394493797112654,0.6496294011738802,0.6589636666028618
181323,falta_fase,falta_fase,True,1.0,1.245362189326106,1.3902808697417086,1.5305302408110413
72384,rolamento_combination,polia,False,0.4,0.14888337468982585,0.5106132438664922,0.6178672785299859
67159,rolamento_inner,rolamento_inner,True,1.0,0.19018404907975392,0.6005544958032047,0.7166028287515283
36411,cocked_rotor,ventoinha,False,0.4,0.5710090697309502,0.6441246577560273,0.7262583260391007
142891,rolamento_combination,rolamento_combination,True,0.6,0.8203542554895075,1.0229007351532435,1.1203133451290708
153441,desalinhado,desalinhado,True,1.0,0.589569419773756,0.6590731439135556,0.7097669247784913
26112,eccentric_rotor,eccentric_rotor,True,1.0,0.0,0.6034541124693916,0.843783669447922
168461,teste,normal,False,0.8,0.0,1.3831993557234297,1.8617881530303517
139699,rolamento_ball,rolamento_ball,True,1.0,0.2024539877300604,1.0926578640452171,1.4229939439660788
41408,cocked_rotor,cocked_rotor,True,0.6,0.012406947890819059,0.7447294436056453,0.947757815145222
149531,desalinhado,desalinhado,True,0.4,0.049079754601226044,0.6149994629855429,0.795676306843624
98284,ventoinha,correia,False,0.6,0.8175176998247774,0.894075927821997,0.9430533374164689
80990,rolamento_ball,normal,False,0.4,0.057071960297766844,0.6467368054798619,0.8028426565054023
40350,cocked_rotor,cocked_rotor,True,0.6,0.5389787180471352,0.5924856031148977,0.6587173319495411
143916,rolamento_combination,rolamento_combination,True,1.0,0.049079754601228154,0.7396352671165562,1.0663575564046646
180897,rolamento_inner,rolamento_inner,True,1.0,0.6428430568166027,0.7818454575408564,0.8646164432854196
132568,rolamento_outer,rolamento_ball,False,0.4,0.6122568749717388,0.8512201025024192,0.9546637554067038
49440,rolamento_outer,rolamento_inner,False,0.6,0.7402618772389873,0.7838440637226822,0.8133042656520404
35678,cocked_rotor,desbalanceado,False,0.8,0.379706371319871,0.5310334526230431,0.6821357861203233
123310,ventoinha,ventoinha,True,0.4,0.5836140817352048,0.6493392240236059,0.7648130230769599
52246,rolamento_outer,rolamento_ball,False,0.8,0.08713692946058127,0.5734852058319454,0.7356145731594832
9691,normal,normal,True,1.0,0.09181141439205981,0.7942840446815426,1.004643830996229
45731,rolamento_outer,rolamento_outer,True,0.4,0.17866004962779147,1.5350759494698587,2.0409059693600264
36461,cocked_rotor,cocked_rotor,True,0.4,0.0,0.6206038906315985,0.8611893111731236
23186,eccentric_rotor,ventoinha,False,0.6,0.02729528535980136,0.5421764244196585,0.6825361118373205
157726,desalinhado,ventoinha,False,0.8,0.7088687185281907,0.8084922092900799,0.8810482138580068
118150,eccentric_rotor,eccentric_rotor,True,0.4,0.521472392638038,0.6543251887826718,0.7409113224790428
165426,cocked_rotor,cocked_rotor,True,1.0,1.7524063768408102,2.1203295307597125,2.373238283147551
181302,falta_fase,falta_fase,True,1.0,2.8765163035591415,3.323956942824476,3.54285048117988
148876,desalinhado,desalinhado,True,0.6,0.04149377593361048,0.6735829698319831,0.9487039940007514
174083,desbalanceado,desbalanceado,True,1.0,1.4307586836109323,2.1211074177532785,2.9272618814093736
59059,rolamento_inner,rolamento_inner,True,1.0,0.0,0.5584106839730546,0.727682431135786
112844,cocked_rotor,cocked_rotor,True,1.0,0.0,0.4937791849717061,0.820744741217386
82359,rolamento_ball,rolamento_inner,False,0.6,0.9099695306010281,0.9286155078887287,0.9442511678859287
159725,desalinhado,eccentric_rotor,False,0.4,0.03067484662576514,0.6225972372216988,0.84273009955254
22229,eccentric_rotor,eccentric_rotor,True,0.8,0.0,0.6687930997058587,0.9054221727651718
82870,rolamento_ball,rolamento_ball,True,0.6,0.012269938650306456,0.6071311133890364,0.7944018362832842
62289,rolamento_ball,rolamento_ball,True,1.0,0.03067484662576725,0.6234956762099804,0.864679237938444
103631,correia,correia,True,1.0,0.04466501240694784,0.4587887817550541,0.5681645150427552
163180,rolamento_ball,rolamento_combination,False,0.4,0.8602003273135441,0.8961426013936624,0.9592747979949459
132846,rolamento_outer,rolamento_ball,False,0.6,0.012406947890817976,0.7198208840825859,0.9244262081134
44635,rolamento_outer,rolamento_outer,True,0.6,0.8093730184559736,0.8209138431699149,0.8310841179468851
117241,eccentric_rotor,eccentric_rotor,True,0.6,1.1362889330345949,1.241673718554129,1.33974872623429
26471,eccentric_rotor,normal,False,0.6,0.01985111662531064,0.7031264828177315,0.9234382178156387
175708,desbalanceado,desbalanceado,True,0.6,0.7490041470543475,0.9730138067665068,1.0924366832448353
118014,eccentric_rotor,eccentric_rotor,True,0.6,0.0,0.49748697173697154,0.7093081235063056
31880,eccentric_rotor,eccentric_rotor,True,1.0,0.0,0.5107326189296023,0.6683621051700158
114025,cocked_rotor,ventoinha,False,0.6,0.22821576763485502,0.47690972245710306,0.5508478604540126
178976,rolamento_inner,desalinhado,False,0.8,13.33311301958925,18.6137179998613,19.955816482963915
120324,desbalanceado,desbalanceado,True,0.4,1.6589217373541436,1.7497148134806646,1.8001773927279705
131349,rolamento_inner,rolamento_inner,True,1.0,1.5387465473274489,1.6567773694820058,1.7552412066885668
166897,normal,normal,True,1.0,0.18114143920595555,0.8571969624162609,1.0945801861492328
127682,polia,ventoinha,False,0.4,1.5217984068493295,1.6905973332768975,1.7415075776377964
106184,correia,correia,True,1.0,0.11662531017369793,0.9489871469672224,1.2234697030667745
32233,eccentric_rotor,cocked_rotor,False,0.6,0.708516152698181,0.7770746703812773,0.800874739999947
48810,rolamento_outer,rolamento_ball,False,0.6,0.26993865030674935,0.5941120482629083,0.7682235505592097
107815,correia,correia,True,0.6,0.01244813278008361,1.5592911375373315,2.2233641888086613
129921,rolamento_inner,rolamento_inner,True,1.0,0.8159689407158384,0.8904360304178096,0.9517588989939761
115271,cocked_rotor,cocked_rotor,True,1.0,0.024813895781638118,0.48263185939878034,0.6761122985768491
45433,rolamento_outer,rolamento_outer,True,0.8,0.62937643621479,0.8244334049354883,0.9520250774005542
35453,cocked_rotor,correia,False,0.6,0.2157676348547716,0.4261518045467829,0.5687684293195236
1627,motor_desligado,motor_desligado,True,1.0,0.4895073093776068,0.5119799635108668,0.5582494625046744
30210,eccentric_rotor,eccentric_rotor,True,0.6,0.14110429447852796,0.5781078872954782,0.760235316627096
176818,falta_fase,rolamento_ball,False,0.4,2.3035473011967067,2.4217510500593145,2.5059579424769027
158497,desalinhado,desalinhado,True,1.0,0.21588089330024854,0.6574445084435911,0.7936169617345303
47805,rolamento_outer,rolamento_outer,True,0.6,0.049079754601226044,0.4368902416304959,0.6066829352712119
166358,rolamento_combination,rolamento_combination,True,1.0,4.386277919799798,4.9749185185502744,5.2711122495012575
61489,rolamento_inner,rolamento_inner,True,1.0,0.9330681992899656,0.9491608984416768,0.9776629544646888
53761,rolamento_inner,rolamento_inner,True,1.0,0.008298755186721518,1.164250862549738,1.6263865502911994
78605,rolamento_combination,rolamento_combination,True,1.0,1.3695781198711705,1.527204197316563,1.6756047524732618
123919,ventoinha,eccentric_rotor,False,0.8,0.0794044665012408,0.7199512395949503,0.9265552387775091
1461,motor_desligado,motor_desligado,True,1.0,0.0,2.72567862456971,4.0486028650333825
155986,normal,normal,True,0.8,0.8069409144892455,0.9299843782366825,0.9808238424712354
75323,rolamento_combination,rolamento_combination,True,1.0,0.01840490797546085,1.5809051219993144,2.2310394009748085
40235,cocked_rotor,cocked_rotor,True,0.8,0.033195020746887294,0.7147302174614951,0.9123279783021959
35933,cocked_rotor,ventoinha,False,0.6,0.6582934127273229,0.6683351290044415,0.676833142654683
27897,eccentric_rotor,rolamento_ball,False,0.8,1.072983919873176,1.1013422754239215,1.1383649995279799
177851,normal,normal,True,1.0,0.5953779038193775,1.2323352427715282,1.4644623998987587
152242,normal,normal,True,0.8,0.9153549533845025,1.0647932454329279,1.130157632102815
50343,rolamento_outer,rolamento_outer,True,1.0,0.6624930714595832,0.7986224996887736,0.8760387443275348
56820,rolamento_inner,rolamento_inner,True,1.0,0.0,0.9854476616773244,1.3878171131604213
116928,eccentric_rotor,eccentric_rotor,True,0.6,0.020746887966805294,0.5016663043073496,0.6383296692064166
75979,rolamento_combination,rolamento_combination,True,0.8,0.6629176327873498,0.7197156865336984,0.7728310972276315
114649,cocked_rotor,rolamento_outer,False,0.6,0.6948647886326251,0.7224596837644185,0.7511999166535527
5244,desbalanceado,desbalanceado,True,1.0,0.03319502074688718,1.251185169330355,1.7629792999704104
39068,cocked_rotor,cocked_rotor,True,1.0,0.042944785276073816,0.48721726330469944,0.6969017526468934
61839,rolamento_ball,rolamento_ball,True,0.4,0.0,0.8304583245747557,1.0671533796738515
104396,correia,correia,True,1.0,0.007444168734490719,0.47213012212488276,0.6863066745639438
125764,ventoinha,ventoinha,True,1.0,0.2208588957055213,0.5518006338627248,0.6956449117481479
50425,rolamento_outer,rolamento_outer,True,1.0,0.0,0.5527297865292846,0.7831839564580472
152968,normal,desalinhado,False,0.6,0.3006134969325146,0.7073205342732365,0.863395910734438
71594,rolamento_combination,rolamento_combination,True,0.8,0.007444168734490719,0.6782002502307477,0.8862023193206029
84491,rolamento_ball,desalinhado,False,0.6,0.1315136476426794,0.810313048065724,1.081634926962207
172188,desbalanceado,eccentric_rotor,False,0.4,1.2729584206303841,1.396155362932764,1.4641946491253621
103121,correia,correia,True,0.6,0.720783410595779,0.7751910744533461,0.87232103207483
140285,rolamento_ball,rolamento_ball,True,1.0,0.0,1.0364858945411877,1.377743750492499
31208,eccentric_rotor,eccentric_rotor,True,0.4,0.7930293133340967,0.8332315145967388,0.9014018358158135
9769,normal,normal,True,0.6,0.8109724787506519,0.8485185409740896,0.9372984869717892
147209,correia,correia,True,0.8,0.0,0.662429128180064,0.8870451455063342
149414,desalinhado,desalinhado,True,0.4,0.6018291220637605,0.727719612510077,0.7911552440119348
138861,rolamento_outer,rolamento_outer,True,1.0,0.10788381742738501,0.6060412777309953,0.840792780166104
27259,eccentric_rotor,cocked_rotor,False,0.4,0.16182572614107904,0.5633463392297607,0.7077454864371954
10581,desbalanceado,desbalanceado,True,1.0,0.5809490400602648,0.6660981672401591,0.7242559127195718
172616,normal,normal,True,0.6,1.1042936906751573,1.1707900076674922,1.2216308711872976
91083,polia,polia,True,1.0,0.03067484662576736,0.7256730074197074,0.9181319500933648
60862,rolamento_inner,rolamento_inner,True,0.8,0.9433136798796199,1.0582937485103074,1.122936555124564
57288,rolamento_inner,rolamento_inner,True,0.8,0.007444168734490719,0.7897748049504931,1.0487989897473804
175490,rolamento_combination,rolamento_combination,True,1.0,2.426864373778804,2.7109801184364923,3.103022963133517
121993,desbalanceado,desbalanceado,True,0.8,0.7590933869280374,0.8319906882906432,0.8554327140016715
98429,ventoinha,ventoinha,True,0.6,1.1926293335122924,1.2315383539160887,1.2633286296554949
66064,rolamento_ball,rolamento_outer,False,0.4,0.008298755186721851,1.1922780975593956,1.587375056722177
78176,rolamento_combination,rolamento_inner,False,0.4,0.7766721009452591,0.8567981046515463,0.9158212068741214
177728,normal,normal,True,1.0,1.1480995748405765,1.392285036440616,1.520535443951769
59316,rolamento_inner,rolamento_inner,True,0.8,0.012269938650306456,0.6386413115119112,0.8277025049613742
70245,rolamento_inner,rolamento_ball,False,0.6,0.8482202691801309,0.9297174498762815,1.0049088619350972
86230,polia,polia,True,1.0,0.05394190871369253,0.8576721198675376,1.066094090138062
116764,eccentric_rotor,eccentric_rotor,True,0.8,0.008298755186721796,0.555222737404146,0.7277907857098247
45890,rolamento_outer,rolamento_combination,False,0.4,0.799460990409905,0.8698138378307011,0.9569312092876429
117215,eccentric_rotor,eccentric_rotor,True,0.8,0.9008320989817947,0.9498745150463626,1.0158353210122522
159009,desalinhado,desalinhado,True,0.8,0.31535269709543484,0.7614190988648746,0.9271084329726207
112589,cocked_rotor,cocked_rotor,True,0.8,0.0,0.21345329105781358,1.0672664552890678
65884,rolamento_ball,cocked_rotor,False,0.6,0.703397901889297,0.8156026680517877,0.8955543092466972
87152,polia,polia,True,1.0,0.25726141078838216,1.3167984082624673,1.6153741985293817
141187,rolamento_ball,rolamento_ball,True,1.0,0.008298755186721796,0.8877248887914021,1.1718159218095563
88158,polia,rolamento_combination,False,0.6,0.7170789054936736,0.7979461658696292,0.8227889354560066
6747,normal,normal,True,0.6,0.033195020746887294,0.7588013820751133,1.0182917162866147
151322,normal,normal,True,0.8,0.22828784119106754,0.6793303779281729,0.8190741658646743
35817,cocked_rotor,polia,False,0.6,0.8534681587249187,0.9115897608106005,0.9806322964881068
134529,rolamento_outer,rolamento_outer,True,1.0,0.2805262199567456,0.5936886115159614,0.7545498106314635
32667,eccentric_rotor,eccentric_rotor,True,1.0,0.9253801340390579,0.9473135385169028,0.9668692548046983
62069,rolamento_ball,rolamento_ball,True,0.6,0.0,0.9232011054798488,1.176001876620574
142450,rolamento_combination,rolamento_combination,True,1.0,0.07883817427385942,0.6129306551998587,0.7889585316524484
110629,correia,correia,True,1.0,0.1717791411042953,0.5403366416616466,0.674746198396702
169991,desbalanceado,desbalanceado,True,0.8,1.1163804125532033,1.3264719808670566,1.46530592411979
170855,cocked_rotor,cocked_rotor,True,0.4,0.8839914659956275,1.0128925538759987,1.0757388588059384
97911,ventoinha,ventoinha,True,0.6,0.0,0.5851118175040119,0.7673827463325167
12434,desbalanceado,desbalanceado,True,1.0,0.5168933415940653,0.5643099253689867,0.6021487963432934
64855,rolamento_ball,rolamento_ball,True,0.6,0.03067484662576725,0.816215150793297,1.066302260268418
141566,rolamento_combination,rolamento_ball,False,0.6,1.165556976909951,1.208881846215369,1.2611308159161199
78608,rolamento_combination,rolamento_combination,True,1.0,0.9112080421936845,0.9857733253337125,1.0812472379853209
123623,ventoinha,ventoinha,True,0.4,1.3583105730386458,1.4624570033844528,1.568227714313964
160329,desalinhado,desalinhado,True,0.6,0.46077234181892956,0.48922408999593026,0.5360153919724596
78916,rolamento_combination,rolamento_combination,True,1.0,0.0981595092024542,0.7666738799529181,0.9709598517969271
1515,motor_desligado,motor_desligado,True,1.0,0.0,0.37423687476363493,0.47356564221040276
85591,polia,polia,True,1.0,0.8689055865429975,0.9041476842338945,0.9482549053059928
23362,eccentric_rotor,polia,False,0.4,0.1935483870967737,0.9234373652847442,1.1827049719651668
143187,rolamento_combination,rolamento_outer,False,0.6,0.9384593282702487,0.9765771508137039,0.9916571117359577
105265,correia,correia,True,1.0,0.7243463365306506,0.7378115283600367,0.7631466763805588
36150,cocked_rotor,rolamento_combination,False,0.4,0.5699904398036892,0.5917539431870599,0.6380803636606522
95851,ventoinha,desalinhado,False,0.6,1.0357492629195986,1.1078746923678404,1.1538882531035455
161855,desbalanceado,desbalanceado,True,0.4,0.02074688796680535,1.526540059969373,2.138353972297803
85459,polia,polia,True,0.8,0.8759678176626423,1.0388224900188896,1.192306094335299
130423,rolamento_inner,rolamento_inner,True,0.4,0.04149377593361048,0.9493407771614413,1.2676378870947222
149719,desalinhado,desalinhado,True,0.6,0.3987730061349688,0.8600419211097666,1.0548535296045627
101532,ventoinha,ventoinha,True,1.0,0.6446344547187263,0.6812917405985399,0.7038532884708567
2754,normal,normal,True,1.0,0.0,1.6247207321914139,2.4545173321408424
144423,correia,normal,False,0.6,0.14110429447852801,1.1457353233114793,1.4277303536324661
75998,rolamento_combination,rolamento_outer,False,0.4,0.024813895781638076,0.616954213350879,0.8055512170454804
130124,rolamento_inner,rolamento_inner,True,1.0,0.03722084367245715,1.0456406495200339,1.3828999394698733
162143,rolamento_outer,desalinhado,False,0.6,0.8882682647438385,1.002258697634865,1.1738338378406528
58282,rolamento_inner,rolamento_inner,True,1.0,0.07468879668049783,0.6622999968958367,0.815905031398548
8606,desbalanceado,desbalanceado,True,1.0,0.06748466257668673,0.6213662897708832,0.8583409444695316
151881,normal,normal,True,0.8,0.8272885250269727,0.853642349331998,0.9012324522124809
126788,polia,polia,True,1.0,0.012269938650306511,0.7401662634727542,1.0263464997282494
120894,desbalanceado,desbalanceado,True,1.0,0.06451612903225856,0.6477226693077771,0.7996603710922361
153992,desalinhado,desalinhado,True,0.8,0.7033892955947019,0.7281872091938182,0.7682382446333373
166880,normal,rolamento_outer,False,0.6,0.9022138304451861,1.2366578611419232,1.6400980003383334
29740,eccentric_rotor,eccentric_rotor,True,1.0,0.8152663218157301,0.9852097500056598,1.0471393830927447
143532,rolamento_combination,cocked_rotor,False,0.6,0.8865461206448071,0.8943841818393496,0.8976047025639184
121629,desbalanceado,rolamento_outer,False,0.6,1.001101170877185,1.0606439235367702,1.1600473125265243
115285,cocked_rotor,cocked_rotor,True,1.0,0.17617866004962812,0.5986305113046116,0.7764474142439053
43589,rolamento_outer,rolamento_outer,True,0.4,0.01840490797546082,0.685295409268909,0.8764682594802321
176933,normal,rolamento_ball,False,0.4,0.7650213401198807,0.8313971186579927,0.894647886758312
79597,rolamento_combination,rolamento_outer,False,0.6,0.0,0.5441123595035936,0.7515992474756209
24449,eccentric_rotor,eccentric_rotor,True,1.0,0.6835118666467621,0.7052810532425648,0.7253362254708228
84523,rolamento_ball,rolamento_ball,True,0.4,0.0,0.5395594881270321,0.6978491224549349
10526,desbalanceado,desbalanceado,True,1.0,0.12883435582822145,0.6156691758353838,0.7803340955771979
13121,desbalanceado,desbalanceado,True,0.6,0.0,1.066130625510589,1.5296955783319761
115036,cocked_rotor,eccentric_rotor,False,0.8,0.13151364764268025,0.6585385190912632,0.8346189619094906
142158,rolamento_combination,rolamento_inner,False,0.6,0.007444168734491607,0.7616484081706647,1.070039804678114
97388,ventoinha,ventoinha,True,0.4,1.4234693334997548,1.560915109608701,1.7145175505493429
24072,eccentric_rotor,eccentric_rotor,True,0.8,0.9162117144124117,1.0149000594913928,1.042149330024366
170609,rolamento_combination,rolamento_combination,True,1.0,5.3766089169198015,6.415376344299129,7.001349693117584
170068,desbalanceado,desbalanceado,True,1.0,0.9569583592931207,1.5816841544314117,1.83684509174838
166030,cocked_rotor,cocked_rotor,True,1.0,0.03319502074688718,1.4881348123317024,1.9929701164339326
83172,rolamento_ball,rolamento_ball,True,1.0,0.012269938650306483,0.48622634984429575,0.6317065837213659
153845,desalinhado,desalinhado,True,0.8,0.01985111662531064,0.6002742848985749,0.8200413838053261
157129,normal,desalinhado,False,0.8,0.012269938650306497,0.5110130943668998,0.6555505853724113
168665,normal,normal,True,0.6,0.0,0.7204648460086078,0.9578534750878934
84206,rolamento_ball,rolamento_ball,True,0.4,0.01240694789081817,0.8826827287543889,1.1192819778326064
58169,rolamento_inner,rolamento_inner,True,0.8,0.012448132780081944,0.9958250107346288,1.3730370232448126
80574,rolamento_ball,normal,False,0.4,0.057071960297766955,0.8761807267659787,1.137348282260274
156929,normal,desalinhado,False,0.4,0.0,0.5910638730572285,0.785973492429371
101365,ventoinha,ventoinha,True,1.0,0.0797546012269933,0.5834226190118118,0.7622586027326907
34493,cocked_rotor,cocked_rotor,True,0.8,0.7284704778049323,0.7983519779523092,0.8460702410229276
41388,cocked_rotor,rolamento_inner,False,0.4,0.04714640198511201,0.8564663753938955,1.1101717096638344
117690,eccentric_rotor,eccentric_rotor,True,0.6,0.5212291771611747,0.58767873516476,0.6500331896233149
111943,cocked_rotor,cocked_rotor,True,0.8,0.03067484662576736,0.6679505106728457,0.9248933003987747
47095,rolamento_outer,rolamento_outer,True,0.6,0.06639004149377598,0.6651107697939473,0.8600729835106095
125172,ventoinha,ventoinha,True,1.0,0.41717791411042954,0.6670659109635582,0.9016521081841374
164365,rolamento_inner,rolamento_inner,True,1.0,37.84712904576806,45.628373841979055,50.89010712498083
51936,rolamento_outer,rolamento_outer,True,0.8,0.03319502074688873,0.876945698986014,1.0940333436927328
99700,ventoinha,ventoinha,True,0.6,0.0,0.6994593597819324,1.0318520491797027
62233,rolamento_ball,rolamento_inner,False,0.4,0.11042944785276065,0.6181896879646105,0.7993447328701685
54130,rolamento_inner,rolamento_inner,True,0.6,1.003718441045207,1.0344824543582611,1.0766583920584232
10997,desbalanceado,polia,False,0.4,0.8924623333525431,1.0427359994013252,1.1148197579100285
112867,cocked_rotor,cocked_rotor,True,1.0,0.0,0.32855624097403774,0.6041978535191582
154529,normal,normal,True,0.4,0.19106699751861056,1.343553655889823,1.6830387767761903
115449,cocked_rotor,polia,False,0.6,0.0,0.7779974455611318,1.063257906902098
109227,correia,correia,True,0.6,0.5110402864944427,0.544534886649872,0.6130275164648693
34922,cocked_rotor,cocked_rotor,True,0.6,0.029045643153527062,0.4551403374889659,0.6391486267089235
93262,polia,polia,True,1.0,1.1150851916689588,1.1756346814230145,1.2210379624420589
97192,ventoinha,ventoinha,True,0.4,0.0,0.8275488254669445,1.120288285214304
53933,rolamento_inner,rolamento_inner,True,1.0,0.13692946058091215,1.0895558311591682,1.6464386044799282
173697,eccentric_rotor,rolamento_inner,False,0.6,1.3083662551723616,1.3235035067171759,1.3369421552960965
97086,ventoinha,correia,False,0.4,1.1721095168723106,1.318839276393566,1.4110410717716273
51642,rolamento_outer,rolamento_outer,True,1.0,0.033195020746887266,0.5709982287367927,0.7766210990360057
53895,rolamento_inner,rolamento_inner,True,0.6,0.008298755186721518,1.1125735588605254,1.4935893392421313
45482,rolamento_outer,rolamento_outer,True,0.4,0.02729528535980137,0.5618273546770916,0.7422583981727571
119513,desbalanceado,desbalanceado,True,0.8,0.027295285359801358,0.4953657191256835,0.6436196948560945
41614,cocked_rotor,correia,False,0.4,1.011316370462892,1.1317251437202593,1.215855166422488
83377,rolamento_ball,rolamento_ball,True,1.0,0.01840490797545863,0.9032691187457178,1.1298833464734936
166871,rolamento_outer,normal,False,0.6,1.321040868592125,1.3775357575268334,1.4329392346329919
75596,rolamento_combination,rolamento_inner,False,0.6,0.566812420086194,0.685761353061954,0.7240461941459566
9844,normal,normal,True,0.6,0.059553349875930195,0.8926390586343358,1.1742712310657906
23289,eccentric_rotor,eccentric_rotor,True,0.6,0.10918114143920633,0.8842654950944631,1.1511220048382367
96552,ventoinha,ventoinha,True,0.6,0.044665012406947646,0.8616709403193588,1.072417329595737
126038,polia,polia,True,1.0,0.7112910822999542,0.8655258397426773,0.9509442108798897
61726,rolamento_ball,rolamento_ball,True,0.6,0.2576687116564429,0.6202155755123107,0.7447459495743073
121475,desbalanceado,desbalanceado,True,0.6,0.033195020746887266,0.5082554545963556,0.6858396536713361
82653,rolamento_ball,rolamento_ball,True,1.0,0.4968703195896096,0.6297586791735295,0.7031220339453008
81593,rolamento_ball,rolamento_outer,False,0.6,0.08713692946058127,0.5670429867251185,0.8468262878475161
87409,polia,polia,True,0.6,1.1018462485831735,1.302993246870587,1.4160749425094248
125703,ventoinha,ventoinha,True,1.0,0.0,0.4657877536418937,0.5849774409358568
140451,rolamento_ball,rolamento_inner,False,0.6,0.9418455244841178,1.0182118832338276,1.1199264313822241
69311,rolamento_inner,rolamento_inner,True,0.4,0.019851116625310646,0.610644114685488,0.7806608107271485
115345,cocked_rotor,cocked_rotor,True,0.6,0.6392053151504071,0.7016772260348807,0.7635115430612616
31352,eccentric_rotor,eccentric_rotor,True,0.4,0.31950207468879654,0.7664336398771993,0.9728719339115067
45963,rolamento_outer,rolamento_outer,True,0.6,0.20347394540942965,1.2518456491247367,1.5921250824211963
74851,rolamento_combination,rolamento_combination,True,1.0,0.972562077599379,1.060226757313929,1.1074836538691353
132760,rolamento_outer,rolamento_outer,True,0.6,0.024813895781637285,0.5542548106244289,0.7038100506511263
119844,desbalanceado,ventoinha,False,0.4,0.16873449131513651,0.6289805850253137,0.7776752382348834
33779,cocked_rotor,cocked_rotor,True,1.0,0.17177914110429526,0.6148268764279397,0.8029592045132362
163584,eccentric_rotor,normal,False,0.4,1.26871650703626,1.3028501020631418,1.3945579311366565
127337,polia,eccentric_rotor,False,0.8,0.04564315352697068,0.695336971504909,0.8844584528651422
90921,polia,polia,True,1.0,0.0613496932515325,0.5785019770228266,0.7297960402233384
60392,rolamento_inner,rolamento_outer,False,0.6,0.014888337468983187,0.8213180949759691,1.070982373449615
85004,polia,polia,True,0.8,0.853027529467326,0.9605435523048212,1.0326439511889878
46050,rolamento_outer,normal,False,0.6,0.7683223649190943,0.8466107880046275,0.9069905545084774
41644,cocked_rotor,cocked_rotor,True,0.8,0.0,0.6534926968843224,1.0071515939146336
96831,ventoinha,desbalanceado,False,0.4,0.2084367245657568,0.7964811463692942,0.9741955796812362
2130,normal,normal,True,1.0,1.511763495641658,2.0493256507676962,2.5012594410603852
123509,ventoinha,ventoinha,True,0.8,0.004962779156327438,0.6836291672560824,0.8753220028587063
144775,correia,correia,True,1.0,0.0,0.7429121608607344,1.046860780038618
122559,desbalanceado,desbalanceado,True,1.0,0.7238051321527099,1.0858770861358569,1.4491606832745663
10428,desbalanceado,desbalanceado,True,1.0,0.012269938650306678,0.590981392422135,0.8385694288637526
147866,desalinhado,desalinhado,True,1.0,0.07196029776674923,0.5881504318062578,0.7377177841139533
87580,polia,rolamento_inner,False,0.4,0.007444168734491607,0.7870381084844992,0.9890798343470333
88641,polia,polia,True,1.0,0.3926380368098165,0.6087282975523548,0.711878647475445
125098,ventoinha,ventoinha,True,1.0,0.3558282208588949,0.5923367447921577,0.733166243827696
157839,desalinhado,desalinhado,True,0.4,0.9816021245946178,1.0982008781995198,1.1727276426095217
66510,rolamento_ball,rolamento_ball,True,0.8,0.012448132780083443,0.6949982146435535,0.8784229404804292
83192,rolamento_ball,rolamento_ball,True,0.8,0.6604177707302465,0.795895807069052,0.8889251909591459
25799,eccentric_rotor,eccentric_rotor,True,0.4,0.8078086264265392,0.9360374016736672,0.9867439530776995
43040,rolamento_outer,rolamento_outer,True,0.8,0.09543568464730309,0.797055374511554,0.994964532080375
63089,rolamento_ball,rolamento_ball,True,0.4,0.049627791563276125,0.6892733705791054,0.8879990867143412
7556,desbalanceado,eccentric_rotor,False,0.8,0.5867532891215168,0.7059095399796836,0.8078610258513297
12855,desbalanceado,polia,False,0.8,0.004962779156327368,0.6445903721250656,0.8983198148666423
94489,ventoinha,ventoinha,True,1.0,0.34969325153374275,0.6844427054414473,0.8940644341180566
22787,eccentric_rotor,eccentric_rotor,True,0.6,0.03722084367245715,0.5538073284687111,0.7835463577643753
113953,cocked_rotor,cocked_rotor,True,1.0,0.6047895655501332,0.6776299026111147,0.7347511135465647
175471,rolamento_combination,rolamento_inner,False,0.4,3.6296894103757054,4.6356933181479105,5.09196185416541
141356,rolamento_combination,desalinhado,False,0.4,0.1042183622828789,0.6391659489635336,0.778365915683949
77197,rolamento_combination,cocked_rotor,False,0.6,0.8628354727149662,1.024999427192093,1.1723445560168217
59021,rolamento_inner,rolamento_inner,True,1.0,0.03067484662576736,0.5140843075554506,0.6874211043095421
11241,desbalanceado,polia,False,0.8,0.0,0.8782922401802867,1.2806402683225329
123405,ventoinha,eccentric_rotor,False,0.4,1.022081933233947,1.278724572225857,1.4020508561967748
8598,desbalanceado,desbalanceado,True,1.0,0.9437098345185442,0.9864278058138414,1.0329181857478864
128227,polia,eccentric_rotor,False,1.0,1.0874322159546337,1.189459294041113,1.3738082503617812
167534,teste,teste,True,1.0,0.014705882352941742,4.207842043660719,5.960094259001833
154302,desbalanceado,desbalanceado,True,0.6,0.0,0.7029185953062568,0.9428662770299014
132711,rolamento_outer,eccentric_rotor,False,0.4,0.03722084367245615,0.5597998098482981,0.8568552318675456
68748,rolamento_inner,rolamento_inner,True,1.0,0.012406947890818157,0.49269659346909134,0.6520866489253464
109988,correia,correia,True,1.0,0.186104218362283,0.8487150943705839,1.029592648138611
58969,rolamento_inner,rolamento_inner,True,1.0,0.9916062497548535,1.0924954630917019,1.1502892604940096
126045,polia,polia,True,1.0,1.1889781960851464,1.3050027703170497,1.389123866282318
82424,rolamento_ball,rolamento_ball,True,0.6,1.1667054486075652,1.2155664935098611,1.2411535890451468
8858,desbalanceado,desbalanceado,True,1.0,0.19018404907975395,0.675967929568374,0.889040807974423
157148,normal,normal,True,0.6,0.07975460122699335,0.6877267515584713,0.9681493883395956
42809,rolamento_outer,rolamento_outer,True,1.0,0.02489626556016694,0.6154465709177426,0.7907968873195815
124618,ventoinha,eccentric_rotor,False,0.4,0.18257261410788433,0.5109615544909782,0.6187348676871225
54466,rolamento_inner,rolamento_inner,True,1.0,0.8450941831564259,0.9749471790528836,1.0599392282218187
163569,eccentric_rotor,desbalanceado,False,0.4,0.6445351953271423,0.844651333969485,0.918138078919177
47093,rolamento_outer,rolamento_outer,True,0.6,0.8395355006117369,0.8547548678347381,0.8840418880929366
37312,cocked_rotor,ventoinha,False,0.4,0.024813895781638062,0.7096490354359245,0.92122386913518
7635,desbalanceado,normal,False,0.4,0.8993275606831685,1.1026821500067796,1.168037826979724
123340,ventoinha,polia,False,0.4,0.044665012406947854,0.606286180590507,0.7702349280552162
154946,normal,normal,True,0.4,0.06947890818858504,0.6007603341861381,0.793409683033523
57732,rolamento_inner,rolamento_inner,True,1.0,0.024896265560165443,0.9184924792263711,1.1671818329032226
32767,eccentric_rotor,polia,False,0.4,0.012406947890819038,0.6416209471440576,0.9632099257352487
160841,desalinhado,desalinhado,True,0.6,0.018404907975458684,0.4837468166148309,0.645469746290871
176946,normal,rolamento_combination,False,0.4,1.185470219000648,1.294402911344669,1.4466030442995685
90293,polia,polia,True,1.0,0.3318169561257081,0.41013147496317826,0.4984950538788992
5442,desbalanceado,desbalanceado,True,1.0,0.007444168734490719,1.9476675420820553,2.7982077328015595
72845,rolamento_combination,rolamento_combination,True,1.0,0.46768407222014563,0.600914516364231,0.7138699397711955
116666,eccentric_rotor,eccentric_rotor,True,0.8,0.053941908713693976,0.5722625178777734,0.7294790403303152
107609,correia,correia,True,0.6,0.0,0.7528148087243279,0.9546380155187049
69765,rolamento_inner,rolamento_ball,False,0.6,0.3568464730290454,0.6719769817360011,0.8515936917901146
42843,rolamento_outer,rolamento_outer,True,0.8,0.0,0.931346216440101,1.2148127303110736
122589,desbalanceado,desbalanceado,True,1.0,0.06134969325153247,0.7924489347946853,1.1742749656805387
54387,rolamento_inner,rolamento_inner,True,0.8,0.0,0.8741039985713144,1.1160551691357339
12791,desbalanceado,rolamento_ball,False,0.8,0.8248502594161078,0.9271523455426479,1.019513614645127
120867,desbalanceado,desbalanceado,True,1.0,0.59995574686112,0.6618155587619123,0.7554832287451283
89730,polia,polia,True,1.0,0.012269938650306497,0.5514735244969134,0.702869420314878
75344,rolamento_combination,rolamento_combination,True,1.0,0.0,1.0350211178075366,1.350934855685202
130731,rolamento_inner,rolamento_ball,False,0.6,1.6220402181400493,1.7696937547100546,1.8581227962341071
169175,desbalanceado,desbalanceado,True,1.0,0.0,1.1855924381258602,1.5410706948198494
36962,cocked_rotor,rolamento_inner,False,0.4,0.8624872697073761,0.9701782407248645,1.1144728767875736
53493,rolamento_inner,rolamento_inner,True,0.8,0.4785276073619642,0.9868774271509505,1.251439075991278
145713,correia,correia,True,0.6,0.15352697095435727,0.7556058452891352,0.9400392681408004
82685,rolamento_ball,rolamento_ball,True,1.0,0.2699386503067494,0.6169292230134523,0.8150385526787892
42391,cocked_rotor,cocked_rotor,True,0.8,0.0,0.46145873567475537,0.6170488466910357
93375,polia,polia,True,1.0,1.0040549937053753,1.1489530407007396,1.2946664044440477
131086,rolamento_inner,rolamento_ball,False,0.6,0.0,1.3506115848794074,1.7809648951901431
29836,eccentric_rotor,eccentric_rotor,True,1.0,0.49079754601227066,0.5951561677748936,0.6483592111670796
131960,rolamento_inner,rolamento_inner,True,1.0,0.07975460122699551,0.688789978083574,1.1310040002195718
64111,rolamento_ball,rolamento_ball,True,0.8,0.1742738589211611,0.5947281614792063,0.822283452352939
115944,eccentric_rotor,eccentric_rotor,True,0.6,0.0,0.8337592635461661,1.0864590917142956
86431,polia,polia,True,1.0,0.04149377593361055,0.8242640256486944,1.137518923382287
43659,rolamento_outer,rolamento_outer,True,0.8,0.6245367526043667,0.6464970684620767,0.6968167906218792
69737,rolamento_inner,rolamento_inner,True,0.8,0.8069454242576115,1.0194725641077145,1.1209506578036041
113797,cocked_rotor,cocked_rotor,True,0.4,0.08713692946058127,0.48092039387839297,0.6768111328259229
28354,eccentric_rotor,eccentric_rotor,True,1.0,1.0920938675559417,1.1478079881412406,1.2401564630604804
52316,rolamento_outer,rolamento_outer,True,1.0,0.724664307063441,0.816605518407564,0.847805653109125
171124,normal,ventoinha,False,0.6,1.494132980581298,1.8594305946823044,2.165426240093385
138951,rolamento_outer,rolamento_outer,True,0.8,0.0,0.4847964491836804,0.647412386187674
91369,polia,polia,True,1.0,0.04907975460122596,0.5641683516625807,0.7359497771198734
64670,rolamento_ball,rolamento_ball,True,0.6,1.3897206882347546,1.437537177545457,1.5040428830632582
123713,ventoinha,polia,False,0.6,0.007444168734490733,0.6003122972849325,0.8215959158502238
126821,polia,polia,True,1.0,0.9402704899852904,1.043722624132516,1.0854062975641146
96644,ventoinha,ventoinha,True,0.6,0.09677419354838723,0.7274297251562329,0.8928707127593527
83226,rolamento_ball,rolamento_ball,True,1.0,0.09202453987730198,0.8320580683923492,1.088481290223663
48415,rolamento_outer,rolamento_outer,True,0.4,0.0920245398772998,0.5710049591767548,0.7208802039543932
89221,polia,polia,True,1.0,0.0,0.4398426868328819,0.6186911217006407
121001,desbalanceado,correia,False,0.8,0.49145204274159116,0.7208713971810653,0.8378731903690759
129630,rolamento_inner,rolamento_combination,False,0.6,1.474005352756214,1.5581928460009693,1.598338018415375
134779,rolamento_outer,rolamento_outer,True,1.0,0.01840490797546082,0.5321088393762843,0.7632701059411017
105826,correia,correia,True,0.6,0.007444168734490608,0.8145466807023215,1.1261918606540473
165313,eccentric_rotor,eccentric_rotor,True,1.0,2.673578296233045,2.887257552744383,3.5415136963271454
40695,cocked_rotor,cocked_rotor,True,0.6,0.8229004754160668,0.9030345426792913,0.9608219253885406
122224,desbalanceado,desbalanceado,True,1.0,0.3987730061349687,0.608685621847832,0.6715564762644528
131893,rolamento_inner,rolamento_inner,True,1.0,0.0,0.7781862833919553,1.0262531937849177
93771,ventoinha,ventoinha,True,1.0,0.6998876704252983,0.7306516259038709,0.7478029777817605
44495,rolamento_outer,rolamento_inner,False,0.6,0.7136014982159008,0.8036940420904513,0.9028110577440318
80826,rolamento_ball,rolamento_outer,False,0.6,1.0779093627763898,1.1124664929358647,1.1655580428022279
2051,normal,normal,True,1.0,2.6496402308432043,2.9973658702654262,3.330987693244214
97127,ventoinha,rolamento_combination,False,0.4,0.024813895781638062,0.6318861247186074,0.8030600152114248
69576,rolamento_inner,rolamento_combination,False,0.4,0.23651452282157687,1.132985997005362,1.4212098772983222
115439,cocked_rotor,eccentric_rotor,False,0.4,0.07196029776675011,0.49144028732286776,0.6273610821387986
138954,rolamento_outer,cocked_rotor,False,0.4,0.23651452282157687,0.5519285547341536,0.6775161684497273
139772,rolamento_ball,rolamento_ball,True,1.0,0.012269938650306497,0.4663056104909491,0.663489335708554
39580,cocked_rotor,cocked_rotor,True,0.8,0.0,0.9345176411563744,1.3438188233664212
48659,rolamento_outer,rolamento_outer,True,1.0,0.018404907975458684,0.9876221579681133,1.3427137149885469
157388,normal,desalinhado,False,0.4,0.04907975460122599,0.43890412786100297,0.5567461308158868
64066,rolamento_ball,rolamento_ball,True,0.6,0.12033195020746845,0.6699303886881187,0.8899155080080147
58728,rolamento_inner,rolamento_outer,False,0.8,0.049079754601226044,0.5455767914996486,0.74381565690731
181246,falta_fase,falta_fase,True,1.0,2.06959971994279,2.2463931122206704,2.4639982884925975
43332,rolamento_outer,rolamento_outer,True,1.0,0.0,0.6054876735173126,0.8308968479136968
119451,desbalanceado,desbalanceado,True,0.4,0.5548712434332559,0.7451662622750476,0.802503868345889
180949,rolamento_combination,falta_fase,False,1.0,1.6155849677434186,1.7887603019205378,1.9831212829624227
25297,eccentric_rotor,eccentric_rotor,True,1.0,0.49079754601227077,0.7372176800474621,0.8314510059694441
29963,eccentric_rotor,eccentric_rotor,True,1.0,0.1472392638036801,0.5141883140576313,0.6311895915757214
33914,cocked_rotor,cocked_rotor,True,1.0,0.0,0.42484276592188885,0.5451310066249023
73601,rolamento_combination,rolamento_combination,True,1.0,0.06224066390041583,0.7838304320841792,0.9886125820575585
135295,rolamento_ball,rolamento_ball,True,0.8,0.0570719602977669,0.5409542913685481,0.7427162583392805
64755,rolamento_ball,rolamento_ball,True,1.0,0.0797546012269933,0.6053422488963813,0.8227539127008523
142470,rolamento_combination,rolamento_combination,True,0.8,1.5382179947491827,1.584281428648108,1.6118757210555328
127996,polia,rolamento_ball,False,0.6,1.0030903127579043,1.0730879852795816,1.1329223383471356
172097,normal,normal,True,0.6,1.8406324449519982,1.9656054883672922,2.2002943731114577
12894,desbalanceado,rolamento_outer,False,0.4,0.17369727047146388,0.5583207901365996,0.7049199954421441
146790,correia,correia,True,1.0,0.5144336769435544,0.6604528564093565,0.8198921779186976
44534,rolamento_outer,rolamento_outer,True,0.6,0.0,0.49364762268654544,0.6441352685244128
63389,rolamento_ball,rolamento_combination,False,0.4,0.0,1.2159483896109484,1.538701710743302
176286,rolamento_inner,rolamento_inner,True,0.8,1.7010971396993133,2.177735327535471,2.385394387117063
93049,polia,polia,True,1.0,0.10788381742738512,0.5290282619879101,0.7590593172902013
144880,correia,correia,True,1.0,0.6073619631901834,0.707645504232065,0.8024552507698398
100000,ventoinha,ventoinha,True,1.0,0.9862832839067084,1.015892324595782,1.0860959961982084
180345,desbalanceado,desbalanceado,True,1.0,0.5113245945701443,0.6663639817837721,0.7533939474902613
110042,correia,correia,True,1.0,0.0049627791563274445,0.7002272423958538,0.9008232145990583
135262,rolamento_ball,rolamento_inner,False,0.4,0.10669975186104219,1.1387382054483794,1.5152860267905466
43824,rolamento_outer,rolamento_outer,True,0.6,0.7066600947751863,0.7796645900878689,0.8385693592680953
125845,ventoinha,ventoinha,True,1.0,0.5162338354270138,0.5587037146720145,0.6170078717586022
43974,rolamento_outer,rolamento_outer,True,0.6,0.6361257568428226,0.6936776254323525,0.8888867266503409
99420,ventoinha,ventoinha,True,1.0,0.06748466257668684,0.522621727840343,0.675510631360519
180293,normal,normal,True,0.6,0.8508543816758303,0.8902568384018041,0.9170044092117376
131746,rolamento_inner,rolamento_inner,True,1.0,1.2336780423194615,1.397958496963011,1.452270174381613
172922,rolamento_outer,rolamento_outer,True,0.4,0.8085021732165993,1.0505977143357224,1.1841909377873079
27690,eccentric_rotor,cocked_rotor,False,0.4,0.0074441687344917185,1.0593467296614425,1.5295975738839793
118734,desbalanceado,eccentric_rotor,False,0.6,0.01985111662530975,0.9481122952019726,1.2174019557216023
144952,correia,correia,True,1.0,0.6854899666657472,0.7787999923272205,0.8976957952881865
124035,ventoinha,ventoinha,True,1.0,0.06639004149377603,0.5963325357190687,0.8122136084806284
88836,polia,polia,True,1.0,0.8664201582210463,0.9914358070280166,1.116260592869128
129544,rolamento_inner,rolamento_inner,True,0.8,0.7167487774053749,0.7306763419687445,0.7705731369162335
165797,normal,normal,True,1.0,0.0613496932515325,1.322678527328804,1.9476976873265408
12866,desbalanceado,desbalanceado,True,0.6,0.7688299439998056,1.0858586829165477,1.194510902857721
46676,rolamento_outer,normal,False,0.4,0.6131321688797935,0.6522899219477537,0.6921749641279001
99874,ventoinha,ventoinha,True,1.0,0.6820754896252259,0.712932817507002,0.7622031773737017
140446,rolamento_ball,rolamento_ball,True,1.0,0.2531120331950205,1.130554700565399,1.410967909054833
131089,rolamento_inner,rolamento_inner,True,1.0,0.8340615616937657,0.8967091472153896,0.9617445311720165
155990,normal,ventoinha,False,0.6,0.00829875518672181,0.7824799840733425,1.0724364100609949
22043,eccentric_rotor,eccentric_rotor,True,0.8,0.28630705394190925,0.6594238906340971,0.8499528758952383
120997,desbalanceado,rolamento_outer,False,0.6,0.7847987301264481,0.8264084641720876,0.8889563723596685
50244,rolamento_outer,rolamento_outer,True,0.6,0.012269938650306511,0.6046726644179181,0.798185735895445
146295,correia,correia,True,0.8,0.007444168734490719,0.5329595943781144,0.7173747934816572
6027,normal,normal,True,1.0,0.9225906301177231,1.0274219726795328,1.1963270491987126
179577,desbalanceado,desbalanceado,True,1.0,1.0407385978788926,1.394735362383995,1.6435711401284145
135827,rolamento_ball,polia,False,0.6,0.6471510323205995,0.7237791224681416,0.7666004251436765
37534,cocked_rotor,cocked_rotor,True,0.6,0.02074688796680524,0.8584603716006758,1.1118457598544293
155482,normal,desbalanceado,False,0.6,0.39004149377593267,0.6444689993809894,0.7668160015740623
61788,rolamento_ball,rolamento_ball,True,0.6,0.6547133256143242,0.6874228213642747,0.7729065549989347
109273,correia,correia,True,1.0,0.2269938650306756,0.5561823939354009,0.6857768309114687
44701,rolamento_outer,rolamento_outer,True,0.4,0.9043503981909897,1.003027747821005,1.0452134658741512
110474,correia,correia,True,1.0,0.012406947890818157,0.48199584141378093,0.6763177118427239
98365,ventoinha,ventoinha,True,0.8,0.856566234923785,0.9314595818251273,0.9668863062923795
115642,eccentric_rotor,desalinhado,False,0.6,0.9763265280433338,1.027008102517502,1.1320233896155463
66376,rolamento_ball,rolamento_ball,True,0.8,0.8243400304242497,0.9675397828782669,1.0782923523974264
178332,desalinhado,desalinhado,True,1.0,0.9082510433027671,0.9777449757061341,1.0477464833365526
41689,cocked_rotor,eccentric_rotor,False,0.4,0.0,0.5844863904619676,0.8092159447449744
132968,rolamento_outer,desbalanceado,False,0.4,0.0,0.9307138013938612,1.1998762370153035
8576,desbalanceado,desbalanceado,True,1.0,0.9530185314781324,0.9757703700517139,0.989264090718797
180142,desalinhado,desalinhado,True,1.0,1.2060119729098657,1.348835221253475,1.4717807546156008
90256,polia,polia,True,1.0,0.0,0.6267742131624967,0.8128034894698021
75188,rolamento_combination,rolamento_combination,True,1.0,1.6830448977492454,1.698006986425669,1.7109902122348952
32852,eccentric_rotor,cocked_rotor,False,0.4,0.012406947890819031,0.5321138908471412,0.6873850535255772
99655,ventoinha,ventoinha,True,0.8,0.2863070539419077,0.9676892114662092,1.201298421833531
109193,correia,normal,False,0.6,0.0,0.6331599563590162,0.8595404457527057
127683,polia,polia,True,1.0,0.020746887966803795,1.266864316382802,1.6511612786968843
23507,eccentric_rotor,eccentric_rotor,True,0.6,0.0,0.9925657482624926,1.3173764593600712
105542,correia,correia,True,0.8,0.024813895781637174,0.7213433450090394,0.9402119384734189
90896,polia,polia,True,1.0,0.33128834355828185,0.860105370785447,1.0112326077956288
102311,ventoinha,ventoinha,True,0.8,0.17866004962779225,0.5906739315872273,0.7567609330359348
103991,correia,correia,True,1.0,0.18362282878411884,0.7646735450697463,1.0043746765970083
24128,eccentric_rotor,eccentric_rotor,True,1.0,0.0,0.5208603233103946,0.6678993814489751
69005,rolamento_inner,rolamento_combination,False,0.4,0.0,0.5589506220181117,0.7571330773988495
161694,normal,normal,True,0.6,0.01985111662531064,0.7195600664530046,0.9388841326707462
156650,normal,normal,True,0.2,0.0,0.5514900975351994,0.787184387235266
22313,eccentric_rotor,eccentric_rotor,True,0.4,0.9278932249720233,1.1445601629901925,1.2847247694117996
31957,eccentric_rotor,eccentric_rotor,True,1.0,0.7043085662453219,0.7145241299354416,0.7377241979346771
158831,desalinhado,desalinhado,True,0.8,0.020746887966805266,0.726283231037112,0.9866849332395977
119687,desbalanceado,eccentric_rotor,False,0.6,0.7247991416368194,0.8670740985525418,0.9448347963976124
66437,rolamento_ball,rolamento_outer,False,0.6,0.772036076677395,0.8196957374716785,0.8772630361341286
57542,rolamento_inner,rolamento_ball,False,0.8,0.7493497849816477,0.7882383800397036,0.844007416196051
168306,rolamento_outer,rolamento_outer,True,0.6,1.8771914731047235,3.3498174894694492,3.845521406124513
148885,desalinhado,desalinhado,True,0.4,0.809449027578905,0.9047953471205922,0.9974315894407766
122480,desbalanceado,desbalanceado,True,1.0,0.7184096845275111,0.8778160726365491,1.0303628150876458
150165,desalinhado,desalinhado,True,1.0,0.018404907975460794,0.554117912005837,0.7153808277498874
161381,desalinhado,normal,False,0.8,0.061349693251534665,0.5712538517276949,0.7680285258865961
57783,rolamento_inner,rolamento_inner,True,0.8,0.04149377593361053,0.723950353531281,0.9483431621552577
60142,rolamento_inner,polia,False,0.4,0.0,0.7305768034768321,0.9538701311967602
2060,normal,normal,True,1.0,1.078340379640984,1.1545229461952444,1.210844888895672
112042,cocked_rotor,cocked_rotor,True,1.0,0.0,0.5840457848164049,0.8062668322021161
175629,rolamento_ball,falta_fase,False,0.4,3.833465233251021,4.528106313665303,4.8922158598704435
96580,ventoinha,rolamento_outer,False,0.6,0.7965335321648322,0.837869016218019,0.8824273665904171
146189,correia,correia,True,1.0,0.22821576763485502,0.618872962026441,0.7425236297837776
37197,cocked_rotor,cocked_rotor,True,0.6,0.04466501240694787,0.764370470803261,1.0136173023491197
56729,rolamento_inner,rolamento_inner,True,0.4,0.0,1.0978304772366605,1.4122402452679788
100365,ventoinha,desbalanceado,False,0.4,0.15352697095435577,0.6721835957759946,0.8660310324908765
81573,rolamento_ball,rolamento_outer,False,0.8,0.23651452282157692,0.8147307017399961,0.9769186584550242
99939,ventoinha,ventoinha,True,1.0,0.6805202406558802,0.7664660042854503,0.8897040214656299
46251,rolamento_outer,desbalanceado,False,0.4,0.841723483656122,0.8946986323583863,0.9610380634101771
79500,rolamento_combination,rolamento_combination,True,1.0,1.6782861109965632,1.8079388768710984,1.941747515802174
131333,rolamento_inner,rolamento_inner,True,1.0,0.6368612321393513,0.9467505157756051,1.0335175582828813
156270,normal,polia,False,0.6,1.1485175275141082,1.2721831450913854,1.3620180154799493
22763,eccentric_rotor,eccentric_rotor,True,0.6,0.004962779156327424,0.7330697332282687,0.9290015433140729
61018,rolamento_inner,rolamento_inner,True,1.0,0.33195020746887993,1.340476230518028,1.6733018998666827
33975,cocked_rotor,cocked_rotor,True,0.8,0.1717791411042931,0.5478486750422672,0.68233276802278
72395,rolamento_combination,polia,False,0.6,0.5894161181503497,0.5932274887347146,0.5985787324890329
147465,desalinhado,desalinhado,True,0.8,0.007444168734490719,0.5320999152594883,0.7847360961815706
111004,correia,correia,True,1.0,0.012269938650306511,0.5095597267371135,0.6642511212636961
40534,cocked_rotor,cocked_rotor,True,0.4,0.7432976484703235,0.9083259170789884,1.0655488255418506
167824,normal,normal,True,1.0,0.06639004149377598,1.2453707598607358,1.8138106069012592
33141,eccentric_rotor,eccentric_rotor,True,0.4,0.696088476421498,0.7921964211668265,0.8631915272900569
109297,correia,correia,True,0.6,0.3128834355828232,0.5335002140857007,0.6181334287993197
79975,rolamento_combination,rolamento_combination,True,0.6,0.05394190871369253,0.5696950218443538,0.7627953655075137
117857,eccentric_rotor,normal,False,0.8,0.9263606878772735,0.9757133587368158,1.0081775879812764
92932,polia,polia,True,1.0,1.0112564109370956,1.0427060684257734,1.1074201995635395
160369,desalinhado,desalinhado,True,0.6,0.09815950920245414,0.8531791504187562,1.2009822506708072
124400,ventoinha,ventoinha,True,0.4,0.5821032596973954,0.6926496895684775,0.7640991875441664
65209,rolamento_ball,rolamento_outer,False,0.6,0.5925379642757709,0.6389681071205884,0.6834498842459368
74211,rolamento_combination,correia,False,0.6,0.02074688796680524,0.6463519477599771,0.8578416082002076
98187,ventoinha,ventoinha,True,0.4,0.866210878239197,0.9075747218685333,0.9490526427021012
75122,rolamento_combination,rolamento_combination,True,1.0,0.47239263803681203,1.6945852429814239,2.0787893913111697
40244,cocked_rotor,cocked_rotor,True,1.0,0.8271022737658892,0.834414499309239,0.8424519399623095
37274,cocked_rotor,cocked_rotor,True,0.6,1.1475404195042858,1.4857852926016457,1.8801988901300002
66779,rolamento_inner,rolamento_inner,True,0.8,1.1059761287014414,1.2163753278904306,1.2593987936432396
43716,rolamento_outer,rolamento_outer,True,1.0,0.7495949550685134,0.8346067773478832,0.8826444237052551
104058,correia,correia,True,1.0,0.10918114143920635,0.4432481477685468,0.555246968950606
35865,cocked_rotor,eccentric_rotor,False,0.4,0.06451612903225848,0.7120848792809762,0.9963190250027482
169583,normal,normal,True,1.0,0.0,0.7380608745629461,1.0097719884788698
40895,cocked_rotor,eccentric_rotor,False,0.4,0.07196029776674923,0.9073801920724568,1.1822534343597242
74695,rolamento_combination,rolamento_combination,True,1.0,0.03067484662576514,1.158104668635218,1.5965478139411473
93051,polia,polia,True,1.0,0.6235383002243438,0.7755303629434256,0.8627097459767186
57260,rolamento_inner,rolamento_inner,True,1.0,0.0,0.5759200642912569,0.7416649294276109
162944,rolamento_inner,rolamento_outer,False,0.4,0.0,0.6523581200476731,0.8308857544506428
116539,eccentric_rotor,eccentric_rotor,True,1.0,0.13647642679900682,0.514418949887678,0.7051120083278116
118869,desbalanceado,desbalanceado,True,0.4,0.00744416873449158,0.5319022610921298,0.6938279402858019
150897,normal,rolamento_outer,False,0.6,0.9695389227307462,1.0719137003406054,1.1888706563994733
159993,desalinhado,cocked_rotor,False,0.6,0.5970569947521979,0.6619683081125874,0.693361881489649
124263,ventoinha,cocked_rotor,False,0.4,0.26970954356846416,0.564920084564615,0.645595952644885
139081,rolamento_outer,rolamento_outer,True,0.6,0.020746887966805294,0.580846790713502,0.746743397665392
145674,correia,correia,True,0.8,0.42323651452282135,0.7554369299213299,0.9038765677838878
124215,ventoinha,cocked_rotor,False,1.0,0.41651440027745285,0.5450872729910976,0.6338287978783704
96214,ventoinha,ventoinha,True,0.6,0.6772932395069394,0.7569000103689555,0.8383975377912245
170954,cocked_rotor,normal,False,0.6,1.7080387830683061,2.0501752966382183,2.626569148925813
54774,rolamento_inner,rolamento_inner,True,0.8,0.024813895781637174,0.612193561129191,0.7730689979039086
85607,polia,polia,True,1.0,0.9788742130013797,1.153530101787545,1.2166487825560843
74907,rolamento_combination,rolamento_combination,True,1.0,0.042944785276073816,1.2776085087341562,1.7811425429455088
139964,rolamento_ball,rolamento_ball,True,1.0,0.5542891213163533,0.6225955909841824,0.6808769492830635
97298,ventoinha,ventoinha,True,0.6,0.019851116625310694,0.8240788354709212,1.0686674502667028
64290,rolamento_ball,rolamento_combination,False,0.8,0.9347308841826562,0.9702696706326839,0.990557232871309
172242,desbalanceado,desbalanceado,True,0.4,1.0072111295221637,1.102570464320039,1.1984247288460685
140046,rolamento_ball,rolamento_ball,True,1.0,0.7932159308185168,0.8638617054046593,0.9522427159367689
84613,polia,rolamento_outer,False,0.4,0.8520258908776839,0.9096818546372264,0.9815064140548603
4852,desbalanceado,desbalanceado,True,1.0,2.1607371369258423,2.480149198947853,2.696612701835078
123588,ventoinha,ventoinha,True,0.6,0.14392059553349928,0.7739049151923514,0.9898429712931387
58935,rolamento_inner,rolamento_inner,True,0.6,0.5398773006134988,0.7404048288726282,0.8393601382129601
11773,desbalanceado,eccentric_rotor,False,0.8,0.6064558668361528,0.6687220455652374,0.6885189326009434
164742,rolamento_combination,rolamento_combination,True,1.0,14.077034191981909,16.897266064156156,22.33446040761603
120594,desbalanceado,desbalanceado,True,0.6,0.8233509764127667,0.9946518026689135,1.1518295852097575
116364,eccentric_rotor,eccentric_rotor,True,0.4,0.11662531017369704,0.591715927177129,0.7296091803388894
132978,rolamento_outer,normal,False,0.6,0.7710954548387196,0.8218777829624937,0.8472349679348349
73292,rolamento_combination,rolamento_combination,True,1.0,1.5118162063577818,2.0048525490685667,2.167898907377187
121193,desbalanceado,eccentric_rotor,False,0.4,0.012448132780083443,0.7228929321693917,0.9471155630104195
177007,normal,normal,True,1.0,0.8104749863286727,1.0997770009194208,1.222208454153659
89388,polia,polia,True,1.0,0.26993865030674724,0.680013028667396,0.9683417514153358
123397,ventoinha,polia,False,0.4,0.014888337468983201,0.4893868374497875,0.6652076220119221
51639,rolamento_outer,rolamento_outer,True,0.6,0.3153526970954349,0.7030823177782719,0.8630455761710304
10651,desbalanceado,desbalanceado,True,1.0,0.06134969325153472,1.100598813272553,1.4270889031692866
71981,rolamento_combination,rolamento_inner,False,0.8,0.007444168734490719,0.6145395344831581,0.8202045037659127
170636,rolamento_combination,rolamento_outer,False,0.6,2.6225600739769708,3.4558662669204367,3.8642557178576857
63628,rolamento_ball,rolamento_outer,False,0.6,0.7620911293614553,0.8775991514936194,0.9280634091166968
143347,rolamento_combination,rolamento_combination,True,1.0,0.48468506382792337,0.621752195235959,0.8089454637099338
72270,rolamento_combination,rolamento_combination,True,0.4,0.8889370380943755,0.9731630261238768,1.036584348035385
69920,rolamento_inner,rolamento_ball,False,0.8,0.00829875518672329,0.6141023890680912,0.7856626926051955
169118,normal,normal,True,1.0,0.0,1.2025092338452645,1.5435756367441396
170505,rolamento_outer,rolamento_outer,True,1.0,2.33229071794736,2.458041424376625,2.5893422761415597
32301,eccentric_rotor,eccentric_rotor,True,1.0,0.4294478527607382,0.6489179614755626,0.7358086412907002
7878,desbalanceado,desbalanceado,True,1.0,0.8834351139857182,1.1552581513560198,1.363065121647359
121975,desbalanceado,desbalanceado,True,1.0,0.0,0.5591163234088239,0.720012632038403
177738,normal,normal,True,0.8,1.3027770440775444,1.729504927108857,2.160643425967296
9576,normal,normal,True,1.0,0.007444168734490719,0.7020582149287202,0.9301564274274223
106061,correia,correia,True,1.0,0.884401876905362,0.9446033056072816,1.007798379311724
69718,rolamento_inner,rolamento_inner,True,0.8,0.1493775933609956,0.8286863843887968,1.2207910579677423
101968,ventoinha,ventoinha,True,1.0,0.0,0.7751464816390634,1.0030954234078242
26942,eccentric_rotor,cocked_rotor,False,0.4,0.7574743772951505,0.8356551770775844,0.8751070250910299
142234,rolamento_combination,rolamento_combination,True,0.4,0.007444168734490719,0.5165293895894971,0.7021241088839925
31698,eccentric_rotor,eccentric_rotor,True,1.0,0.7579118242889739,0.8662560437207176,0.9490846675879246
120973,desbalanceado,normal,False,0.8,0.0,0.5577515437037255,0.7309100779068717
11595,desbalanceado,rolamento_combination,False,0.4,0.21161825726140993,0.7058012515839402,0.8606424344671005
110475,correia,correia,True,1.0,0.012406947890818157,0.4842190594617282,0.676340471821235
54235,rolamento_inner,rolamento_inner,True,0.6,0.020746887966805128,0.9179124947650935,1.3295348967755982
119828,desbalanceado,normal,False,0.4,0.05955334987593017,0.4854275350556789,0.6212717154795869
49502,rolamento_outer,rolamento_outer,True,0.8,0.6833795468216235,0.7310357904555403,0.7580150317973681
100600,ventoinha,ventoinha,True,1.0,0.5508661773980784,0.5989879935851525,0.6591374013924923
127987,polia,rolamento_combination,False,0.8,0.11166253101736962,0.46492092699448806,0.6399409450360967
141303,rolamento_combination,rolamento_combination,True,1.0,0.12655086848635277,0.7098007810270719,0.9678043623493179
103091,correia,correia,True,1.0,0.09202453987730197,0.9194802572915268,1.2071890376473415
70561,rolamento_combination,rolamento_combination,True,1.0,0.3251533742331296,1.3447970871774206,1.6047970574078545
70998,rolamento_combination,rolamento_combination,True,1.0,1.07188029781437,1.2371454183277482,1.3171234292948202
33076,eccentric_rotor,eccentric_rotor,True,0.6,0.012406947890818143,0.7327116302126966,0.9170030556086117
33730,cocked_rotor,cocked_rotor,True,1.0,0.7187983634727337,0.749353237926672,0.7968778899397455
83228,rolamento_ball,rolamento_ball,True,1.0,0.07975460122699332,0.83114725478215,1.127746787115475
73159,rolamento_combination,rolamento_combination,True,1.0,0.38036809815951,0.696408830660722,0.8613681873416039
131021,rolamento_inner,rolamento_inner,True,0.8,0.053941908713693976,1.3111074061649561,1.941089773369633
72180,rolamento_combination,rolamento_inner,False,0.6,0.012406947890819031,0.6994615691346955,0.8983885234400866
146258,correia,correia,True,1.0,0.017369727047146483,0.6158441889950952,0.8169244496559291
77470,rolamento_combination,rolamento_inner,False,0.4,0.6205089301294762,0.7110135263503724,0.8401679029200081
78529,rolamento_combination,rolamento_ball,False,1.0,0.9431390292441544,0.9620541304158257,0.9844776525946906
75454,rolamento_combination,rolamento_combination,True,1.0,1.230540178003044,1.3654023163442168,1.498612156148757
92362,polia,polia,True,0.4,0.6513284704798142,0.7190842598273647,0.7471764032108261
96777,ventoinha,ventoinha,True,0.4,0.6159184490262042,1.0015537244320736,1.1648291045907002
11906,desbalanceado,desbalanceado,True,0.6,0.08713692946058127,0.6497913465339618,0.8496944195378965
8991,normal,normal,True,0.4,0.04149377593361053,0.7284750795579479,0.964627100391352
50890,rolamento_outer,rolamento_outer,True,0.8,0.7145393300774066,0.7683541213326934,0.8274680255365782
34730,cocked_rotor,cocked_rotor,True,1.0,0.0,0.4492055150169948,0.5890748201407455
67994,rolamento_inner,rolamento_inner,True,0.4,0.004962779156327438,0.6468673311759752,0.8392238713741798
145323,correia,correia,True,1.0,0.8535186244516461,0.9809265625631823,1.0468448250125952
82520,rolamento_ball,rolamento_ball,True,0.8,0.6849805489439382,0.7428006718199403,0.7691658509373721
58566,rolamento_inner,rolamento_outer,False,0.6,0.0,0.6373426611618622,0.8593088116497322
35044,cocked_rotor,cocked_rotor,True,0.6,0.0746887966804978,0.47376625150862867,0.5849949406628336
126229,polia,polia,True,1.0,0.018404907975458684,0.5515068394774657,0.6993004763584186
52914,rolamento_inner,rolamento_inner,True,0.4,0.03067484662576736,0.5161908578400315,0.6838603723196525
104928,correia,correia,True,0.6,0.19087136929460619,0.7271966327639573,0.9380595667877373
21997,eccentric_rotor,eccentric_rotor,True,0.6,0.6665302066437697,0.8630360995971135,0.95279633302679
109575,correia,correia,True,1.0,0.2282878411910667,0.9436948236637626,1.209369885095756
49277,rolamento_outer,rolamento_outer,True,1.0,0.5830193983451294,0.665407510977649,0.7237497101038077
64495,rolamento_ball,ventoinha,False,0.6,0.36514522821576717,1.3184224357695888,1.6156999072466067
27258,eccentric_rotor,cocked_rotor,False,0.4,0.16182572614107904,0.558453753999234,0.7433174771972493
35761,cocked_rotor,polia,False,0.6,0.7716660186386054,0.8827007177039979,0.9180389840450379
166569,rolamento_ball,rolamento_ball,True,1.0,0.004962779156327424,2.7251588162829217,5.248680241914357
98286,ventoinha,ventoinha,True,0.6,0.0,0.6083538597119411,0.8199433404561576
104812,correia,correia,True,0.6,0.8200136963176696,0.8354573616459231,0.85378870271686
45996,rolamento_outer,cocked_rotor,False,0.6,0.017369727047145567,1.1851165195845135,1.567186975343757
125217,ventoinha,ventoinha,True,1.0,0.0,0.6029865774341447,0.8180531649263739
120118,desbalanceado,desbalanceado,True,1.0,0.10669975186104219,0.6799059534686938,0.8557061970718608
40157,cocked_rotor,correia,False,0.4,0.8033411914802661,0.9947342035722381,1.130908162791849
29660,eccentric_rotor,cocked_rotor,False,0.4,0.0,0.7537801736427271,1.0814342911534467
64395,rolamento_ball,rolamento_ball,True,1.0,0.05394190871369253,0.6528689287374989,0.8303242576322765
80073,rolamento_combination,rolamento_inner,False,0.6,0.751292116895243,0.7536338873751718,0.7566446010416779
82190,rolamento_ball,rolamento_outer,False,0.8,0.08713692946058127,0.6257240303334171,0.7870652229468998
32173,eccentric_rotor,eccentric_rotor,True,1.0,0.01840490797546082,0.4861682672089126,0.6673217227612052
49948,rolamento_outer,rolamento_outer,True,0.6,0.5751028054209688,0.6436211371882432,0.715093981263733
31447,eccentric_rotor,eccentric_rotor,True,0.8,0.918883964813572,0.946662131969479,0.9818733862659387
126457,polia,polia,True,1.0,0.524058836803536,0.7428225162108724,0.8680077315372012
86700,polia,polia,True,1.0,2.023393526733892,2.1297441775344956,2.2707670514557177
106657,correia,correia,True,1.0,0.0,0.6098699040385419,0.9314648349662824
100105,ventoinha,desbalanceado,False,0.6,0.07468879668049783,0.7966523375453092,1.0282782655720326
169300,desbalanceado,desbalanceado,True,1.0,0.0,1.387713279923625,2.048268393495063
58221,rolamento_inner,rolamento_inner,True,0.6,0.18257261410788433,0.6694345950351256,0.813166345583952
144305,correia,correia,True,1.0,0.0797546012269934,0.9320637233784239,1.256032895181376
53883,rolamento_inner,rolamento_inner,True,0.8,1.0676690758622491,1.192490778524331,1.3095467366708626
99222,ventoinha,ventoinha,True,1.0,0.012269938650306511,0.5430505836925594,0.6830067232130764
135910,rolamento_ball,rolamento_ball,True,0.6,0.0397022332506204,0.5446452654373293,0.7091866305183501
160383,desalinhado,desalinhado,True,0.6,0.6349141784595249,0.6586339667008174,0.674171666144902
52816,rolamento_inner,rolamento_inner,True,0.6,0.5030674846625771,0.6285738193029925,0.7081638894403205
79039,rolamento_combination,rolamento_combination,True,1.0,0.3006134969325167,0.8176924308527456,0.9732107153659177
9829,normal,normal,True,0.6,1.1677829428783892,1.2550990069287038,1.2798923355459166
30109,eccentric_rotor,correia,False,0.6,0.5600573302514065,0.6584904333054864,0.7228868097367138
82712,rolamento_ball,rolamento_ball,True,0.8,0.0,0.7724086448062785,1.0694243890102524
153259,desalinhado,eccentric_rotor,False,0.6,0.8388419173774415,0.8839375928364479,0.9220351489720796
104006,correia,correia,True,1.0,0.07692307692307666,0.6254484225395658,0.7685572857882405
43911,rolamento_outer,rolamento_outer,True,0.4,1.019482676392047,1.0726792164428391,1.1137412573691226
164011,normal,normal,True,1.0,0.5214723926380358,2.6747960247876605,3.3722120148378285
69593,rolamento_inner,rolamento_inner,True,0.8,0.0,0.7802343080234359,1.0655274654635913
128266,polia,ventoinha,False,0.4,0.07444168734491247,0.6491732037633372,0.8532754788855623
178238,desalinhado,desalinhado,True,0.8,1.224440709191808,1.4818920712502985,1.7227087093486446
173103,rolamento_inner,rolamento_inner,True,0.6,1.2426430645201665,1.4318047465048063,1.5632281802817396
116219,eccentric_rotor,eccentric_rotor,True,0.6,0.11166253101736959,0.8789800310296905,1.1542876318987116
113075,cocked_rotor,cocked_rotor,True,0.8,0.012269938650306456,0.41614674420335207,0.6868154621322888
3359,normal,normal,True,1.0,0.05394190871369253,0.8577151703290239,1.1431950760145877
111888,cocked_rotor,eccentric_rotor,False,0.4,0.5790950634273895,0.5935367080024643,0.6143923958499928
37913,cocked_rotor,cocked_rotor,True,1.0,0.012448132780082055,0.5738088366083947,0.7372987350153022
101517,ventoinha,ventoinha,True,1.0,0.012269938650306567,0.4670820998939355,0.6186459445681786
7933,desbalanceado,desbalanceado,True,0.6,1.308131412477256,1.4425413534943061,1.548516804754026
81522,rolamento_ball,normal,False,0.4,0.0,0.6927248451923382,1.0343128194531428
11568,desbalanceado,desbalanceado,True,0.8,0.3775933609958506,0.8720812288833631,1.1168777496042155
56311,rolamento_inner,rolamento_inner,True,1.0,0.03067484662576736,0.9825136247333252,1.248959943561081
179723,desalinhado,desalinhado,True,1.0,1.496497625512473,1.9286282664844616,2.3656271066870143
169982,desbalanceado,desbalanceado,True,1.0,1.280181815751246,1.3244433151434325,1.3671640158336322
60407,rolamento_inner,rolamento_inner,True,1.0,1.0109498017762544,1.1380626484855123,1.2522827116040112
148425,desalinhado,desalinhado,True,1.0,0.04564315352697079,0.7302666815544909,0.9599818189267819
157175,normal,normal,True,0.6,0.5149221840024581,0.5611177835235919,0.5996722355735431
139080,rolamento_outer,rolamento_outer,True,0.6,0.020746887966805294,0.5789736744164052,0.7356515123297988
71974,rolamento_combination,rolamento_combination,True,0.6,0.5452204517100505,0.6478641336417218,0.7212156715446976
79235,rolamento_combination,rolamento_combination,True,1.0,0.19018404907975395,1.9392170354731348,2.5944009229016514
34832,cocked_rotor,cocked_rotor,True,0.6,0.04149377593361053,0.4989732449847035,0.7136231984036475
8122,desbalanceado,desbalanceado,True,1.0,1.1620998216029277,1.3238377189112218,1.4395664964651864
51770,rolamento_outer,rolamento_outer,True,0.4,1.0748601233637352,1.2407751806243617,1.293859995705063
159479,desalinhado,desalinhado,True,1.0,0.17012448132780086,0.6804643602709115,0.8255552372365378
72561,rolamento_combination,rolamento_combination,True,1.0,0.06134969325153461,0.5650898964658218,0.7462379502684674
60451,rolamento_inner,rolamento_inner,True,1.0,0.16873449131513737,0.5612096858221646,0.7818651763223845
130051,rolamento_inner,rolamento_inner,True,0.4,0.09925558312655058,0.9627881061435927,1.2889297679866007
98322,ventoinha,polia,False,0.6,0.20746887966804978,0.6876734795839206,0.8467139570501614
39087,cocked_rotor,correia,False,0.8,0.39263803680981435,0.6494614300329761,0.7851687901915798
173750,eccentric_rotor,eccentric_rotor,True,0.6,1.422074641619902,1.7379139706752866,1.976743828459952
100340,ventoinha,desbalanceado,False,0.4,0.7817875120461305,0.8246370042858541,0.8552821359908687
9970,normal,normal,True,1.0,0.09815950920245431,0.3964886114817936,0.547500578236068
144955,correia,normal,False,0.6,0.5011948268707355,0.6116551698120405,0.7095615197090623
112896,cocked_rotor,cocked_rotor,True,1.0,0.0,0.3915718909920637,0.6636094777034635
115032,cocked_rotor,rolamento_outer,False,0.6,0.41175297833468394,0.6747749391034629,0.7558435933231489
54468,rolamento_inner,rolamento_ball,False,0.6,0.28630705394190925,1.2167092737106846,1.6019939627981743
128604,polia,desalinhado,False,0.4,0.5829392394304903,0.6655339614516868,0.7321557375427815
179382,normal,normal,True,0.6,0.7351227192300572,0.8935939686039305,0.9495822955181932
150999,normal,desbalanceado,False,0.6,0.9103309054828415,0.9294700323577793,0.9506825831791919
154699,normal,rolamento_ball,False,0.4,0.7879026601726662,0.8445632119642571,0.8835196562826176
39559,cocked_rotor,correia,False,0.8,0.00829875518672174,0.49472157729844213,0.7690305641354442
138878,rolamento_outer,rolamento_outer,True,1.0,0.9217651661943258,0.9792220929214605,1.024432820353304
179692,desalinhado,desalinhado,True,1.0,1.756634417360428,1.8372842150670092,1.942472779606964
30101,eccentric_rotor,eccentric_rotor,True,1.0,0.06134969325153465,0.3593124149752836,0.4553169251390925
178975,rolamento_inner,rolamento_inner,True,1.0,0.8045114508115422,0.9813537275316717,1.1738048732655815
111281,correia,correia,True,0.4,0.03067484662576732,0.6190776974313341,0.8431733319763135
173117,rolamento_inner,rolamento_inner,True,1.0,1.944070513631161,2.1906720805778437,2.281243100159232
130744,rolamento_inner,rolamento_ball,False,1.0,1.1182060651665482,1.2277775194409053,1.352999566844068
108131,correia,correia,True,1.0,0.0,0.5263761547803681,0.6780846976261249
56413,rolamento_inner,rolamento_inner,True,1.0,0.06134969325153228,0.6392109173428436,0.8490932205415557
158922,desalinhado,eccentric_rotor,False,0.4,0.12863070539419186,0.6451009703117164,0.8386174863045267
44379,rolamento_outer,rolamento_inner,False,0.8,0.8943681847770781,0.9747957661256572,1.0370760467179232
93318,polia,polia,True,1.0,0.0,0.6314043164103682,0.7949703271352958
107274,correia,correia,True,1.0,0.37759336099585067,0.5217796394656778,0.5723015303803841
127010,polia,polia,True,0.4,0.1493775933609971,0.881457111410235,1.229541295290367
155888,normal,normal,True,0.4,0.33609958506224014,0.8890287191664707,1.0739555301598693
150161,desalinhado,normal,False,0.6,0.6174754329396843,0.6475320058214968,0.7072530189797016
160734,desalinhado,desalinhado,True,0.4,0.04907975460122599,0.7253417173256252,0.9062347537582263
54965,rolamento_inner,rolamento_inner,True,0.4,0.02977667493796543,1.0449850051138765,1.3879434626502107
157877,desalinhado,eccentric_rotor,False,0.8,0.03970223325062042,0.6783552922979936,0.9119242534515897
148488,desalinhado,desalinhado,True,0.6,0.265560165975104,0.7979499012653205,1.0106099481466009
46119,rolamento_outer,rolamento_outer,True,0.6,0.7720390882258813,0.851271640185956,0.9607709894760503
109831,correia,correia,True,1.0,0.06451612903225849,0.6045636149969121,0.784013313343719
72753,rolamento_combination,rolamento_combination,True,1.0,0.0,0.3642715370514917,0.5122767568696465
24508,eccentric_rotor,eccentric_rotor,True,0.8,0.06134969325153461,0.5201753615749425,0.6664675457160789
131814,rolamento_inner,rolamento_inner,True,1.0,0.2392638036809821,1.0117792805696726,1.2062150147792332
49372,rolamento_outer,rolamento_outer,True,1.0,0.03067484662576725,0.5447007309049372,0.687718073340324
68809,rolamento_inner,cocked_rotor,False,0.4,0.5196326715982944,0.5592746353135947,0.6277405498470326
109228,correia,correia,True,0.8,0.4640380844130793,0.5140161558881183,0.5546031009259846
56616,rolamento_inner,rolamento_inner,True,1.0,1.0661551959908697,1.121206697878431,1.2205348478007387
151462,normal,normal,True,1.0,0.6619439162908959,0.680707072503995,0.7086670148435724
32680,eccentric_rotor,eccentric_rotor,True,0.8,0.5390946940087518,0.5940309975660715,0.6539198304762402
106136,correia,correia,True,0.4,0.6624077598409777,0.766610759364594,0.9195988657369805
175952,cocked_rotor,desbalanceado,False,0.6,2.2084233095710197,6.140403172773802,7.242705462507176
84656,polia,polia,True,0.4,0.5480953075375211,0.6153314657799743,0.6694108825752074
34955,cocked_rotor,normal,False,0.4,0.6538731625812643,0.6908106183568832,0.7284201117497773
106929,correia,correia,True,0.6,0.05394190871369253,0.9332193773649383,1.2868406298079207
123055,ventoinha,polia,False,0.6,0.7431074013409819,0.8975932189047107,0.9737052045109381
85757,polia,normal,False,0.6,0.7626192434045237,0.8377875068752709,0.8855787235168131
128117,polia,ventoinha,False,0.6,0.03225806451612884,0.6639036166591143,0.8675223584188866
68102,rolamento_inner,cocked_rotor,False,0.4,0.004962779156327438,0.5461533566252097,0.7571574825871705
147792,desalinhado,desalinhado,True,0.4,0.8413722652516411,0.8738768157170643,0.8976184869760853
59027,rolamento_inner,rolamento_inner,True,1.0,0.03067484662576736,0.7617177217099733,1.0217236285376865
42862,rolamento_outer,rolamento_outer,True,1.0,0.0,0.5643954786045546,0.8551861798600384
56342,rolamento_inner,rolamento_inner,True,1.0,0.03067484662576736,1.0056566331905732,1.592235380410393
117755,eccentric_rotor,desbalanceado,False,0.6,0.0,0.5257254088237524,0.7129513566880672
74942,rolamento_combination,rolamento_combination,True,1.0,0.012269938650306456,1.4573110571223766,1.9488966262405938
151069,normal,normal,True,1.0,0.8576390849882289,0.9756067027821576,1.0644499206879485
86287,polia,polia,True,1.0,0.31120331950207464,0.8262103600153354,1.0280662700053942
110031,correia,correia,True,1.0,0.5919070271278314,0.7207064991304315,0.7704638601201537
26732,eccentric_rotor,eccentric_rotor,True,1.0,0.3485477178423235,0.8360023708102634,1.0398156813916097
155270,normal,normal,True,0.8,0.0,0.5570628304242546,0.7368707089443436
60638,rolamento_inner,rolamento_inner,True,1.0,0.725615497120771,0.739402974537768,0.7635339253265401
12542,desbalanceado,desbalanceado,True,0.8,0.30674846625766894,0.6994333165732683,0.8631172797178283
127353,polia,polia,True,1.0,0.008298755186721851,0.6915975120700889,0.985126425153982
3115,normal,normal,True,1.0,0.7468022278248805,0.9990324678366234,1.140371262019748
9976,normal,normal,True,1.0,0.04907975460122582,0.5050081326018273,0.645278520925669
92522,polia,polia,True,0.4,0.007444168734491607,0.5173112496312852,0.716350256580305
142252,rolamento_combination,rolamento_combination,True,0.6,1.1781993093120082,1.2030367670468025,1.217494782988032
41924,cocked_rotor,cocked_rotor,True,0.6,0.0,0.68928134236687,0.8835061898500587
172790,desbalanceado,polia,False,0.4,0.8855424288955757,0.9251809891113428,0.9519667709635451
146225,correia,correia,True,0.8,0.0,0.5580282099352889,0.7372200693885005
96636,ventoinha,ventoinha,True,0.4,0.19602977667493793,0.6533621555851494,0.7747027853768625
100836,ventoinha,ventoinha,True,1.0,0.5497233855333538,0.5982438847959023,0.6287235801311867
112946,cocked_rotor,cocked_rotor,True,1.0,0.0,0.6247690270425797,1.0284905124164758
146231,correia,cocked_rotor,False,0.4,0.03319502074688872,0.6300219152083051,0.805456949974546
83036,rolamento_ball,rolamento_ball,True,0.8,1.3417296135518004,1.5392829756031166,1.6825608860178698
127978,polia,polia,True,0.4,0.027295285359801358,0.40699883604161047,0.6159014383849819
81029,rolamento_ball,rolamento_outer,False,0.4,0.0,0.7487426692354315,1.0224916648056805
5163,desbalanceado,desbalanceado,True,1.0,2.2746065048149813,2.3685494629261834,2.418398367782113
141541,rolamento_combination,rolamento_combination,True,1.0,0.08436724565756826,0.8059773764190702,1.0397102077174951
129306,rolamento_inner,ventoinha,False,0.6,0.628570582471971,0.7074599890879136,0.7515593599226721
112121,cocked_rotor,cocked_rotor,True,1.0,0.1595092024539888,0.5771646019317234,0.7139906699921008
105320,correia,correia,True,0.6,0.12033195020746854,0.716895301390149,0.8834435312810242
44885,rolamento_outer,rolamento_outer,True,0.6,0.7625920559553525,0.8061916742982111,0.8514279280688465
73903,rolamento_combination,rolamento_ball,False,0.6,0.07468879668049788,0.9015538196666728,1.1341242651570176
70154,rolamento_inner,rolamento_inner,True,0.4,0.08713692946058127,0.816098470121813,1.0518113130623215
96253,ventoinha,ventoinha,True,0.6,0.7758148377186924,1.0852040085800911,1.238298236667543
101428,ventoinha,ventoinha,True,1.0,0.049079754601228154,0.43981879213885244,0.5707535256503158
92002,polia,ventoinha,False,0.4,0.5314226563241954,0.6457858424120585,0.7232773398747754
4903,desbalanceado,normal,False,0.8,0.0,2.134108018121194,3.055619509981816
100279,ventoinha,ventoinha,True,1.0,0.7587009384320873,0.8012048355921555,0.8334855870875995
102280,ventoinha,ventoinha,True,0.4,0.8381425950474523,0.9334384242302288,1.0916164295846813
107584,correia,correia,True,1.0,0.3070539419087144,0.4979698775099261,0.5998257190451396
93481,polia,polia,True,1.0,0.0,0.6097744052115355,0.830769849811922
85308,polia,eccentric_rotor,False,0.6,0.9990879990544438,1.084868132555156,1.1679732701016607
115317,cocked_rotor,cocked_rotor,True,1.0,0.13151364764268025,0.6821808832375922,0.8421620036053146
128704,polia,polia,True,0.4,0.7484532977063387,0.7886661221468696,0.8321812413564948
149910,desalinhado,desalinhado,True,0.6,0.67208874993578,0.7343740839171848,0.7925608038364843
97418,ventoinha,rolamento_ball,False,0.6,0.8610272452550175,0.8833032765453156,0.9095613265179486
147282,desalinhado,ventoinha,False,0.4,0.6903737569710218,0.7102324183785935,0.7217586640809349
118426,eccentric_rotor,eccentric_rotor,True,1.0,0.8435561865884904,0.8717138009564103,0.9000597611716379
81286,rolamento_ball,ventoinha,False,0.4,0.2183622828784127,0.6659075105211395,0.8216661778424017
11186,desbalanceado,desbalanceado,True,0.6,0.041493775933609145,1.2488098567109143,1.575042733517898
165009,desbalanceado,desbalanceado,True,1.0,0.0414937759336107,2.437155718764454,3.2796618468799785
145652,correia,correia,True,0.6,0.0,0.6827957498458399,0.8801834799705223
180065,desalinhado,desalinhado,True,1.0,1.043518608263694,1.3115974468817257,1.4176544947044618
88251,polia,rolamento_inner,False,0.6,0.6020480822088745,0.6204539649269302,0.6536487694957891
158280,desalinhado,ventoinha,False,0.4,0.6547536705522418,0.6971065878879429,0.743963687821154
62647,rolamento_ball,rolamento_ball,True,0.6,0.019851116625309695,0.5729804863097594,0.9273616892575122
96444,ventoinha,ventoinha,True,0.4,0.0,0.5516677390432239,0.8021905885420374
174160,baseline,baseline,True,1.0,1.3283832957441881,1.6041471221039658,1.935339526074093
12249,desbalanceado,desbalanceado,True,1.0,0.5651534116844573,0.6323393392504784,0.7320525367464888
128371,polia,polia,True,0.6,0.0,0.609287452418611,0.8137960654835674
119977,desbalanceado,rolamento_outer,False,0.6,0.06947890818858493,0.7767748430799074,1.0098053812026755
41319,cocked_rotor,rolamento_combination,False,0.4,0.012406947890819045,0.6311809170828787,0.8059782503307784
102639,correia,correia,True,0.8,0.0,0.901237837349514,1.1458122658366579
5589,desbalanceado,desbalanceado,True,0.8,1.9166884012515077,2.329395556220797,2.817044515806902
120944,desbalanceado,desbalanceado,True,0.6,0.3112033195020747,0.8298668305062357,1.0782213164789927
175992,cocked_rotor,cocked_rotor,True,1.0,1.4335480403409808,1.6285184622239932,1.8563356294731603
9987,normal,normal,True,1.0,0.04907975460122582,0.4710402887970918,0.6359910466297789
134887,rolamento_outer,rolamento_outer,True,1.0,0.0,0.4311941212618467,0.5907649905011064
160853,desalinhado,desalinhado,True,0.8,0.6083285796195016,0.6373865356010444,0.6653998642281798
56694,rolamento_inner,rolamento_inner,True,1.0,1.3116107988595918,1.4232499633799451,1.5250239984462575
112842,cocked_rotor,cocked_rotor,True,0.8,0.0,0.5459621095500964,0.9835581392853643
125025,ventoinha,ventoinha,True,1.0,0.0,0.5134205729674767,0.7430733585857576
2435,normal,normal,True,1.0,0.0,1.853803831463442,3.1414751171111126
172629,normal,ventoinha,False,1.0,1.211986226083406,1.247733930491822,1.2775151954434065
100053,ventoinha,ventoinha,True,1.0,0.012448132780083498,0.8354439330011999,1.0780924010938744
154695,normal,ventoinha,False,0.4,0.885558496714145,0.9670313638796337,1.043749416035882
26180,eccentric_rotor,rolamento_outer,False,0.6,0.735750230377084,0.8318847766311877,0.8867524375780078
138618,rolamento_ball,rolamento_ball,True,1.0,0.0,1.002328544908099,1.3126241365319762
179227,rolamento_combination,rolamento_combination,True,1.0,0.7781540277171438,1.0058517826704603,1.2228406806820085
40637,cocked_rotor,cocked_rotor,True,0.6,0.0,0.8942727184459527,1.1566209842141404
59998,rolamento_inner,rolamento_combination,False,0.6,0.8673406781309356,0.923648181884964,0.9650466460691797
50042,rolamento_outer,rolamento_outer,True,1.0,0.1288343558282215,0.6005782494581527,0.7990615285950504
159653,desalinhado,normal,False,0.6,0.5152516714907186,0.6234185130047056,0.7774222763167312
146967,correia,correia,True,0.6,0.1042183622828789,0.5317612653106167,0.6628585558562862
47657,rolamento_outer,rolamento_outer,True,1.0,0.49346390366056564,0.5834310056440037,0.6505264460766208
29581,eccentric_rotor,rolamento_outer,False,0.6,0.9122990231945148,0.9590575780752635,0.9853894426809353
68838,rolamento_inner,rolamento_inner,True,0.6,0.8652692540968538,0.9184698508310924,0.9493995410174642
128837,polia,desalinhado,False,0.4,0.09181141439205981,0.8782550418623414,1.1655206049973306
157080,normal,eccentric_rotor,False,0.4,0.3926380368098165,1.025513133418039,1.2299393628371442
173498,rolamento_ball,rolamento_ball,True,1.0,2.8847993862279173,3.5485225587213938,4.144540196279654
90077,polia,ventoinha,False,0.6,0.14110429447852796,0.6775546401869976,0.9218784171149068
10338,normal,normal,True,1.0,0.2944785276073625,0.748802030900988,0.9199403402149696
93124,polia,polia,True,1.0,0.0,0.8105532989652537,1.1760078592503183
146867,correia,correia,True,0.8,0.019851116625309764,0.4967640913670359,0.6280212419936606
72605,rolamento_combination,rolamento_combination,True,1.0,0.30674846625766894,0.7653319978805964,1.036196043169526
52747,rolamento_inner,rolamento_outer,False,0.8,0.7177672792973873,0.9082213971417884,0.9928517596198787
178564,desbalanceado,desbalanceado,True,1.0,1.6695613865248926,1.7442519632921993,1.924701768311936
169608,normal,desbalanceado,False,0.8,0.0,0.8987925008799328,1.2270836837928736
178518,desbalanceado,desbalanceado,True,1.0,1.8459063013895634,2.155843657625601,2.2822096024822645
143891,rolamento_combination,rolamento_combination,True,1.0,0.3190184049079754,0.8291119683233198,1.0307654723122095
79994,rolamento_combination,rolamento_combination,True,0.4,0.11618257261410835,0.5743188871985354,0.705000530201899
165217,eccentric_rotor,eccentric_rotor,True,1.0,2.0564098962129664,2.294231995667549,2.481687435265146
114119,cocked_rotor,cocked_rotor,True,0.8,0.02074688796680524,0.5930135122711105,0.7670877645511728
22827,eccentric_rotor,desalinhado,False,0.4,0.014888337468982299,0.6042590337035643,0.8023174868631223
68381,rolamento_inner,rolamento_combination,False,0.4,0.6576712429890386,0.6782563212946202,0.6957509061041132
52288,rolamento_outer,rolamento_outer,True,0.6,0.2821576763485476,0.7260650270364323,0.9177297742344778
71154,rolamento_combination,rolamento_combination,True,1.0,0.9358195813415148,0.9678537910390512,1.002793863947651
96785,ventoinha,rolamento_ball,False,0.4,0.0,0.6869164699380754,0.9519988578209125
79206,rolamento_combination,rolamento_combination,True,1.0,1.3299747135157363,1.6730777054785058,1.9444809782049775
22037,eccentric_rotor,eccentric_rotor,True,0.6,0.01244813278008361,0.7467486038749727,0.9455453924338935
177937,rolamento_outer,rolamento_outer,True,0.6,1.6581223329846277,1.9706824694279104,2.13232474774786
41631,cocked_rotor,eccentric_rotor,False,0.6,0.9985152474591762,1.0569503958911652,1.0896108005944969
93686,ventoinha,ventoinha,True,1.0,0.030674846625767305,0.6129452542549767,0.834386604410725
31292,eccentric_rotor,cocked_rotor,False,0.6,0.9485967912792914,0.9628799393464202,0.9832296867185377
128099,polia,eccentric_rotor,False,0.6,0.7965184741631579,0.8664698967081454,0.9337537067065731
147070,correia,correia,True,0.8,0.05955334987593017,0.5932260902943356,0.7805635134315342
157057,normal,normal,True,0.8,0.5660196056279222,0.682798417698292,0.7790262411885732
47037,rolamento_outer,rolamento_outer,True,0.6,0.7949483491017,0.8133265589939089,0.8351477809985677
41180,cocked_rotor,cocked_rotor,True,0.4,0.6226439510713278,0.7392787484237742,0.8058488372374566
65948,rolamento_ball,rolamento_inner,False,0.6,0.0,1.2333249186289261,1.6070176672634748
99733,ventoinha,ventoinha,True,1.0,0.24896265560165876,0.7198835899949129,0.8740938362344227
123170,ventoinha,ventoinha,True,1.0,0.04466501240694784,0.5672249679416568,0.8407596335119345
144138,rolamento_combination,rolamento_combination,True,1.0,0.8627247868080464,0.9167337742999824,0.9633842587374377
73853,rolamento_combination,rolamento_combination,True,1.0,0.7761320950828664,0.8904805019756123,0.9950506866228487
173365,rolamento_combination,rolamento_outer,False,0.6,1.4837732746274201,2.1857497861153425,2.5212568516880496
73559,rolamento_combination,rolamento_ball,False,0.8,0.8241531389666031,0.9209156922643705,0.9876008955193274
73917,rolamento_combination,rolamento_combination,True,0.8,0.9500840134215031,0.9831530617126237,1.0519489058428582
26272,eccentric_rotor,eccentric_rotor,True,0.4,0.8112360732029869,0.8897873227455465,0.9227096889476077
180479,desbalanceado,desbalanceado,True,1.0,1.3500946216071656,1.9551228435953487,2.165362236238678
112980,cocked_rotor,cocked_rotor,True,1.0,0.1411042944785279,0.3191510858055978,0.44256409681130926
5773,desbalanceado,desbalanceado,True,1.0,0.014888337468982327,1.6000881385270282,2.0903717914093565
124186,ventoinha,cocked_rotor,False,0.4,0.5895478661130251,0.647217192367562,0.6694815379968122
78092,rolamento_combination,rolamento_combination,True,0.6,1.0325074918474384,1.0888137712914783,1.1177936489067768
178269,desalinhado,desalinhado,True,0.8,1.5634403218611208,1.9721974652521346,2.188394058084522
53269,rolamento_inner,rolamento_inner,True,0.6,0.0368098159509217,0.5902847291229881,0.7662509492822297
137369,rolamento_ball,rolamento_ball,True,1.0,1.2683400045359068,1.3267164005686114,1.3480839879456472
157530,normal,desalinhado,False,0.6,0.9111172175032927,0.948136158764753,0.9819041578234161
159555,desalinhado,desalinhado,True,0.8,0.43740696268084717,0.5133677959407157,0.5508936055161808
31049,eccentric_rotor,eccentric_rotor,True,0.8,0.8003444400326886,0.881951145951121,0.9522523557733221
162076,ventoinha,ventoinha,True,0.6,0.024813895781637216,0.5177650972845753,0.7003531902804091
43446,rolamento_outer,normal,False,0.4,0.020746887966805273,1.669243821025179,2.1545022881450873
56171,rolamento_inner,rolamento_inner,True,1.0,0.7162104297283025,0.739009058560054,0.7800321630505261
90479,polia,polia,True,1.0,0.7604697421664137,0.783496023431041,0.7971547536131602
54858,rolamento_inner,cocked_rotor,False,0.4,1.0854543670294643,1.2686122379426723,1.33543249299147
148827,desalinhado,cocked_rotor,False,0.8,0.1535269709543573,0.827093227054856,1.0118119174513223
5303,desbalanceado,desbalanceado,True,1.0,0.03319502074688718,1.34929158482771,1.7154676315033897
150706,normal,normal,True,0.4,0.16182572614107904,0.9852631017586893,1.2168949001939973
53868,rolamento_inner,cocked_rotor,False,0.6,0.0,1.9682973548145797,2.6020013284175336
176118,rolamento_outer,rolamento_outer,True,0.8,1.417751371609931,1.773083026557768,1.9192282255042277
100769,ventoinha,ventoinha,True,1.0,0.3674243855031094,0.4643737581992774,0.5163071683266023
52303,rolamento_outer,rolamento_outer,True,0.8,0.9635195521297235,1.1120630405752003,1.2799383527644517
9565,normal,normal,True,1.0,0.007444168734491607,0.7083866526046344,0.9334103113706043
97526,ventoinha,ventoinha,True,1.0,0.1414392059553351,0.7606479824329118,1.074026909784014
53027,rolamento_inner,cocked_rotor,False,0.4,0.3619631901840492,0.7604983086278138,0.8707823672743934
62774,rolamento_ball,normal,False,0.4,0.0,0.6411160834460037,0.8435312739058998
150814,normal,polia,False,0.8,0.0,0.8306383639157024,1.1146014805495483
42769,rolamento_outer,rolamento_outer,True,1.0,0.5982984661995532,0.7067789967159104,0.7866989347612883
60499,rolamento_inner,rolamento_inner,True,1.0,0.9434452990580909,1.2139733648362507,1.3579885102429892
148848,desalinhado,desalinhado,True,0.8,0.024896265560165443,0.5583496321455789,0.8331320552225789
54146,rolamento_inner,rolamento_inner,True,0.6,0.9082658854225837,0.9479859222045579,0.9782536744099177
47119,rolamento_outer,correia,False,0.4,1.4337823553188935,1.4745449315554362,1.5712736862460013
156548,normal,normal,True,0.6,0.07361963190184112,0.895797221561029,1.1895883845480764
4147,normal,normal,True,1.0,0.0,1.1323909096469917,1.4742947519076026
38061,cocked_rotor,correia,False,0.4,0.7531193331887147,0.8482707979457824,0.9070462564742505
116969,eccentric_rotor,normal,False,0.6,0.712912894786894,0.7610555005403704,0.8109693808993905
53756,rolamento_inner,rolamento_inner,True,1.0,0.30705394190871305,1.3809189598905653,1.7695000430003245
10252,normal,normal,True,1.0,0.11656441717791477,0.5379060463996332,0.7927649130538071
105872,correia,correia,True,0.8,0.027295285359801413,0.8153961652033249,1.199096526811871
158946,desalinhado,desalinhado,True,0.6,0.4570579404071516,0.5973173871806393,0.681418566149062
117709,eccentric_rotor,eccentric_rotor,True,0.6,0.645922675133227,0.7816041476411433,0.927156574889823
24813,eccentric_rotor,eccentric_rotor,True,1.0,0.20858895705521485,0.7985945688470493,1.0197488978135094
149858,desalinhado,desalinhado,True,0.8,0.7703417599228243,0.976540474270933,1.062370953188428
21903,eccentric_rotor,eccentric_rotor,True,0.8,0.020746887966803795,1.072018547240381,1.3960967816642684
155953,normal,desbalanceado,False,0.4,0.0,0.643736072390027,0.8206323770323385
123649,ventoinha,ventoinha,True,0.6,0.9707967566048408,1.0222753523635375,1.060259638144669
64462,rolamento_ball,rolamento_inner,False,0.4,0.0,1.2713512218235627,1.6856081472091358
141416,rolamento_combination,rolamento_combination,True,0.6,0.1166253101736971,0.8618910018307929,1.1862026314428655
7281,normal,eccentric_rotor,False,0.4,0.004962779156327424,0.5863506653710161,0.740659264079934
2453,normal,normal,True,1.0,2.0589597450353483,2.1656143254591904,2.2864761074750324
155341,normal,normal,True,0.6,0.08188585607940413,0.4862943012766315,0.5919144270664615
3649,normal,normal,True,1.0,0.012448132780083387,1.9792218748308223,2.555736027857045
148596,desalinhado,desalinhado,True,0.4,0.0,0.6654639507080599,0.8665631450703293
98394,ventoinha,ventoinha,True,0.6,0.691931331065026,0.7711667687931413,0.8613764285234411
76349,rolamento_combination,rolamento_ball,False,0.4,0.654386710302829,0.6813774233047397,0.7189968266088691
70132,rolamento_inner,rolamento_inner,True,0.4,0.0,0.7244140100758327,0.9968689253862042
72907,rolamento_combination,rolamento_combination,True,1.0,0.6102472985802662,0.6454597064371341,0.6758598990352014
89233,polia,polia,True,1.0,0.6239871111026526,0.6457929230306074,0.6892965558108203
81172,rolamento_ball,correia,False,0.4,0.8715042695465336,1.0031230270741434,1.0763466866227303
111552,cocked_rotor,correia,False,0.6,0.9978159864774855,1.0587761143994843,1.1441744354171224
152422,normal,desalinhado,False,0.8,0.1411042944785279,0.47483863748398375,0.5666363640497327
139718,rolamento_ball,rolamento_ball,True,1.0,0.018404907975458656,0.9547336052896407,1.2701208490112805
11162,desbalanceado,desbalanceado,True,0.6,1.3083343074589715,1.6622664623412724,1.9163378896890502
118335,eccentric_rotor,eccentric_rotor,True,1.0,0.22085889570552344,1.1056728729733794,1.4305905458663266
53818,rolamento_inner,rolamento_inner,True,1.0,1.6041678258886032,1.6702053871543203,1.717475728249188
86449,polia,polia,True,1.0,0.7207518051278202,0.805358050050374,0.8532071269825833
98321,ventoinha,polia,False,0.8,0.20746887966804978,0.6555165913625173,0.8728852841954654
170601,rolamento_combination,rolamento_combination,True,0.8,1.5090989208099477,1.9775548512241783,2.3444381080243257
49561,rolamento_outer,rolamento_outer,True,0.8,0.0613496932515325,0.4697917248947151,0.5904725229035066
5281,desbalanceado,desbalanceado,True,1.0,0.058091286307052625,1.3206565795245944,1.728164252065683
157231,normal,desalinhado,False,0.6,0.012269938650306483,0.46414624198172794,0.6076325082254601
12849,desbalanceado,desbalanceado,True,0.4,0.052109181141439476,0.767994975667921,1.0734823463706733
64069,rolamento_ball,rolamento_ball,True,0.6,0.008298755186721851,0.7589413404524226,1.0268430467853293
80049,rolamento_combination,cocked_rotor,False,0.6,0.20331950207468963,0.6218738821029647,0.816545743621152
176743,normal,normal,True,1.0,1.5301299078363482,1.6757872946053083,1.8259590548730396
77876,rolamento_combination,rolamento_outer,False,0.4,0.041493775933609034,0.9640186171701547,1.1958909629718482
114390,cocked_rotor,eccentric_rotor,False,0.4,0.14937759336099565,0.6183383894806969,0.7801816555271014
137363,rolamento_ball,rolamento_ball,True,1.0,0.0,1.1513859242474207,1.5055147130813
122174,desbalanceado,desbalanceado,True,1.0,0.7334290259743298,0.7974071055904496,0.8517269252763686
171886,rolamento_ball,rolamento_ball,True,1.0,1.0366629328986678,1.4013350585572302,1.6187374690107965
23830,eccentric_rotor,eccentric_rotor,True,1.0,0.4407312791261505,0.5398309633406347,0.5846227528663801
117328,eccentric_rotor,eccentric_rotor,True,0.4,0.7217504970936223,0.775132152302332,0.8094107486083474
140700,rolamento_ball,rolamento_ball,True,1.0,1.0369187181158575,1.2125808290350961,1.3343285522739212
118401,eccentric_rotor,eccentric_rotor,True,1.0,0.012269938650306483,0.5442792734787971,0.7887425637002127
69271,rolamento_inner,rolamento_inner,True,0.4,0.9469990776639434,0.9531390573804911,0.9575887467806072
46368,rolamento_outer,rolamento_outer,True,0.4,0.0,0.6821398759606258,0.9684868456872091
23176,eccentric_rotor,eccentric_rotor,True,0.6,0.1439205955334993,0.8600924458481783,1.0691518598299234
12743,desbalanceado,desbalanceado,True,1.0,0.0,1.3959192769337183,1.8776261071828106
5973,normal,normal,True,1.0,0.03680981595092159,0.8405406798645776,1.0822915330191847
51154,rolamento_outer,rolamento_outer,True,0.8,0.600661595416358,0.7509953321454536,0.8112879637851481
28585,eccentric_rotor,eccentric_rotor,True,1.0,1.1252940930954072,1.3045993943503449,1.4238408718274271
36760,cocked_rotor,cocked_rotor,True,0.2,0.1339950372208436,0.7682145573025401,0.9573193221815096
95198,ventoinha,ventoinha,True,0.4,0.03970223325062039,0.6442843232008957,0.9114627232803331
118532,eccentric_rotor,eccentric_rotor,True,1.0,0.7232210664365696,0.833565988515268,0.8766767830648828
70686,rolamento_combination,rolamento_combination,True,0.6,0.04907975460122582,1.7518456461847882,2.2518050261918687
101799,ventoinha,desalinhado,False,0.8,0.23076923076923084,0.7634324649275465,0.9433843263035302
117758,eccentric_rotor,eccentric_rotor,True,1.0,0.0,0.7128319811212963,0.9183475971332457
95395,ventoinha,ventoinha,True,1.0,1.080932644586101,1.105482640554831,1.1599597199691658
148990,desalinhado,cocked_rotor,False,0.4,1.2954525650482582,1.48561154899604,1.5704920237441617
2823,normal,normal,True,1.0,0.008298755186721962,0.9071361726269199,1.1546355999674787
46457,rolamento_outer,rolamento_outer,True,0.6,0.0,1.0916251526287843,1.4253148950162264
12676,desbalanceado,normal,False,0.4,1.3516432116452983,1.4386080277316047,1.5251643497844536
42084,cocked_rotor,cocked_rotor,True,0.6,0.44359672492605756,0.5580912056715838,0.6433231556234277
90381,polia,polia,True,1.0,0.12883435582822145,0.5538658829814107,0.6737302434354833
140396,rolamento_ball,rolamento_ball,True,1.0,0.9547347587908406,1.0108840201873428,1.0634011511393682
118959,desbalanceado,ventoinha,False,0.8,1.0883796159886834,1.1325530487132929,1.252280178417618
168575,motor_desligado,motor_desligado,True,1.0,0.0,0.32772784799841637,0.533303559607274
132181,rolamento_inner,rolamento_inner,True,1.0,0.042944785276073816,0.6676945949311256,0.9824047557224369
115758,eccentric_rotor,desalinhado,False,0.6,0.8423763693979012,0.8853882969978191,0.9264282116736491
94711,ventoinha,desbalanceado,False,0.6,0.6493762673665314,0.7077322092176773,0.7369109747633795
164661,rolamento_combination,rolamento_combination,True,1.0,17.864937760063267,28.581886409899347,34.10985735676677
130489,rolamento_inner,rolamento_inner,True,0.8,0.0,1.0761029715842112,1.4157378611568543
134898,rolamento_outer,rolamento_outer,True,1.0,0.030674846625767332,0.5255388764954452,0.6839112611265968
28055,eccentric_rotor,cocked_rotor,False,0.4,1.0208722829246368,1.2410358448062901,1.3026312449842696
162358,rolamento_combination,rolamento_combination,True,0.6,0.0,0.821831458059205,1.1772441344216675
121925,desbalanceado,desbalanceado,True,0.6,0.0,0.6030384777460607,0.7731841180101021
52712,rolamento_inner,rolamento_inner,True,0.6,0.6759192131905016,0.7050589402565619,0.7173522548195281
128679,polia,polia,True,0.6,0.004962779156327424,1.0473820655211439,1.399415277564479
147762,desalinhado,correia,False,0.4,1.0516318127976654,1.4663428443579145,1.6130267365575996
25343,eccentric_rotor,eccentric_rotor,True,1.0,0.04907975460122593,0.5878815500304714,0.8545839599261239
105577,correia,correia,True,0.8,0.8087651701327749,0.8574803863400339,0.9359412942899976
141259,rolamento_combination,rolamento_combination,True,0.8,1.0329821711060494,1.0836499202728958,1.157002247983377
63522,rolamento_ball,ventoinha,False,0.8,0.8674523503419626,1.158611446578655,1.2527185425230896
85361,polia,ventoinha,False,0.4,0.8836950915806993,0.9880229236921145,1.099284197600638
26670,eccentric_rotor,eccentric_rotor,True,0.6,0.039702233250620445,0.706377617564243,1.004613033922395
157234,normal,normal,True,0.8,0.06134969325153247,0.5409498276106277,0.7456031247814291
60849,rolamento_inner,rolamento_inner,True,0.8,0.8059444226595998,0.9280542454905779,0.961273393553966
117430,eccentric_rotor,eccentric_rotor,True,0.6,0.132780082987552,0.7296825282957096,0.9140124738498259
92580,polia,polia,True,1.0,0.0,0.5249427901510723,0.6829207580329236
88028,polia,polia,True,0.4,0.14888337468982674,0.6496260226058361,0.7834317041101103
62860,rolamento_ball,rolamento_outer,False,0.6,0.017369727047146455,0.8656064613522384,1.0948092202511757
46610,rolamento_outer,rolamento_outer,True,1.0,0.012448132780083443,0.4816440251309845,0.6137498131603657
90300,polia,polia,True,1.0,0.5551711346780648,0.6756079386867826,0.7528048990626213
159150,desalinhado,desalinhado,True,0.4,0.07883817427385942,0.8285849846688711,1.1661999426388545
23140,eccentric_rotor,desbalanceado,False,0.6,0.0,0.7049921885425727,0.9841525722433898
177038,normal,falta_fase,False,0.6,0.837588258119868,1.0702444809786247,1.2514955355727264
45232,rolamento_outer,polia,False,0.8,0.6863811298760419,0.813044922642067,0.8529490018422501
104214,correia,correia,True,0.4,0.0,0.6729071178648635,0.8771118886874076
101556,ventoinha,correia,False,0.6,0.9220496545811917,1.0359196922602354,1.1193503304658459
7250,normal,normal,True,1.0,0.6653717140796177,0.8973407503019504,1.0444872560032705
78417,rolamento_combination,rolamento_combination,True,1.0,0.020746887966805294,0.6435887465005872,0.8885216749428096
30474,eccentric_rotor,eccentric_rotor,True,1.0,0.2576687116564429,0.4667903590861634,0.551698627881845
138957,rolamento_outer,ventoinha,False,0.8,0.0,0.7207246332072208,0.9816881098377035
127062,polia,polia,True,1.0,0.8558400364994675,1.0629979393527282,1.3212718812955935
80531,rolamento_combination,rolamento_combination,True,0.8,0.0,0.8363433159473456,1.0747197930122105
126645,polia,polia,True,1.0,0.012269938650308676,0.6478677425340418,0.8233234803117433
35100,cocked_rotor,cocked_rotor,True,0.6,0.06639004149377598,0.7258705378381026,0.9326921741529132
135130,rolamento_outer,rolamento_outer,True,1.0,0.2699386503067494,0.5795532545755855,0.6927843159076951
66568,rolamento_inner,rolamento_ball,False,0.6,1.0868753918298988,1.1772053741267394,1.2806021673724584
152897,normal,normal,True,1.0,1.0468228346586268,1.0579973237394613,1.0781359804306392
163137,rolamento_ball,rolamento_ball,True,0.4,0.012406947890819045,1.0138959241475352,1.4468783027780412
56615,rolamento_inner,rolamento_outer,False,0.6,1.1663454022970838,1.262871922840366,1.3437851348092944
25699,eccentric_rotor,eccentric_rotor,True,0.8,0.0,0.6258587943894488,0.835869414536447
171688,rolamento_inner,rolamento_inner,True,1.0,2.6958121624865767,3.337857452456815,3.665243395320846
135853,rolamento_ball,rolamento_ball,True,0.6,0.5361537935840918,0.5601740454447279,0.5981645076681847
126421,polia,polia,True,0.6,0.0,0.5650896644509633,0.7492843279690916
68062,rolamento_inner,rolamento_outer,False,0.6,0.044665012406947854,0.7902105636330772,1.099978551578717
128207,polia,polia,True,1.0,0.6881870576178881,0.727253650278137,0.7913330885065509
34032,cocked_rotor,cocked_rotor,True,1.0,0.0,0.6335843874820484,0.8635492462818096
130154,rolamento_inner,rolamento_combination,False,0.6,0.1166253101736971,0.6242825187054033,0.7796438666395719
150506,normal,desalinhado,False,0.8,0.30705394190871294,0.6029860971650896,0.711758689697246
60824,rolamento_inner,rolamento_inner,True,0.8,0.062240663900414356,0.9716956555605398,1.2186234457742684
65965,rolamento_ball,rolamento_combination,False,0.8,1.1001913930725609,1.1650225519971384,1.2190007928770743
156684,normal,desalinhado,False,0.6,0.5284673957485975,0.566993441914917,0.5912002226555716
123491,ventoinha,eccentric_rotor,False,0.6,0.7791497435594464,0.8104497343167013,0.8570212041232266
170030,desbalanceado,normal,False,0.4,2.7040804833207197,3.100357180772065,3.309757626333917
143326,rolamento_combination,rolamento_combination,True,1.0,0.0,0.6343387861366271,0.7996804014934169
53727,rolamento_inner,rolamento_inner,True,1.0,0.4356846473029048,1.1176103254129817,1.320280915170971
159594,desalinhado,desalinhado,True,0.8,0.11042944785276065,0.5296598893566193,0.6675099266466906
79393,rolamento_combination,rolamento_combination,True,1.0,0.7400333963486936,0.89616380302856,0.9621071696700348
108033,correia,correia,True,1.0,0.10373443983402497,0.597943875495815,0.7768264290041536
178163,desalinhado,desalinhado,True,1.0,1.117817562768914,1.5393598495065366,1.7754510269374142
117653,eccentric_rotor,eccentric_rotor,True,1.0,0.0490797546012281,0.6034229021218376,0.7726105536208498
36850,cocked_rotor,rolamento_combination,False,0.8,0.827115526951484,0.9087332235552983,0.975810503843136
126030,polia,desalinhado,False,0.4,0.012269938650306456,0.5509331295117972,0.7655280284602115
135235,rolamento_outer,rolamento_outer,True,1.0,0.03067484662576732,0.5428374041916156,0.8469482019235444
150294,normal,cocked_rotor,False,0.4,0.02074688796680535,0.6206713678464617,0.8189426542259906
167082,desbalanceado,desbalanceado,True,0.6,0.020746887966805266,1.573784505951425,1.9732432289582371
6728,normal,normal,True,0.6,0.02074688796680535,0.7422465719174169,0.9292399099655718
32872,eccentric_rotor,cocked_rotor,False,0.6,0.012406947890819031,0.5000393585940854,0.6841349023172433
49780,rolamento_outer,rolamento_outer,True,0.8,0.17791411042944744,0.6490697936311676,0.7969720961981962
158480,desalinhado,desalinhado,True,0.4,0.007444168734491607,0.786752330520336,1.0346305198259362
105425,correia,correia,True,1.0,0.782451400114798,0.8059234772082025,0.8337495894531906
38855,cocked_rotor,cocked_rotor,True,0.6,0.07975460122699551,0.5096134639587313,0.6356473645873143
86635,polia,polia,True,1.0,1.2230352473060175,1.3398093135826343,1.541830669857199
37675,cocked_rotor,cocked_rotor,True,0.6,0.6704741118264893,0.7133729858778303,0.7491065787889885
51503,rolamento_outer,normal,False,0.4,0.033195020746887294,0.6180935097013444,0.9188998557269756
57702,rolamento_inner,rolamento_inner,True,0.8,0.0,0.6915773890408818,1.0575534524594596
113729,cocked_rotor,cocked_rotor,True,0.6,0.18672199170124448,0.5278305969737678,0.6588589189469691
160685,desalinhado,normal,False,0.4,0.699268599549171,0.7875627719673852,0.8991660314793297
126923,polia,polia,True,1.0,0.8548930864659513,0.9044470952722549,0.9871301287901235
63400,rolamento_ball,rolamento_outer,False,0.4,0.6154000006907816,0.6768227580462141,0.7265658020037064
28162,eccentric_rotor,eccentric_rotor,True,0.6,0.019851116625309695,0.986134724846482,1.477500477778648
141767,rolamento_combination,rolamento_combination,True,0.8,0.7960000288233993,0.9157092402695624,0.9986086408274415
180072,desalinhado,normal,False,0.6,0.9719658852221159,1.1540287052200058,1.2876796349009823
126829,polia,polia,True,1.0,0.19018404907975395,0.6750364089040115,0.967811786473524
161981,ventoinha,ventoinha,True,1.0,0.8157341485725444,0.9717639941071713,1.0761173312553325
42507,rolamento_outer,normal,False,0.6,0.7541847798398518,0.87970821922624,0.9738986789944748
77216,rolamento_combination,normal,False,0.4,0.7573634756917171,0.9306429510367721,1.0220568577404536
83045,rolamento_ball,rolamento_ball,True,1.0,0.5521472392638032,0.7376876994357804,0.8150385526787892
77380,rolamento_combination,rolamento_combination,True,0.8,0.012406947890819087,0.5516983873768135,0.8631916488931357
169059,normal,normal,True,1.0,0.0,0.7172321158885351,1.003215786688054
161320,desalinhado,desalinhado,True,0.8,0.018404907975460794,0.4733403855765248,0.6162765458819246
75890,rolamento_combination,rolamento_combination,True,0.6,1.4501167405098818,1.5285760244776019,1.5904150385620675
23424,eccentric_rotor,polia,False,0.4,0.0,0.6261992962575065,0.8726606944872062
115210,cocked_rotor,eccentric_rotor,False,0.4,0.5375711664432129,0.579619694390239,0.6210536656162406
79167,rolamento_combination,rolamento_combination,True,1.0,0.0613496932515325,0.9126605271382837,1.2236788673203405
136095,rolamento_ball,rolamento_ball,True,0.6,0.024813895781637216,0.6710457386421955,0.9284984860871826
125410,ventoinha,ventoinha,True,1.0,1.0959784154815857,1.1405770668667292,1.1977396382409056
7186,normal,eccentric_rotor,False,0.6,0.0,0.6616385242495105,0.8439844437523824
156811,normal,normal,True,1.0,0.30674846625766894,0.481903273315361,0.5886390672711678
53786,rolamento_inner,rolamento_inner,True,1.0,0.9589809917559878,1.057561020482797,1.1392530931867426
65053,rolamento_ball,rolamento_ball,True,0.6,0.0613496932515325,0.6599651680143908,0.8464271148863162
10313,normal,normal,True,1.0,0.042944785276073816,0.5760013037381461,0.8265650088537386
154631,normal,ventoinha,False,0.4,0.07692307692307665,0.9887296032669589,1.2477869720007304
70405,rolamento_inner,rolamento_inner,True,0.8,0.0,0.779877145364621,1.0336299768710484
84787,polia,desbalanceado,False,0.4,1.0495503293581534,1.0718407111907182,1.0952821580984047
169466,normal,normal,True,0.8,0.0,0.7547811658020853,1.0701012106299987
26643,eccentric_rotor,desbalanceado,False,0.4,0.09181141439205986,0.5229491574932232,0.6848355019229795
156550,normal,desalinhado,False,0.6,0.09202453987729978,0.7358318110949001,0.9972229254451056
10449,desbalanceado,desbalanceado,True,1.0,0.662580870441953,0.7622850384091441,0.8402338281877284
151705,normal,normal,True,0.8,0.004962779156327479,0.5732611900295018,0.7313656924255795
165458,cocked_rotor,cocked_rotor,True,1.0,0.020746887966805128,2.1273791841595626,2.766865067020526
109036,correia,correia,True,0.8,0.7216344773968998,0.8609101187330228,0.9758201552384563
33343,eccentric_rotor,ventoinha,False,0.4,0.5861666491619262,0.6648866406913732,0.7302831146590784
67133,rolamento_inner,rolamento_inner,True,1.0,0.12269938650306711,0.6650478071788147,0.8085283668311044
73822,rolamento_combination,rolamento_combination,True,1.0,0.0,1.0412518376257769,1.344602732535345
77613,rolamento_combination,rolamento_combination,True,0.8,0.19502074688796783,0.650628768666633,0.8353761267320391
175920,cocked_rotor,cocked_rotor,True,1.0,1.1386622027072189,1.5765605474030207,1.856537567737959
69563,rolamento_inner,rolamento_inner,True,0.8,0.03319502074688874,1.0279289786875156,1.338406068451087
64052,rolamento_ball,rolamento_outer,False,0.4,1.2732252477989452,1.313042819426211,1.343628357488602
101572,ventoinha,normal,False,1.0,1.0570714918781565,1.0913703825657313,1.1070087297392375
81751,rolamento_ball,rolamento_ball,True,0.6,0.2282157676348536,0.5672024802448423,0.7228332685188955
163150,rolamento_ball,rolamento_ball,True,0.4,0.0074441687344916005,0.9928748372027775,1.334134052800952
155587,normal,normal,True,0.6,0.06224066390041433,0.8479721961535575,1.1563453444857579
172096,normal,normal,True,0.6,1.9622205230961638,2.3454014888527697,2.620705083732248
163053,rolamento_ball,rolamento_ball,True,0.8,1.5328781384536432,1.658640034410007,1.7973029768057185
157673,desalinhado,polia,False,0.4,0.7245597726848404,0.9160749482363266,0.9855756102532455
166696,rolamento_inner,rolamento_inner,True,1.0,2.4826023182290324,2.748023750572493,2.988374475746053
125757,ventoinha,ventoinha,True,1.0,0.049079754601228154,0.42481753941567113,0.6079108166423206
180563,falta_fase,falta_fase,True,0.8,0.863898281735535,0.9654966164506495,1.045710606198329
179117,normal,normal,True,1.0,0.8002109345354171,1.0344497446112952,1.1889698095668126
158920,desalinhado,correia,False,0.6,0.5948486757623177,0.6454869702003029,0.675542687291805
103704,correia,correia,True,1.0,0.012406947890819059,0.4154195603906693,0.5237441687180345
115373,cocked_rotor,cocked_rotor,True,0.8,0.11166253101736962,0.6307501455312828,0.8119419744976932
10006,normal,normal,True,1.0,0.0,0.5206635097742554,0.7514101962521609
65139,rolamento_ball,rolamento_ball,True,1.0,0.012269938650306456,0.39591631910117575,0.6133439625689353
146711,correia,desalinhado,False,0.8,0.5648700399623829,0.7965375289640694,0.9147536719678058
76970,rolamento_combination,rolamento_outer,False,0.8,0.7305820535711617,0.8194422535034576,0.8897012576389934
103177,correia,correia,True,0.8,0.067484662576689,1.0932794285897007,1.583456425951765
46860,rolamento_outer,cocked_rotor,False,0.6,0.033195020746887294,0.6641084757373437,0.8586740050568162
78650,rolamento_combination,rolamento_combination,True,1.0,0.12883435582822145,0.7601636543205281,1.006646558374248
44905,rolamento_outer,rolamento_inner,False,0.4,1.5812856864405072,1.6096050132255215,1.649837453886139
133174,rolamento_outer,rolamento_outer,True,0.4,0.06947890818858593,0.6968433757306095,0.9131670281382721
26360,eccentric_rotor,eccentric_rotor,True,1.0,0.17617866004962812,0.6946176189603348,0.8504463058175383
3920,normal,normal,True,1.0,0.8401616064693352,1.043036971211573,1.166995483681716
70863,rolamento_combination,rolamento_combination,True,1.0,0.0797546012269934,2.3316268289886355,2.9585879737802254
104421,correia,correia,True,0.6,0.0,0.7755454476903122,1.0158883215522823
158980,desalinhado,desalinhado,True,1.0,0.012448132780081972,0.7377581337844324,0.9353298210262724
27240,eccentric_rotor,eccentric_rotor,True,0.4,0.0,0.5998057367975962,0.8409397635878212
98844,ventoinha,ventoinha,True,1.0,0.617261147259165,0.6496578186311798,0.6972990088127679
116240,eccentric_rotor,cocked_rotor,False,0.4,0.8695504565439779,0.8947798787127541,0.9129173828080035
145034,correia,correia,True,1.0,0.8435632251444529,0.8764740238070564,0.9245343479103203
4612,desbalanceado,desbalanceado,True,1.0,0.7881830769766869,0.8793529694935807,0.9439394909410742
94433,ventoinha,ventoinha,True,1.0,0.44781563780385264,0.46117682810441113,0.46529790855175274
33148,eccentric_rotor,eccentric_rotor,True,0.6,0.5977980039658234,0.6367104138496954,0.671074030401563
134540,rolamento_outer,rolamento_outer,True,1.0,0.38036809815950784,0.5479153746251535,0.6438512562737532
154785,normal,rolamento_outer,False,0.8,0.04466501240694787,0.5745368372284583,0.8199650211553391
84249,rolamento_ball,rolamento_ball,True,0.6,0.0,0.6470415195185591,0.8424065546919444
49538,rolamento_outer,rolamento_outer,True,0.6,0.3803680981595079,0.905652270612844,1.1038823717326347
164250,rolamento_outer,rolamento_outer,True,1.0,0.0414937759336107,1.8409664440238256,2.426131081334382
138577,rolamento_ball,rolamento_ball,True,1.0,0.030674846625767326,0.7827820028960465,1.1423106783751331
8442,desbalanceado,desbalanceado,True,1.0,0.6935603448626251,0.7252103414426458,0.76644333527479
117418,eccentric_rotor,ventoinha,False,0.4,0.6054882992387018,0.7571921298946794,0.879375401082894
32052,eccentric_rotor,eccentric_rotor,True,1.0,0.030674846625767332,0.44752244408564634,0.7005644236699554
75064,rolamento_combination,rolamento_inner,False,0.6,1.848198983246626,1.8865048099413986,1.912516907479995
35836,cocked_rotor,desbalanceado,False,0.6,0.0,0.514799915822972,0.6594212062674063
181536,falta_fase,falta_fase,True,1.0,0.638958261762572,0.7039965656188337,0.7546482665894279
90602,polia,polia,True,1.0,0.2208588957055213,0.8202157370372458,1.0134998490170517
50867,rolamento_outer,rolamento_outer,True,0.6,0.43059625288415254,0.6512486700351638,0.776470395377773
163657,eccentric_rotor,eccentric_rotor,True,1.0,2.2014255140530157,3.0141818588947205,3.56425685804693
86663,polia,eccentric_rotor,False,0.8,0.04564315352697079,1.2712901808752197,1.704592832675773
41568,cocked_rotor,cocked_rotor,True,0.6,0.0,0.7288471316800441,1.0293990642472415
173947,normal,normal,True,1.0,1.3671287165036519,1.553918935781914,1.8454261643870635
174363,cocked_rotor,cocked_rotor,True,0.4,1.0478951051839684,1.0907925112697228,1.2087187221687365
8210,desbalanceado,rolamento_combination,False,0.4,0.9781958103498368,1.00024159876351,1.0147812170854642
121248,desbalanceado,desbalanceado,True,1.0,0.012448132780081944,0.679263147875402,0.8709041646159388
34763,cocked_rotor,cocked_rotor,True,0.6,0.0,0.46555891278071854,0.5908488523242726
73796,rolamento_combination,rolamento_combination,True,0.6,0.09543568464730301,0.9571440071869445,1.2583455336475515
80709,rolamento_ball,rolamento_ball,True,0.6,0.17866004962779136,0.7537372243610645,0.958547977503463
65739,rolamento_ball,rolamento_ball,True,0.6,0.3983402489626561,0.9211577581259931,1.085567400544437
30627,eccentric_rotor,eccentric_rotor,True,0.8,0.5398773006134966,0.8922416330473103,1.0768480023936395
7021,normal,cocked_rotor,False,0.4,0.007444168734491607,0.639852108085417,0.8139525488201586
74349,rolamento_combination,rolamento_ball,False,0.6,0.06639004149377603,0.6793963022090599,0.8600792704405402
29105,eccentric_rotor,eccentric_rotor,True,0.6,0.24066390041493851,0.6108055920167056,0.7245774924951318
178243,desalinhado,desalinhado,True,1.0,0.8559827235940339,1.1698913521659848,1.3211364142303494
90074,polia,polia,True,0.8,0.4601226993865034,0.650983354223772,0.7507622051044084
82066,rolamento_ball,rolamento_ball,True,0.6,0.677346191192385,0.7205728198324828,0.7406634399251153
180409,desbalanceado,desbalanceado,True,1.0,1.4566037202692053,1.5049791864865332,1.5501060500535842
63624,rolamento_ball,cocked_rotor,False,0.6,0.6777522374824788,0.75733552027499,0.8127427359261693
162166,rolamento_outer,desalinhado,False,0.6,0.6986276231092797,0.9449975266822147,1.021216953085471
141976,rolamento_combination,rolamento_inner,False,0.4,0.6663191897399123,0.7310356007070006,0.7824542493572568
153816,desalinhado,desalinhado,True,0.6,0.03225806451612884,0.8785610345618711,1.1912654678144818
60171,rolamento_inner,rolamento_inner,True,0.6,0.0,0.6007639682894444,0.8084950545124227
61952,rolamento_ball,rolamento_ball,True,0.6,0.5025078207751298,0.5748214633635065,0.687690261461606
4774,desbalanceado,desbalanceado,True,1.0,0.11656441717791277,0.8127268595532421,1.0910120036065085
26104,eccentric_rotor,rolamento_combination,False,0.6,0.7154478499017232,0.852552741870405,0.9950776975698762
44429,rolamento_outer,rolamento_outer,True,0.6,0.1717791411042953,0.7225776800824681,0.8944363301641619
41990,cocked_rotor,rolamento_outer,False,1.0,0.5525350156779691,0.5915529424220636,0.6312420623119454
50345,rolamento_outer,rolamento_outer,True,1.0,0.0,0.47347508927655574,0.630279716622207
95729,ventoinha,desalinhado,False,0.4,0.02074688796680524,0.7642631044033203,0.9959562940318067
51418,rolamento_outer,rolamento_outer,True,0.6,0.696020302136463,0.7665024222560953,0.8253044313688964
146482,correia,correia,True,0.6,0.5806384759449141,0.6357849895658174,0.6657606383459077
171911,rolamento_ball,normal,False,0.6,3.689197518847232,6.987922969039348,7.863117476321357
137531,rolamento_ball,rolamento_ball,True,1.0,0.738977737397336,0.8535203319080005,0.9013802980462182
118932,desbalanceado,eccentric_rotor,False,0.4,0.012406947890819059,0.7810653145383791,0.990290587100672
148184,desalinhado,desalinhado,True,1.0,0.7715219720805786,0.8518668366343753,0.9055167591848716
120630,desbalanceado,desbalanceado,True,1.0,0.7919192951706449,0.8292611264487363,0.8899379523713068
36934,cocked_rotor,cocked_rotor,True,0.6,0.007444168734491496,0.9436599827224154,1.251188571713502
114711,cocked_rotor,cocked_rotor,True,0.4,0.8410374984937059,0.928165500879577,1.060989704248813
54399,rolamento_inner,rolamento_inner,True,1.0,0.21161825726141137,0.9590432678027383,1.1937051559808587
88536,polia,rolamento_ball,False,0.6,0.07692307692307665,0.48612671453952155,0.6452477106019594
4035,normal,normal,True,1.0,0.03067484662576514,0.9810001381213308,1.2220957987172871
179125,normal,normal,True,1.0,0.8382874402987228,0.9392897164488504,0.9925054619094384
67616,rolamento_inner,polia,False,0.8,0.019851116625310652,0.5005173845582691,0.670497791017713
112485,cocked_rotor,cocked_rotor,True,1.0,0.4193211051217687,0.5220366681688382,0.6852497228827955
90809,polia,polia,True,1.0,0.5584528812937191,0.6284257143993413,0.6840772647231809
64663,rolamento_ball,rolamento_outer,False,0.6,0.012269938650306456,0.6597465662227175,0.8657038922816664
6968,normal,normal,True,0.4,0.01985111662530975,0.5668384446836022,0.7404056132623233
159105,desalinhado,ventoinha,False,0.8,0.012448132780081972,0.7301854375320682,0.9196178455583501
67190,rolamento_inner,rolamento_inner,True,0.8,0.40995299991084966,0.6221800524087671,0.7797528825055032
60138,rolamento_inner,rolamento_inner,True,0.6,0.06947890818858593,0.5073006734671612,0.660707011400179
60329,rolamento_inner,rolamento_inner,True,1.0,0.0,0.6714483686328654,0.8456827913987985
5758,desbalanceado,desbalanceado,True,1.0,0.047146401985111996,1.3234935023417522,1.7604431333699593
55004,rolamento_inner,rolamento_inner,True,0.8,0.007444168734490719,0.6291787908439185,0.9116816656990799
34128,cocked_rotor,cocked_rotor,True,1.0,0.33742331288343624,0.4497297494157701,0.6183490400594055
35037,cocked_rotor,cocked_rotor,True,0.8,0.01244813278008347,0.6898824295471327,0.8956015235786743
141580,rolamento_combination,rolamento_inner,False,0.6,0.12406947890818865,0.8908196416221899,1.167361712062247
1842,normal,normal,True,1.0,0.0,0.7437243699687693,1.053401968996252
93328,polia,polia,True,1.0,0.020746887966805294,0.5613746241583977,0.7652055991482019
104243,correia,correia,True,1.0,0.012406947890819045,0.6114373283946575,0.8253024036088464
66675,rolamento_inner,rolamento_inner,True,1.0,0.0920245398772998,0.7368024354297007,1.007787023169079
166733,rolamento_outer,rolamento_outer,True,1.0,0.0,3.4354904754075037,4.682525813289426
40406,cocked_rotor,cocked_rotor,True,1.0,0.09958506224066321,0.7060590787211151,0.9091016185491214
143632,rolamento_combination,rolamento_combination,True,1.0,0.28834355828221014,0.5992601843914136,0.7769264164256956
170437,rolamento_outer,rolamento_outer,True,0.6,0.8513650034035471,0.9779153844116413,1.0821690432227755
46290,rolamento_outer,normal,False,0.4,1.0629588754979602,1.2996127254228234,1.4182276717893827
178159,desalinhado,desalinhado,True,1.0,0.8565479970827307,1.1496582764243126,1.3970859735696854
9089,normal,cocked_rotor,False,1.0,0.8302736630153041,0.8837724006383472,0.9430194147597599
71361,rolamento_combination,rolamento_combination,True,1.0,0.0,0.9484304999626648,1.2723302916194066
148642,desalinhado,desalinhado,True,0.8,0.02074688796680524,0.5385720803130594,0.8053785531926625
24248,eccentric_rotor,eccentric_rotor,True,0.8,0.030674846625767332,0.6519439124369949,0.8825396219677326
113268,cocked_rotor,cocked_rotor,True,0.8,0.1472392638036823,0.3737102040046949,0.5836977202562813
121119,desbalanceado,desbalanceado,True,0.2,0.25726141078838216,0.9221771482724822,1.2801939800999014
123815,ventoinha,desbalanceado,False,0.6,0.6927722007570782,0.7683002914031356,0.8154698296345669
24189,eccentric_rotor,correia,False,0.6,0.23926380368098207,0.6961689165892478,0.8528659065298507
46007,rolamento_outer,rolamento_outer,True,0.4,0.06451612903225845,0.6528667740728645,0.8402251094478209
44644,rolamento_outer,rolamento_outer,True,0.4,0.0,0.6211652582963432,0.8126255781846244
69293,rolamento_inner,rolamento_inner,True,0.8,0.0,0.7004562949816406,0.9447574530715281
120733,desbalanceado,desbalanceado,True,0.6,0.255583126550868,0.8141137990046843,1.1784864188963005
93333,polia,polia,True,1.0,0.8540423100168868,1.0204181335413296,1.1203726624959596
103717,correia,correia,True,1.0,0.14888337468982588,0.4492346143441702,0.552881189631976
53173,rolamento_inner,rolamento_inner,True,0.8,0.3987730061349687,0.711152075002685,0.8467345782879656
4319,normal,normal,True,1.0,1.1886883648324085,1.2123005411052707,1.2436583202746243
34918,cocked_rotor,cocked_rotor,True,0.8,0.07468879668049777,0.6136736971572885,0.7738663554104922
163364,eccentric_rotor,eccentric_rotor,True,1.0,1.4612028415918148,1.8635944799405357,2.5280165901903766
110153,correia,correia,True,1.0,0.012406947890819045,0.6530651003387098,0.8651189065121841
118184,eccentric_rotor,desbalanceado,False,0.6,0.9736739673936599,1.185817325074347,1.3157169223967444
26461,eccentric_rotor,cocked_rotor,False,0.4,0.007444168734490719,0.9017089368493092,1.155826601228886
26554,eccentric_rotor,eccentric_rotor,True,1.0,0.03722084367245715,0.7813534169875235,1.0606610213492607
101663,ventoinha,ventoinha,True,0.4,0.0,0.6925700586953722,0.912934619879797
45649,rolamento_outer,rolamento_outer,True,0.6,0.13151364764268014,0.8631171700801143,1.210584539444794
40434,cocked_rotor,rolamento_outer,False,0.6,0.6196393034010559,0.6561359057016398,0.6825112170663994
172618,normal,normal,True,0.8,0.6973678226513119,0.8205279747358947,0.9285561195686046
72008,rolamento_combination,rolamento_combination,True,0.6,0.0,0.9243824544836334,1.257348897867941
140320,rolamento_ball,rolamento_ball,True,0.6,0.16182572614107904,1.0876647781345063,1.4424946985550937
12061,desbalanceado,desbalanceado,True,0.4,0.07883817427385942,0.8625121019867551,1.1089045555709907
180439,desbalanceado,desbalanceado,True,1.0,1.6594464837962857,1.9738483318193658,2.340231253153949
54673,rolamento_inner,rolamento_inner,True,0.6,0.5185553076783651,0.8099093855516923,1.118428062724361
133165,rolamento_outer,rolamento_outer,True,0.4,0.012406947890819087,0.5815483033033938,0.7865527249681747
63698,rolamento_ball,rolamento_ball,True,0.4,0.012448132780083443,0.7244852101253366,0.9341512274648969
119582,desbalanceado,cocked_rotor,False,0.6,0.15632754342431748,0.46239327482033526,0.5615187024344372
23415,eccentric_rotor,rolamento_outer,False,0.4,0.012406947890819045,0.4915718854641743,0.6398713587909426
82121,rolamento_ball,rolamento_ball,True,0.8,0.73712780718799,0.8322103115952496,0.9074517301178571
57441,rolamento_inner,rolamento_inner,True,1.0,0.007444168734491607,1.1713287648720272,1.520383494072028
29205,eccentric_rotor,cocked_rotor,False,0.8,0.012448132780081972,0.5112427924693488,0.6770018673098381
26693,eccentric_rotor,eccentric_rotor,True,0.6,0.05809128630705429,0.7085084079096826,0.9857178873169389
3934,normal,normal,True,1.0,0.12883435582822145,0.8988366679769438,1.2698879765576367
38242,cocked_rotor,cocked_rotor,True,0.4,0.0,0.666571302391796,0.8584583362643183
102757,correia,correia,True,0.6,0.030674846625767138,0.6724408470845229,0.9231627757915716
66112,rolamento_ball,rolamento_ball,True,0.8,0.08713692946058127,0.6409181778067505,0.9023156861648052
37230,cocked_rotor,cocked_rotor,True,0.4,0.0,0.8868494016209458,1.190930240927033
120660,desbalanceado,desbalanceado,True,1.0,0.024813895781638062,0.6973713432725518,0.9903881760788311
98297,ventoinha,eccentric_rotor,False,0.6,0.7687413937143249,0.842702712450075,0.9323609031064762
37741,cocked_rotor,cocked_rotor,True,0.6,0.3443983402489619,0.6845337232897047,0.7878808307721705
5082,desbalanceado,desbalanceado,True,1.0,0.0,1.568582910409567,2.305477505561784
4167,normal,normal,True,1.0,0.03680981595091937,0.8251709584062118,1.2263890330792806
53429,rolamento_inner,rolamento_inner,True,0.6,0.8862613012278079,0.9924227476932748,1.0557471724791514
146133,correia,correia,True,0.4,0.6340294751248374,0.67445052021633,0.7148812253264003
113675,cocked_rotor,cocked_rotor,True,0.4,0.04149377593360909,0.7540731934319905,0.9783365106957161
180804,rolamento_outer,rolamento_outer,True,0.6,0.5911613608576309,0.6705357035399755,0.7939362197525538
39848,cocked_rotor,cocked_rotor,True,0.6,0.7764604760668653,0.9014257549337114,0.9804518497255952
33808,cocked_rotor,cocked_rotor,True,1.0,0.0,0.6086483823467954,0.7871741249329051
2625,normal,normal,True,1.0,0.0,1.0967397752389778,1.7873472548180924
24963,eccentric_rotor,eccentric_rotor,True,0.6,0.012269938650308676,0.9687032275891946,1.3384610538728525
26449,eccentric_rotor,eccentric_rotor,True,1.0,0.2158808933002485,0.5739129614758085,0.8396470121287781
108184,correia,correia,True,0.6,0.9983771334112157,1.0574310337170227,1.093512746608699
10126,normal,normal,True,1.0,0.018404907975460905,0.4382408534295198,0.6112310472672469
28291,eccentric_rotor,eccentric_rotor,True,0.6,0.019851116625310694,1.1829073679844695,1.514513558349295
55537,rolamento_inner,rolamento_inner,True,0.6,0.01840490797546085,0.6857167544431546,0.8712109937873662
101741,ventoinha,desalinhado,False,0.4,0.5855308078699389,0.6153169277187395,0.6403499484529621
50163,rolamento_outer,rolamento_outer,True,0.8,0.530232903859725,0.5728636475721582,0.6212602934794554
47532,rolamento_outer,rolamento_ball,False,0.4,0.8895722748650523,1.0334020210082862,1.1201748351684786
90781,polia,polia,True,1.0,0.5110540765497011,0.7619944463969297,0.9254318191408615
72442,rolamento_combination,rolamento_combination,True,0.6,0.9714020699429717,0.9829054967164097,1.0013379453824645
47980,rolamento_outer,rolamento_outer,True,0.8,0.9274132856973715,0.9884329221429425,1.0587493179861898
26000,eccentric_rotor,rolamento_ball,False,0.4,0.01985111662530975,0.6678957716240781,0.8430519175629081
175158,eccentric_rotor,eccentric_rotor,True,0.8,1.2761442373469256,1.4950199881911568,1.654297181814554
6986,normal,normal,True,0.8,0.5547214649028042,0.6845141006120847,0.8873300254916523
156557,normal,normal,True,0.8,0.14110429447852796,0.6437717828340066,0.880333733269402
139515,rolamento_outer,cocked_rotor,False,0.6,0.29460580912863105,0.6160667231853536,0.7270426135556316
166931,normal,normal,True,1.0,1.5531188379769054,1.6237255724783641,1.7605745259449035
70905,rolamento_combination,rolamento_combination,True,1.0,0.15950920245398903,1.572803844505934,2.4502525323290434
84343,rolamento_ball,rolamento_ball,True,0.4,0.7884716501398339,0.8229263300839345,0.8725832785632428
50844,rolamento_outer,rolamento_outer,True,0.4,0.9949252376978097,1.0281608291073911,1.1026561178906635
49051,rolamento_outer,rolamento_ball,False,0.6,0.26993865030674935,0.9652217315718762,1.3180115456863122
161550,desalinhado,eccentric_rotor,False,0.4,0.58340765644978,0.6863896974716296,0.7628944055228699
98694,ventoinha,ventoinha,True,1.0,0.11656441717791499,0.5102813784945223,0.6335711909035531
96990,ventoinha,rolamento_ball,False,0.4,0.696560308298259,0.8286612138062118,0.9583901840427129
95457,ventoinha,ventoinha,True,1.0,1.1924493460553132,1.4831015181963165,1.6060190239613021
93837,ventoinha,ventoinha,True,1.0,0.6201741265378077,0.671475572333937,0.7057113429782202
121069,desbalanceado,ventoinha,False,0.4,0.8436563054569726,0.9642308127359716,1.0677889838198826
130146,rolamento_inner,rolamento_inner,True,0.6,0.0,0.9825122694465044,1.2590157683955479
145003,correia,correia,True,1.0,0.012269938650306483,0.42182747929753966,0.5779559783712799
173881,normal,normal,True,0.8,0.7947465415434123,1.1001747426349193,1.2500093998441661
10885,desbalanceado,desbalanceado,True,1.0,0.0,0.9952327639588523,1.3681804214644468
178674,desbalanceado,desbalanceado,True,1.0,0.6289045492148011,0.7115938101025148,0.785315860909288
2840,normal,normal,True,0.6,0.024896265560166775,2.4398643689046016,3.08740990149075
107648,correia,correia,True,1.0,0.06224066390041605,0.6113880195893823,0.8083639925621154
45344,rolamento_outer,rolamento_outer,True,0.4,0.7012874446639515,0.7617319997965154,0.8043254097211044
74437,rolamento_combination,rolamento_combination,True,1.0,0.09958506224066466,0.8737233456709834,1.0862293228826556
92610,polia,polia,True,1.0,0.008298755186723294,0.6584385635444562,0.8779373594024691
153513,desalinhado,desalinhado,True,0.6,0.7081788017283035,0.7511254544425388,0.8109758087080415
131076,rolamento_inner,rolamento_inner,True,1.0,0.6201579011675399,0.8911357059799412,0.9964125506815191
64673,rolamento_ball,rolamento_ball,True,1.0,0.9877888214157545,1.088932665918782,1.1398499345411754
40528,cocked_rotor,rolamento_combination,False,0.4,0.052109181141439476,0.6192143276516591,0.8060415942039865
102851,correia,cocked_rotor,False,0.6,0.8277525090185707,0.9044023774474612,0.9620597598347878
89079,polia,polia,True,1.0,0.45201659714512116,0.4929446947496274,0.5748413366528928
49207,rolamento_outer,rolamento_outer,True,1.0,0.709796042639688,0.9125720739622617,0.9725688385723744
158210,desalinhado,desalinhado,True,0.6,0.027295285359801358,0.5253562305878559,0.6891016723303522
159455,desalinhado,desalinhado,True,1.0,0.7704793043481262,0.7953794027754053,0.8385485427449015
75386,rolamento_combination,rolamento_combination,True,0.8,0.49693251533742505,1.7172161584988128,2.2581746771479776
51568,rolamento_outer,rolamento_outer,True,0.6,0.5854997031212031,0.6610760818243425,0.7077153404642109
167886,normal,normal,True,1.0,0.0,0.9202456524796441,1.2866954653325595
144341,correia,normal,False,0.8,0.5874586442110741,0.7674299075275289,0.8347654485048875
38938,cocked_rotor,cocked_rotor,True,1.0,0.11042944785276065,0.44314040155895906,0.5766937144469445
122690,desbalanceado,desbalanceado,True,1.0,0.6538387183757571,0.7102892656437043,0.7772967757810013
135918,rolamento_ball,rolamento_outer,False,0.6,0.11166253101736962,0.644702799890012,0.9171325033601437
102236,ventoinha,ventoinha,True,0.8,0.07444168734491247,0.5616245280713985,0.7513214267203726
52572,rolamento_inner,rolamento_outer,False,0.8,1.634736753882908,1.7647196967098018,1.843950903828406
36362,cocked_rotor,cocked_rotor,True,0.6,0.03970223325062042,0.42037690518273435,0.5825577824008454
91916,polia,ventoinha,False,0.6,0.8237110084671068,0.9598793783814731,1.0265066283663198
152081,normal,normal,True,1.0,0.004962779156327479,0.5147825594946096,0.6638613758018456
22726,eccentric_rotor,eccentric_rotor,True,0.4,0.5351538838297886,0.6261351258706597,0.7382047791084382
157291,normal,normal,True,0.8,0.5506621529788056,0.5969629035071018,0.6158323552693352
69870,rolamento_inner,rolamento_combination,False,0.4,0.03319502074688873,0.6932045346548422,0.9464930311989591
111014,correia,correia,True,1.0,0.429447852760736,0.5443904641357532,0.6096863952467448
69010,rolamento_inner,rolamento_ball,False,0.8,1.186010163252066,1.238716003024624,1.3100330176668937
33498,cocked_rotor,cocked_rotor,True,1.0,1.0309440670083783,1.101688299386794,1.1434893642876125
140468,rolamento_ball,rolamento_ball,True,1.0,0.05394190871369248,0.8030238649996871,1.1700814855906427
37965,cocked_rotor,rolamento_outer,False,0.8,0.21161825726140993,1.0860506652852644,1.4434211010309934
80524,rolamento_combination,rolamento_combination,True,0.6,0.0,0.6587075853392953,0.8551131903000367
41873,cocked_rotor,cocked_rotor,True,0.6,0.6260096535137702,0.6670420520106757,0.7152797666207156
168230,rolamento_outer,rolamento_outer,True,0.4,1.521773964805153,1.6903833417917817,1.822224360196823
3367,normal,normal,True,1.0,2.3963096025418094,2.4401344553693924,2.5089376368427807
160800,desalinhado,desalinhado,True,0.6,0.03680981595091948,0.5309072813685146,0.7513309045626082
78378,rolamento_combination,rolamento_combination,True,0.4,0.020746887966805294,0.8708261939759101,1.1420721337110302
44202,rolamento_outer,rolamento_outer,True,1.0,0.0,0.3905721748291981,0.5310641888606312
151635,normal,normal,True,0.6,0.034739454094292965,0.6355198680825133,0.861251722321682
93599,ventoinha,ventoinha,True,1.0,0.0,0.430816509953023,0.6903939984466505
156145,normal,ventoinha,False,0.4,0.008298755186721817,0.5516982347001986,0.7296940246307052
163421,eccentric_rotor,eccentric_rotor,True,1.0,1.379668537286992,1.6305450752550352,1.8701450556339823
43031,rolamento_outer,rolamento_outer,True,0.8,0.066390041493776,0.9673907737797631,1.2123608388341771
70632,rolamento_combination,rolamento_combination,True,1.0,0.0,0.9097451297158266,1.280566293898361
174275,eccentric_rotor,eccentric_rotor,True,1.0,1.313910669186678,1.6792886281886847,1.9710429193701955
123256,ventoinha,ventoinha,True,0.6,0.06699751861042177,0.516346006679498,0.6585083395401576
64227,rolamento_ball,rolamento_ball,True,1.0,0.09543568464730307,0.6598951829631903,0.8046865661970479
156050,normal,cocked_rotor,False,0.6,0.6021462017755993,0.6378564172764365,0.6640539042313812
162848,rolamento_inner,rolamento_combination,False,0.8,0.8528701383026054,1.028841516306771,1.1550603872913363
54532,rolamento_inner,rolamento_combination,False,0.4,1.241877896673193,1.329182024638572,1.4715121700796556
27665,eccentric_rotor,ventoinha,False,0.8,0.041493775933609034,0.7234320793670392,0.9225471277749678
128606,polia,rolamento_ball,False,0.4,0.09677419354838723,0.7270617448053784,0.9888648349433176
85651,polia,polia,True,1.0,0.008298755186721817,0.7254288019700583,0.9218450769422045
5141,desbalanceado,desbalanceado,True,1.0,1.136976082452255,1.2606198640700854,1.430563868613787
2969,normal,normal,True,1.0,0.012448132780083387,1.0831580742360178,1.4377494405616278
48570,rolamento_outer,rolamento_outer,True,1.0,0.11042944785276054,0.9216164484336762,1.1706982839369733
78424,rolamento_combination,rolamento_combination,True,1.0,0.020746887966805294,0.8318390174786338,1.0469416647215375
47290,rolamento_outer,rolamento_outer,True,0.8,0.7728632967799258,0.8702886430173875,1.0017363289237937
40386,cocked_rotor,cocked_rotor,True,1.0,0.6782069225930254,0.7549925194902837,0.8231504604248819
4530,desbalanceado,desbalanceado,True,1.0,0.11042944785276054,0.5632829576983663,0.7678516526563623
83164,rolamento_ball,rolamento_ball,True,1.0,0.030674846625767332,0.9225973936548332,1.184373167732177
33435,eccentric_rotor,eccentric_rotor,True,1.0,0.7020434113249779,0.747911744051421,0.8016269522551649
140317,rolamento_ball,rolamento_ball,True,0.6,0.2697095435684656,0.760430346499827,0.9522121691499251
60283,rolamento_inner,rolamento_inner,True,0.6,0.012406947890818157,0.7940190971390212,1.1248015362007904
131158,rolamento_inner,rolamento_inner,True,0.6,0.02074688796680524,1.6653945537699841,2.146677498629207
62556,rolamento_ball,rolamento_outer,False,0.4,0.8742547615465258,0.9160416742728513,0.9539584804265245
24310,eccentric_rotor,eccentric_rotor,True,1.0,0.6530196753943611,0.7314258051433579,0.817499748466279
89274,polia,polia,True,1.0,0.5033573324065858,0.5899935498781576,0.6485503789471931
151409,normal,desbalanceado,False,0.6,0.7352759688272692,0.8176774734636935,0.8427379541386409
56798,rolamento_inner,rolamento_inner,True,0.6,0.08933002481389574,1.1786745285594105,1.4827976833870253
115203,cocked_rotor,cocked_rotor,True,0.4,0.7282286268964073,0.849129476305525,0.8851910269657411
125311,ventoinha,ventoinha,True,1.0,0.49740928506131443,0.6516826693307902,0.697676969143139
72421,rolamento_combination,rolamento_combination,True,0.4,0.027295285359802246,0.5717701490023535,0.7537756895839963
93129,polia,polia,True,1.0,0.8804963913343019,0.9157525254731451,0.9770630372422004
49177,rolamento_outer,rolamento_outer,True,0.4,0.09202453987729986,0.6046578244343859,0.7939861393818106
82849,rolamento_ball,rolamento_ball,True,0.8,1.0079314964300334,1.0671036899404585,1.089836564194579
116919,eccentric_rotor,eccentric_rotor,True,1.0,0.41908713692945976,0.8404862201643114,0.9604458507211555
7782,desbalanceado,ventoinha,False,0.4,0.04466501240694781,0.7839900089198429,1.085786871380436
44942,rolamento_outer,rolamento_outer,True,1.0,0.7131751147144971,0.8082742196993411,0.8725857549008753
51344,rolamento_outer,rolamento_outer,True,0.6,0.0,0.6853114132046791,0.9219160849326947
117815,eccentric_rotor,desalinhado,False,0.6,0.573884217846804,0.5850481357247378,0.5942585958382015
95000,ventoinha,ventoinha,True,0.8,0.012406947890819031,0.6457665469681565,0.8129576805532449
77395,rolamento_combination,rolamento_outer,False,0.4,0.052109181141438476,0.5442628697250591,0.7126140951281624
105461,correia,correia,True,1.0,0.24896265560165884,0.8027778443303062,0.977369965751374
155003,normal,rolamento_ball,False,0.4,0.007444168734491607,0.7863446496071991,1.0972721506849297
141606,rolamento_combination,rolamento_combination,True,0.4,0.01985111662530975,0.9201937868127759,1.1995695503023351
96199,ventoinha,ventoinha,True,1.0,0.4356846473029048,0.7865506305190616,0.8989741852793253
52618,rolamento_inner,rolamento_inner,True,0.6,0.47239263803680975,1.1024125985249191,1.4086159037460286
34177,cocked_rotor,cocked_rotor,True,1.0,0.5882767711624048,0.705574269577107,0.7998632951078246
25629,eccentric_rotor,eccentric_rotor,True,1.0,0.1779141104294496,0.60640108443872,0.7464733173751964
152751,normal,normal,True,0.8,0.0,0.6054820940607474,0.7902623333807692
125631,ventoinha,ventoinha,True,1.0,0.6563409791098135,0.7280512141720078,0.8084931214020177
131777,rolamento_inner,rolamento_inner,True,1.0,0.8472574227897969,0.9674991641373296,1.082184374017984
122890,desbalanceado,desbalanceado,True,1.0,0.6585627036953199,0.7062200719040591,0.7234506025960864
77763,rolamento_combination,rolamento_combination,True,1.0,0.053941908713693976,1.1287004959932911,1.4464388231303325
139925,rolamento_ball,rolamento_ball,True,1.0,0.8534619175962536,0.9975869370462733,1.0642470566422186
65759,rolamento_ball,rolamento_ball,True,0.8,0.16182572614107915,0.9861737508566726,1.2449999063982058
178430,desbalanceado,desbalanceado,True,1.0,1.436859590551363,1.7125384799283399,1.970262382196774
88414,polia,rolamento_combination,False,0.4,0.0,0.49803046653461003,0.6926120263499795
116452,eccentric_rotor,eccentric_rotor,True,0.6,1.033754718269569,1.1259413609349498,1.2573559495600668
105770,correia,correia,True,0.6,0.012406947890819087,0.5571639350208667,0.7488474343620811
163212,rolamento_ball,rolamento_ball,True,0.8,0.0,1.0446035268657465,1.3619443480765885
106016,correia,desbalanceado,False,0.6,0.8591997712156602,0.9168491098069051,0.9444871971156138
52510,rolamento_inner,rolamento_inner,True,0.8,0.0797546012269933,0.7865732968737585,1.0763488985284477
85273,polia,polia,True,0.4,0.10173697270471471,0.6750274547650845,0.9631621000678722
34458,cocked_rotor,eccentric_rotor,False,0.6,1.3263363010500706,1.3586213475309663,1.3741156723892094
9175,normal,ventoinha,False,0.8,0.024896265560166914,0.66975919993189,0.9142657898630642
103098,correia,correia,True,1.0,0.012269938650306567,0.5390191960294274,0.6788903935310571
81827,rolamento_ball,rolamento_ball,True,1.0,0.3900414937759326,0.7237973583156351,0.812652272787325
52474,rolamento_outer,rolamento_outer,True,0.6,0.0746887966804978,0.5640144131210489,0.693102904914661
90579,polia,desbalanceado,False,0.8,0.049079754601228154,1.4064689098919205,1.7557592761211085
176823,falta_fase,rolamento_ball,False,0.4,1.2910171147377836,1.3327753537142841,1.3711916881799298
92166,polia,polia,True,0.6,0.0,0.7122571885344984,1.044922309718046
31571,eccentric_rotor,cocked_rotor,False,0.4,0.041493775933609145,0.5994487216713356,0.8352091727428848
166248,eccentric_rotor,rolamento_inner,False,0.4,1.657990391903915,1.7798115149712994,1.9034374612630014
178033,desalinhado,desalinhado,True,0.8,0.8456554219672188,1.0174828899340276,1.137514406365752
104610,correia,correia,True,0.8,0.2448132780082987,0.7279264136745056,1.1443175931021763
84643,polia,rolamento_combination,False,0.4,1.0334341533291371,1.0495462908994788,1.0554456513346062
59382,rolamento_inner,rolamento_inner,True,1.0,0.8766386968419867,0.9383334202101965,1.0273017856617976
25823,eccentric_rotor,eccentric_rotor,True,0.8,0.6242777726712678,0.7450759832766916,0.7914114033580709
35421,cocked_rotor,correia,False,0.4,0.6669503129128742,0.8079551325463159,0.8635035491727768
39360,cocked_rotor,cocked_rotor,True,0.4,0.8283101813012232,0.8882201208604531,0.9746089292871274
81505,rolamento_ball,rolamento_inner,False,0.4,0.7908168037113336,0.8766855231645254,0.936170489632224
147797,desalinhado,desalinhado,True,0.8,0.0,0.6434093561066744,0.8548194655524648
113025,cocked_rotor,cocked_rotor,True,1.0,0.0,0.4262766828154255,0.589184971026218
150233,desalinhado,normal,False,0.6,0.0,0.3970614549650905,0.5465594042676046
108064,correia,correia,True,1.0,0.01244813278008361,0.5645152537655388,0.7397547977123974
23799,eccentric_rotor,eccentric_rotor,True,0.6,0.0,0.5914933116733692,0.7484094858747655
149257,desalinhado,desalinhado,True,1.0,0.049079754601226044,0.7059123648386292,0.9884418947158
123003,ventoinha,polia,False,0.6,0.9006626280122776,0.9091682239312314,0.9224190229642051
145291,correia,correia,True,0.8,0.9496905883689117,1.0019548690124904,1.0457651787263842
52894,rolamento_inner,rolamento_inner,True,1.0,0.012269938650306456,0.7551207021193559,0.9981025048650846
40209,cocked_rotor,cocked_rotor,True,1.0,0.6808202662083415,0.7022096572053248,0.7209136300405573
148505,desalinhado,normal,False,0.4,1.3063096342274083,1.3808822164404657,1.4187167148723365
157294,normal,correia,False,0.6,0.07361963190184112,0.5844182072716135,0.7677112467181111
69304,rolamento_inner,cocked_rotor,False,1.0,1.05263968860382,1.079490433084546,1.1108429406755083
172611,eccentric_rotor,eccentric_rotor,True,1.0,0.8868635670531516,1.3977884260569713,2.0545805243592787
108930,correia,correia,True,0.6,0.04907975460122599,0.8661637698705432,1.0819137304965871
59533,rolamento_inner,rolamento_inner,True,0.6,0.8847905636043983,0.9370283382307661,1.0463055749649928
107160,correia,correia,True,1.0,0.1825726141078829,0.6343423101179294,0.7552902256807028
36967,cocked_rotor,cocked_rotor,True,0.8,0.1017369727047146,0.8067318394669991,1.0204471223001643
23948,eccentric_rotor,eccentric_rotor,True,1.0,0.012269938650306497,0.5751784350809632,0.7825634137419386
123126,ventoinha,cocked_rotor,False,0.6,0.007444168734490719,0.3489019244241685,0.5391219495915425
149035,desalinhado,desalinhado,True,0.4,0.7369644535605248,0.7738762226472786,0.7870674016149428
53626,rolamento_inner,rolamento_inner,True,1.0,0.008298755186721962,1.1890844746133706,1.5194386443198045
157599,desalinhado,rolamento_ball,False,0.6,0.1042183622828789,0.7066552708141864,0.9005250758855854
102183,ventoinha,desalinhado,False,0.6,0.0868486352357315,1.075954804777109,1.3322134156053491
167223,rolamento_inner,rolamento_inner,True,1.0,1.3058992463005064,1.9840763416840594,2.3004506357719334
153247,desalinhado,desalinhado,True,0.6,0.1637717121588091,0.5427278138654402,0.7528667203078815
89207,polia,polia,True,1.0,0.5518762946496268,0.5724645049447916,0.5803386456454184
107686,correia,eccentric_rotor,False,0.6,0.0,0.6936442579887512,0.940726856750546
157784,desalinhado,desalinhado,True,0.8,0.06451612903225848,0.7032310947467593,0.9004432072258988
116660,eccentric_rotor,eccentric_rotor,True,0.8,0.07468879668049788,0.9051760309074289,1.1679389456100409
85993,polia,polia,True,0.6,1.2189077608983458,1.30796048017995,1.4848614822770618
38071,cocked_rotor,normal,False,0.4,0.5971394751216819,0.7083055127095873,0.7673702999961146
56292,rolamento_inner,rolamento_inner,True,1.0,0.2822085889570559,0.6274455064375345,0.792194763136822
107710,correia,correia,True,0.6,0.19087136929460624,0.62126018729487,0.84998576020287
111107,correia,correia,True,1.0,0.34969325153374275,0.5670281848372308,0.6296150413027687
75505,rolamento_combination,rolamento_combination,True,1.0,0.943756809298276,0.989137104266715,1.0503829339140158
7538,desbalanceado,desbalanceado,True,0.6,0.04466501240694781,0.5623971666466224,0.7656596048620132
162432,rolamento_combination,rolamento_combination,True,1.0,0.6419047433557614,0.73992433114287,0.792109266065474
113846,cocked_rotor,ventoinha,False,0.8,0.132780082987552,0.6226067249797437,0.8121991032514951
155047,normal,rolamento_outer,False,0.6,0.7710954548387196,0.8797885890686781,0.9208635594914882
23449,eccentric_rotor,ventoinha,False,0.6,0.7929486101514939,0.9003266317702767,1.0150164847871326
50725,rolamento_outer,rolamento_outer,True,0.8,0.05955334987593105,0.972187002571296,1.2564404092441783
172112,normal,eccentric_rotor,False,0.4,1.170217961670551,1.495105741488762,1.6637603099234746
123042,ventoinha,ventoinha,True,1.0,0.7368955791954938,0.7692832614525903,0.8055600987331432
142456,rolamento_combination,rolamento_combination,True,1.0,0.31535269709543634,0.812677808539614,1.0301841991472807
90193,polia,polia,True,1.0,0.17177914110429526,0.6855907287247225,0.8206849778519857
74918,rolamento_combination,rolamento_combination,True,1.0,1.1009244275426004,1.172646866011196,1.2398413075844443
80742,rolamento_ball,polia,False,0.4,0.0,0.8801516476027329,1.2704772480616295
146438,correia,correia,True,1.0,0.0322580645161288,0.4552527037236748,0.6036084069043607
96402,ventoinha,ventoinha,True,0.4,0.7073798569531478,0.7816178385807102,0.8531888295483708
167387,eccentric_rotor,eccentric_rotor,True,0.4,0.04564315352697071,2.601031012394369,3.50256355991704
81502,rolamento_ball,rolamento_outer,False,0.4,0.8832034388946279,0.9343950277516866,0.9597389864250478
172410,cocked_rotor,cocked_rotor,True,0.4,1.764857643083726,1.9740798183322528,2.1696715514459513
124530,ventoinha,ventoinha,True,0.8,0.0,0.48917310858630414,0.7530883021657788
72566,rolamento_combination,rolamento_combination,True,1.0,0.018404907975460794,0.8668371257673883,1.0863616881464724
89796,polia,polia,True,1.0,0.45453953247148693,0.6806140291100554,0.7549216318217002
54237,rolamento_inner,rolamento_ball,False,0.6,1.132715690123832,1.2632836538009307,1.3364349245229532
12126,desbalanceado,desbalanceado,True,0.6,0.04149377593361048,0.7900913834571945,1.1797149439853365
142353,rolamento_combination,rolamento_combination,True,1.0,0.18672199170124448,0.6393545985638669,0.9050350689528728
11093,desbalanceado,desbalanceado,True,1.0,0.9490251254560184,1.0435603028376776,1.1119540345457295
47868,rolamento_outer,rolamento_outer,True,0.8,0.018404907975460794,0.5805106710208355,0.7699630391037302
98767,ventoinha,ventoinha,True,1.0,0.061349693251532444,0.5389611490051921,0.6751854070181793
116751,eccentric_rotor,eccentric_rotor,True,0.4,0.1535269709543573,0.8742376782395697,1.0639223208837982
8681,desbalanceado,desbalanceado,True,0.8,0.902406093769327,0.9741587258183418,1.0250252968191504
161637,desalinhado,ventoinha,False,0.4,0.007444168734491607,0.5096018827594078,0.6700873420121367
62570,rolamento_ball,rolamento_outer,False,0.6,0.019851116625310805,0.897030515625816,1.1771426041808981
69236,rolamento_inner,rolamento_inner,True,0.8,0.12406947890818866,0.6094925869859518,0.7556280031908765
113574,cocked_rotor,cocked_rotor,True,0.4,0.0,0.3983716043929498,0.684407918698961
95886,ventoinha,ventoinha,True,0.4,0.8604437356175786,0.9669356521371227,1.1079366076694175
95285,ventoinha,eccentric_rotor,False,0.6,0.42953278395089173,0.6101201032009721,0.825193102596524
174582,rolamento_ball,rolamento_ball,True,1.0,1.7924158286344496,2.325090297219086,2.878831761250824
96125,ventoinha,eccentric_rotor,False,0.6,0.8835617637485782,0.9346067515917296,0.9955376209318383
55838,rolamento_inner,rolamento_inner,True,1.0,0.07975460122699318,0.6034238626671626,0.7349823036334336
106651,correia,correia,True,1.0,0.02074688796680524,0.6526333597210433,0.8638278338965039
54016,rolamento_inner,rolamento_inner,True,1.0,1.4945116140456474,1.528032461817924,1.571037319043133
168425,teste,teste,True,1.0,0.0,0.9678004272726095,1.308410343406892
87740,polia,polia,True,0.6,0.578734424607684,0.6807160011099006,0.8291743021322004
5440,desbalanceado,desbalanceado,True,1.0,0.06451612903225856,1.8574839018769058,2.5847117513372617
148510,desalinhado,desalinhado,True,0.6,0.29460580912862955,0.6593454315003575,0.8216541682804255
78677,rolamento_combination,rolamento_combination,True,1.0,0.0,0.7629224380894409,1.0256937160151476
33860,cocked_rotor,cocked_rotor,True,1.0,0.03067484662576725,0.6080917978917754,0.8999992976568562
91312,polia,polia,True,1.0,0.0,0.6396264741662891,0.8099127997658515
32893,eccentric_rotor,eccentric_rotor,True,0.6,0.5845032919480209,0.6543882866078538,0.7025412931884963
101751,ventoinha,desalinhado,False,0.4,0.7797436006799513,0.8211324956442743,0.8599512527249439
110210,correia,correia,True,1.0,0.5341605513611666,0.5917268973106486,0.630432195160374
23419,eccentric_rotor,eccentric_rotor,True,0.6,0.8816571481926028,0.898384064183713,0.9351693414948604
61442,rolamento_inner,rolamento_inner,True,0.8,0.0,0.5658682917815827,0.7927677603091687
150720,normal,desalinhado,False,0.6,1.01985185884265,1.2357188152875058,1.51825405178927
119539,desbalanceado,desbalanceado,True,0.2,0.17617866004962723,0.7486680548231374,0.9173644933203026
55170,rolamento_inner,rolamento_inner,True,0.6,0.19354838709677458,0.9229654439510936,1.1891974210277354
24469,eccentric_rotor,eccentric_rotor,True,0.8,0.812801953395864,0.8435921341210291,0.8626986616591381
63321,rolamento_ball,normal,False,0.2,1.2247730685606295,1.2638837214617686,1.3091886178821666
117318,eccentric_rotor,eccentric_rotor,True,0.4,0.5419333484791244,0.5920213880761962,0.6362057288935632
150853,normal,normal,True,0.6,0.08713692946058116,0.6999628162254315,0.923682681979226
127918,polia,polia,True,1.0,0.0,0.7756854543676678,1.1178566924803717
120766,desbalanceado,desbalanceado,True,0.8,0.1612903225806458,0.9830537701487916,1.3021864225057187
56923,rolamento_inner,rolamento_inner,True,0.8,0.24813895781637751,1.3034897713231526,1.646282271374335
94263,ventoinha,ventoinha,True,1.0,0.5064838774346467,0.5856465030868666,0.6582751974253129
119781,desbalanceado,ventoinha,False,0.4,0.024813895781637202,0.7132007570186651,0.938786846917472
47295,rolamento_outer,rolamento_outer,True,0.4,0.08713692946058121,1.1222180929201548,1.557083794996639
93988,ventoinha,ventoinha,True,1.0,0.5646723841938468,0.607768932305379,0.6466596310940912
158160,desalinhado,rolamento_inner,False,0.4,0.20843672456575693,0.7585725859239582,0.9973433089637803
88411,polia,polia,True,0.4,0.012406947890819042,0.8145964437093062,1.0445033351286934
179828,desalinhado,desalinhado,True,1.0,0.3641818002224441,0.46679664398604376,0.539336878921346
107697,correia,correia,True,1.0,0.0,0.546126461944953,0.7042642708123258
47048,rolamento_outer,rolamento_outer,True,0.8,0.03319502074688868,0.5177160124035924,0.6733707012802008
110126,correia,correia,True,1.0,0.18858560794044715,0.8069032176207755,0.98402688430485
59994,rolamento_inner,rolamento_inner,True,1.0,1.004850976412392,1.057124658795885,1.1311701482354677
55853,rolamento_inner,rolamento_inner,True,1.0,0.1779141104294495,0.7951676983788832,0.9879219208217033
164476,rolamento_inner,rolamento_inner,True,1.0,0.0,11.247747210954746,19.476774685878777
109348,correia,normal,False,0.8,0.012269938650306456,0.49813018591131736,0.6937980279825348
126756,polia,polia,True,1.0,0.03067484662576736,0.6862752009200543,0.8579239869034669
169248,desbalanceado,desbalanceado,True,1.0,0.0,1.1880394787848467,1.6663785920348573
66032,rolamento_ball,rolamento_ball,True,0.6,0.0,0.5595653269911519,0.8138657278670696
29664,eccentric_rotor,eccentric_rotor,True,0.6,0.02074688796680528,0.6065268775328615,0.7680647307684271
77028,rolamento_combination,rolamento_outer,False,0.4,0.17866004962779125,0.7330873659086939,0.991073663000089
83727,rolamento_ball,polia,False,0.4,0.9080927834617548,1.0096658380813646,1.052262191865437
180727,rolamento_outer,rolamento_outer,True,1.0,0.42797089748471534,0.8419737955298284,1.0082530595880446
173658,cocked_rotor,cocked_rotor,True,1.0,1.0005387193178166,1.4322090091896134,1.830411090177937
142211,rolamento_combination,rolamento_combination,True,0.4,0.019851116625309806,0.6962589426834099,0.9462954712255209
46999,rolamento_outer,rolamento_outer,True,0.8,0.020746887966803795,0.7076404592309729,0.9046849629930067
71106,rolamento_combination,rolamento_combination,True,1.0,1.0208388713708876,1.0632013621651197,1.100131346600834
101165,ventoinha,ventoinha,True,1.0,0.7361499480689467,0.8010094937574994,0.8781138294128322
123716,ventoinha,eccentric_rotor,False,0.4,0.6627731329141746,0.694616412408566,0.7298167656859724
88354,polia,polia,True,0.4,0.03225806451612881,0.8070026981512941,1.0645725249357116
57047,rolamento_inner,rolamento_inner,True,0.8,0.017369727047146455,1.1112233915994438,1.4128549647517366
90118,polia,polia,True,1.0,0.3374233128834362,0.6781839758018624,0.8834585787203056
117536,eccentric_rotor,eccentric_rotor,True,0.6,0.46473029045643194,0.7644044852724643,0.8692958867554973
90487,polia,polia,True,1.0,0.018404907975458656,0.5805491992390648,0.8205159476526588
4278,normal,normal,True,1.0,1.0987819875424525,1.212421468739257,1.2822523681162559
178846,desbalanceado,desbalanceado,True,1.0,1.200760307050929,1.529416181636798,1.6427724480759145
174412,cocked_rotor,cocked_rotor,True,0.8,1.5661426111298151,1.6760821120781118,1.8494457118419672
103896,correia,correia,True,0.6,0.0794044665012408,0.45760992459646116,0.5714810944889072
180218,desalinhado,desalinhado,True,1.0,0.32480105521120195,0.6138746523037562,0.7618188725552073
2294,normal,normal,True,1.0,0.012406947890819045,0.6988010440433439,0.9382425180064456
44399,rolamento_outer,rolamento_outer,True,1.0,0.3496932515337427,0.7590201923716979,0.9098007333854022
126589,polia,polia,True,1.0,0.5276073619631901,0.8550142657905233,1.001422114581954
121328,desbalanceado,normal,False,0.6,0.6328319864205719,0.6555485876341093,0.6659434291612651
59147,rolamento_inner,rolamento_inner,True,0.6,0.7707241581503966,0.8515492101542748,0.9538817055335875
91827,polia,polia,True,0.8,0.5204601445496531,0.6254737203028616,0.6936018991816483
119064,desbalanceado,ventoinha,False,0.4,0.22828784119106754,0.9172828134247416,1.1081678685862564
141895,rolamento_combination,rolamento_inner,False,0.8,0.007444168734490719,0.8329400088929131,1.0550020343822433
166005,cocked_rotor,cocked_rotor,True,0.4,1.3702897849527282,1.4834926948241478,1.8596265317799683
45273,rolamento_outer,rolamento_ball,False,0.6,0.14888337468982585,0.6479599231317064,0.7932854018323113
110251,correia,correia,True,0.6,0.0,0.6167117386030966,0.8141324800407684
91424,polia,polia,True,1.0,0.8178649488830259,0.8313980576711284,0.8403755181076114
65224,rolamento_ball,rolamento_outer,False,0.8,0.4417177914110425,0.6246756787458144,0.710810309487391
175956,cocked_rotor,cocked_rotor,True,1.0,1.623277423650913,1.80212944024052,1.9774614108887094
63283,rolamento_ball,rolamento_outer,False,0.8,0.007444168734490608,0.6779141481025865,0.8841081240980767
141145,rolamento_ball,rolamento_ball,True,1.0,0.0,1.3409501581085979,1.8991955175207063
98121,ventoinha,desalinhado,False,0.4,0.04564315352697074,0.6682519426837452,0.8569453226331215
102870,correia,correia,True,0.8,0.8908568998869252,0.9534520410513634,1.0372263783484987
108235,correia,correia,True,0.6,0.5224130292855239,0.6450881938519712,0.7276354220476584
31619,eccentric_rotor,eccentric_rotor,True,0.4,0.012448132780081944,1.0133185704414056,1.3872545486534325
149029,desalinhado,desalinhado,True,0.8,0.64282477350351,0.7033260821907515,0.7473885738178283
82301,rolamento_ball,rolamento_ball,True,1.0,0.5640919453733473,0.6885903810487928,0.7983834036410575
99876,ventoinha,ventoinha,True,0.8,0.03319502074688718,0.6256652187103835,0.8176904162925288
114527,cocked_rotor,cocked_rotor,True,0.4,1.0356444697373237,1.066797654172473,1.1102611247935261
51219,rolamento_outer,rolamento_outer,True,0.6,0.0074441687344916005,0.6788309775421985,0.858794797693783
96835,ventoinha,rolamento_combination,False,0.4,0.7161699612500622,0.7801135904390544,0.8246022210474907
49833,rolamento_outer,rolamento_outer,True,1.0,0.6259412712300753,0.7811605140412544,0.8607094665146638
161492,desalinhado,desalinhado,True,1.0,0.049079754601226044,0.95844448285388,1.194948880080885
108889,correia,correia,True,0.6,0.7268983235454864,0.8608038557048066,0.9403236595962045
96504,ventoinha,ventoinha,True,0.8,0.6375596931084526,0.7156232613864029,0.7598141840914623
135043,rolamento_outer,rolamento_outer,True,1.0,0.5276832292417992,0.7735602513805938,0.930145085873498
125654,ventoinha,ventoinha,True,1.0,0.4127387451763546,0.5890588928883247,0.6700429358059747
61012,rolamento_inner,rolamento_ball,False,0.8,0.008298755186721823,0.6543442643070112,0.8315491691424607
76762,rolamento_combination,rolamento_combination,True,1.0,0.004962779156327368,0.5684379579406759,0.8288254056482626
84622,polia,polia,True,0.4,0.08436724565756826,0.8233251982236716,1.0771664060509416
62266,rolamento_ball,rolamento_inner,False,0.6,0.7111955223600668,0.8329650883300607,0.9430039879132491
179086,normal,falta_fase,False,0.6,0.6112465502736847,0.8688864885291514,1.0710524481241357
55777,rolamento_inner,rolamento_inner,True,1.0,0.0,0.4418459099222902,0.6926453166154409
111622,cocked_rotor,cocked_rotor,True,0.4,0.12883435582821923,1.1057564071823793,1.4190962579468054
60813,rolamento_inner,rolamento_inner,True,0.6,0.8134172190944294,1.03602280705182,1.2004764241182864
41784,cocked_rotor,cocked_rotor,True,0.8,0.03319502074688873,0.5112212998460332,0.7459622131392273
57381,rolamento_inner,rolamento_inner,True,0.8,0.8359304329892755,0.9542375885489298,1.0026930854174083
23472,eccentric_rotor,cocked_rotor,False,0.6,1.0626363960800647,1.1980743362045236,1.2924132725436837
73008,rolamento_combination,rolamento_combination,True,1.0,0.0,0.4578704197011783,0.6380686176889767
117611,eccentric_rotor,ventoinha,False,0.6,0.0,0.7722352899787103,1.0004607412204445
65605,rolamento_ball,rolamento_ball,True,0.4,0.10788381742738651,1.0173117426250369,1.2778741003095384
102888,correia,correia,True,0.6,0.1595092024539888,1.139258514053366,1.5119249789666724
115695,eccentric_rotor,desbalanceado,False,0.6,3.076720689764875,3.31770749426738,3.6041548736906144
24811,eccentric_rotor,eccentric_rotor,True,1.0,0.018404907975460905,0.5405583179415736,0.8451457495345831
132317,rolamento_outer,rolamento_outer,True,0.6,0.049627791563276125,1.1425023450193768,1.4616840952824202
157374,normal,normal,True,0.6,0.39877300613497085,0.7790858085148906,1.0559450295653594
112982,cocked_rotor,cocked_rotor,True,1.0,0.0,0.27185830634514424,0.4068961927160886
70387,rolamento_inner,rolamento_inner,True,0.8,0.29460580912863105,0.6795203867360469,0.8069181556827676
128575,polia,desalinhado,False,0.4,0.7151611531723061,0.7920593627172648,0.8276711029077128
95496,ventoinha,ventoinha,True,1.0,0.20347394540942942,0.5269421960501055,0.6471204604931674
81920,rolamento_ball,rolamento_ball,True,0.8,0.0,0.64294799103687,0.8625876682317163
49306,rolamento_outer,rolamento_ball,False,0.6,0.773195730160959,0.848921847528531,0.907015525500883
126834,polia,polia,True,1.0,0.0,0.8403730408939826,1.244849409545058
79778,rolamento_combination,rolamento_combination,True,0.4,0.00829875518672181,0.5517506624872639,0.76516800160298
162031,ventoinha,cocked_rotor,False,0.4,0.5725978950820014,0.642975391669273,0.7151065107876707
83508,rolamento_ball,rolamento_ball,True,1.0,0.0,0.8265526418046122,1.1156071980335147
109122,correia,eccentric_rotor,False,0.6,0.708331258557057,0.7615660286992192,0.8288652232550261
50429,rolamento_outer,rolamento_outer,True,1.0,0.0,0.8441842854157982,1.2449249600106682
8001,desbalanceado,desbalanceado,True,1.0,1.204114904605401,1.418299464290163,1.5512874678774047
12947,desbalanceado,polia,False,0.6,0.0,0.7471851483392816,0.9696251779539659
25959,eccentric_rotor,eccentric_rotor,True,0.4,0.027295285359801358,0.5971181580847713,0.8649256502481314
154238,desbalanceado,desbalanceado,True,0.6,1.1121110590578855,1.1882607656167559,1.2992127110357639
143124,rolamento_combination,rolamento_combination,True,0.4,0.06639004149377448,0.7798532902948964,1.0429068022963432
172068,normal,desbalanceado,False,0.6,1.8568914805547834,1.9896132311235217,2.066030135764328
55228,rolamento_inner,rolamento_inner,True,1.0,0.047146401985111996,0.8680938847248203,1.0809862035458742
84897,polia,polia,True,0.8,0.04466501240694776,0.7056511459752558,0.8947510022027441
109789,correia,correia,True,0.8,0.06451612903225762,0.6812252247187849,0.8627288841325608
35234,cocked_rotor,rolamento_outer,False,0.4,0.687667703130002,0.7726774608315704,0.8104871150451912
164803,normal,normal,True,1.0,1.405063562107563,1.5482120251114744,1.754961903736215
65358,rolamento_ball,rolamento_outer,False,0.6,0.5938609712420387,0.680546316086641,0.7342364267350121
143035,rolamento_combination,rolamento_combination,True,1.0,0.19502074688796778,0.704312833162925,0.8837903097871536
163456,eccentric_rotor,eccentric_rotor,True,1.0,0.5582822085889574,0.9062259756964522,1.0262617084815069
67981,rolamento_inner,cocked_rotor,False,0.4,0.6812090423474265,0.7677623786029857,0.8491889194226747
65757,rolamento_ball,rolamento_ball,True,0.6,1.0651242455178487,1.151397132688278,1.276913123160991
99069,ventoinha,ventoinha,True,1.0,0.030674846625767305,0.4577934400714396,0.5810282508720797
158990,desalinhado,desalinhado,True,0.8,0.21576763485477157,0.5117100517869855,0.5993057738354765
92228,polia,rolamento_ball,False,0.4,0.047146401985112024,0.5595925311762546,0.7448007601227048
156418,normal,polia,False,0.8,0.008298755186721817,0.7688298651552758,0.9636694531594111
7606,desbalanceado,normal,False,0.6,0.0645161290322585,0.5825572507270766,0.7421923105241497
88719,polia,polia,True,1.0,0.2699386503067494,0.4764204825752099,0.5606095385709009
178646,desbalanceado,desbalanceado,True,1.0,0.5822593823235276,0.6341406593910985,0.6725208649175829
95117,ventoinha,ventoinha,True,1.0,0.9173916077200087,1.1106187373924665,1.2809297327581635
68332,rolamento_inner,rolamento_outer,False,0.4,0.5801507793071999,0.7322779557018173,0.7903483472001969
124460,ventoinha,cocked_rotor,False,0.6,0.05394190871369403,0.4099696219691909,0.5314388046149241
119707,desbalanceado,normal,False,0.8,0.500795007813708,0.5154081536733974,0.5391564606638765
108367,correia,correia,True,0.4,0.27800829875518607,0.930910972358209,1.1192861412679784
171702,rolamento_inner,rolamento_inner,True,1.0,1.240104296857327,2.1287810314445226,2.7553604997914327
28677,eccentric_rotor,desbalanceado,False,1.0,0.8987539354450307,0.9175685128691192,0.965041055951324
50540,rolamento_outer,rolamento_outer,True,0.4,0.004962779156327424,0.6783876656778605,0.894144398836906
158522,desalinhado,eccentric_rotor,False,0.6,0.6409629463865837,0.6998310440174365,0.7477070615044455
29491,eccentric_rotor,eccentric_rotor,True,0.4,0.0746887966804978,0.8214315535740055,1.085873720149968
57411,rolamento_inner,rolamento_inner,True,1.0,0.8573837768456373,0.9357237413456623,1.0662677631888884
158432,desalinhado,polia,False,0.4,0.7561953320515507,0.8177961246314526,0.8746370291921903
159396,desalinhado,desalinhado,True,0.6,0.024896265560165443,0.5513100613006808,0.7027842476341055
92411,polia,desbalanceado,False,0.4,0.007444168734490719,0.5057759214126325,0.6409437258532388
53271,rolamento_inner,rolamento_inner,True,0.6,0.26993865030674946,0.7458795489364946,0.894455331577033
71512,rolamento_combination,rolamento_combination,True,1.0,1.0214228653775623,1.0724300358005092,1.0972230858667666
67210,rolamento_inner,rolamento_outer,False,0.6,0.03067484662576736,0.4948659641653741,0.6546976646536654
95005,ventoinha,eccentric_rotor,False,0.4,0.8077824772529123,0.8528534664129062,0.8769450968216189
8519,desbalanceado,desbalanceado,True,1.0,0.1779141104294497,0.9674486340699666,1.1940761350516678
2389,normal,normal,True,1.0,0.012406947890819031,0.6538157043978774,0.825684215321286
139940,rolamento_ball,rolamento_ball,True,1.0,0.3006134969325146,0.6110260197403606,0.8562748268878351
41287,cocked_rotor,cocked_rotor,True,0.6,0.1290322580645161,0.6947707570774928,0.8682324065760881
113214,cocked_rotor,cocked_rotor,True,0.8,0.0,0.4063049743633959,0.6446610771297928
172542,eccentric_rotor,normal,False,0.4,1.478667738696559,1.5608473601103867,1.668320208947287
42932,rolamento_outer,rolamento_outer,True,0.8,0.936500470424185,0.9970155382926162,1.057754813772759
81473,rolamento_ball,rolamento_combination,False,0.4,0.03225806451612884,0.7900260210341739,1.0068431240146294
162648,rolamento_outer,polia,False,0.4,0.552658894048532,0.5850791794700889,0.6234867852621448
44251,rolamento_outer,rolamento_outer,True,1.0,0.2392638036809821,0.6125159931835681,0.8069658524636455
129664,rolamento_inner,ventoinha,False,0.4,0.0570719602977669,1.0136673319265666,1.3509080956591644
125111,ventoinha,ventoinha,True,1.0,0.03067484662576514,0.49474275049598787,0.67756146832819
108141,correia,eccentric_rotor,False,0.4,0.0414937759336107,0.9823754646628975,1.2484659954987314
105688,correia,correia,True,0.8,0.06451612903225845,0.6017179641067057,0.8378240062158469
154658,normal,rolamento_ball,False,0.6,0.019851116625310805,0.9147611217225661,1.2148910776508706
118782,desbalanceado,desbalanceado,True,0.4,0.01985111662531064,0.6442740569589845,0.881652812821022
44062,rolamento_outer,rolamento_outer,True,0.8,0.0,0.483250954859164,0.6582207716155518
3396,normal,normal,True,1.0,0.09958506224066332,0.8230442649747667,1.0772800638671682
115587,cocked_rotor,cocked_rotor,True,1.0,0.525665150329822,0.5527531228850673,0.5692805215378219
102361,ventoinha,polia,False,0.6,0.019851116625309806,0.7869037541646737,1.032329346722815
119630,desbalanceado,desbalanceado,True,0.8,1.0172330862180983,1.1353870302160642,1.1924770037393166
145852,correia,cocked_rotor,False,0.6,0.2572614107883806,0.5467711618504607,0.7100332963316437
147770,desalinhado,rolamento_inner,False,0.4,0.09925558312655058,0.7663602780229303,1.0205448930207028
148119,desalinhado,desalinhado,True,1.0,0.0,1.0393627660028468,1.348989772940333
118512,eccentric_rotor,desbalanceado,False,0.8,0.6333000466693477,0.718377644584207,0.7597163664607312
95329,ventoinha,eccentric_rotor,False,0.4,0.6935345241635714,0.7257253723599251,0.7502286778273224
29774,eccentric_rotor,eccentric_rotor,True,0.4,0.09202453987730197,0.71727036697279,0.8826822286358034
154168,desalinhado,desalinhado,True,0.8,0.0,0.5493609475944824,0.7559444872364123
110792,correia,correia,True,0.8,0.04294478527607379,0.4706300077843471,0.5990633548112123
7421,desbalanceado,desbalanceado,True,0.6,0.09181141439205981,0.9681657730403976,1.2179088760356125
50171,rolamento_outer,rolamento_outer,True,1.0,0.0,0.6811436473524856,0.8579086916967051
131415,rolamento_inner,rolamento_inner,True,1.0,0.5582822085889575,0.7916935323165835,1.007201413379898
88330,polia,rolamento_ball,False,0.4,0.8748396100412262,0.9616425601652576,1.0599687785636966
8846,desbalanceado,desbalanceado,True,0.8,0.0797546012269933,1.221874468839038,1.5845486556461186
149366,desalinhado,normal,False,0.6,0.5676509747745706,0.5968307715817767,0.6280955371090604
77142,rolamento_combination,rolamento_outer,False,0.4,0.11414392059553369,0.9204975772011672,1.3520479612824037
135983,rolamento_ball,rolamento_ball,True,1.0,0.012406947890819031,0.5637359188677471,0.7270021937558991
79092,rolamento_combination,rolamento_combination,True,1.0,0.637788069262981,0.8751838868817317,1.0659209757406363
160478,desalinhado,normal,False,0.4,0.4448638782630903,0.5398877069249678,0.573729546812423
165593,normal,normal,True,1.0,0.03319502074688718,2.9714486890095797,3.7859071938082045
96828,ventoinha,ventoinha,True,0.2,0.024813895781637285,0.8816375983301672,1.237574353964631
142372,rolamento_combination,normal,False,0.4,0.20746887966804983,0.6700633299133887,0.8166737778476584
104050,correia,correia,True,0.6,0.5030155950626078,0.6122792388625389,0.6765001333172607
31005,eccentric_rotor,eccentric_rotor,True,0.4,0.05394190871369253,0.9289521252321162,1.2034878675462102
162719,rolamento_inner,cocked_rotor,False,0.6,0.9057694447363824,0.9369313830749284,0.9610955953455733
72231,rolamento_combination,cocked_rotor,False,0.4,0.5657487959484016,0.6094850983019672,0.6446604076865532
103060,correia,correia,True,0.8,0.0797546012269933,0.7459104384450965,1.0404490552194563
142579,rolamento_combination,desbalanceado,False,0.6,0.008298755186723294,0.7007265624017416,0.9026716602425366
155150,normal,normal,True,0.4,0.20595533498759366,0.8019791008836771,1.107715942639362
40227,cocked_rotor,cocked_rotor,True,0.6,0.024896265560165443,0.6424609247983535,0.8070980534959156
49200,rolamento_outer,rolamento_ball,False,0.6,0.0,0.6279917138014616,0.8214926712542223
67266,rolamento_inner,rolamento_ball,False,0.8,1.2308619123952569,1.3016929916631703,1.3515129932031598
10909,desbalanceado,rolamento_ball,False,0.4,1.045340692903046,1.162570884589335,1.2728991228166335
162035,ventoinha,desbalanceado,False,0.6,0.7409253784413538,0.7883703603030231,0.8315124783580704
42498,rolamento_outer,desalinhado,False,0.6,0.17427385892116254,0.9901889774112403,1.2326762984222117
94363,ventoinha,ventoinha,True,1.0,0.43256817346784643,0.496272086063796,0.5956647680072976
27400,eccentric_rotor,ventoinha,False,0.8,0.6094228591500742,0.6563993342804457,0.6916830035420621
103639,correia,correia,True,0.6,0.0,0.509485710119305,0.6515896230544744
180761,rolamento_outer,rolamento_outer,True,1.0,0.799626561259719,0.9968487737691071,1.1194068956147505
97530,ventoinha,ventoinha,True,0.6,1.1557057020094663,1.2543307314531513,1.3228126721456819
180930,rolamento_combination,falta_fase,False,0.6,1.0139869289710246,1.200797843544824,1.2892135598694163
155588,normal,rolamento_outer,False,1.0,0.8140440963218494,0.9055153839895468,0.9830283759018147
49876,rolamento_outer,rolamento_outer,True,0.8,0.3190184049079754,0.5586930422313149,0.670590223823494
51340,rolamento_outer,rolamento_outer,True,0.8,0.9412400846631978,1.0085321724007148,1.060452591690937
126097,polia,polia,True,1.0,0.429447852760736,0.7899704357466713,0.938108287081366
125997,polia,polia,True,0.4,1.6096550535918965,1.9851158814570482,2.412779922908878
52352,rolamento_outer,rolamento_outer,True,0.8,0.5886470582148039,0.6768034595481962,0.740981327798672
57416,rolamento_inner,rolamento_inner,True,1.0,0.014888337468982327,0.7557125676246752,0.9792672458070142
146302,correia,correia,True,1.0,0.55524218980969,0.5992860623534119,0.6473975060778592
173955,normal,normal,True,1.0,1.2431989405616386,1.628443962514261,2.005738165285708
22862,eccentric_rotor,eccentric_rotor,True,0.4,0.15632754342431834,0.6552018620395822,0.8005564546092311
111917,cocked_rotor,cocked_rotor,True,0.4,0.03067484662576725,0.4322490657659787,0.696883715010165
152632,normal,desalinhado,False,0.6,0.5350339327520085,0.5896021889251116,0.641606028479585
24384,eccentric_rotor,eccentric_rotor,True,0.6,0.01840490797546082,0.5476921746450393,0.7022574452217332
105621,correia,correia,True,0.8,0.22332506203474012,0.6786228774968311,0.8131769750765141
22241,eccentric_rotor,cocked_rotor,False,0.6,0.6579115017016746,0.6875322457454569,0.7102081296668359
148089,desalinhado,desalinhado,True,0.4,0.6704442473759163,0.7355925058063902,0.7887172127942041
102038,ventoinha,polia,False,0.6,0.43732353252991346,0.5657182403121251,0.6146874727322316
87467,polia,rolamento_ball,False,0.4,1.9787036640036302,2.216489415797001,2.447862743629442
12099,desbalanceado,desalinhado,False,1.0,0.6189438139618219,0.6548175981319274,0.6859593560741377
86578,polia,polia,True,1.0,0.0,0.8286943845345103,1.0899945128274118
69904,rolamento_inner,rolamento_ball,False,0.6,0.7475392191651571,0.8084982427995456,0.896959068566637
70268,rolamento_inner,rolamento_inner,True,0.8,0.5982631917647286,0.7037707122720277,0.7991127340994536
61981,rolamento_ball,rolamento_outer,False,0.4,0.6454689761630394,0.7320807254601609,0.8025391804749158
10958,desbalanceado,desbalanceado,True,0.4,0.8596529684256276,0.9394960243386379,1.0000283095279712
26069,eccentric_rotor,eccentric_rotor,True,0.6,0.01985111662530975,0.6090351068427889,0.7620055724651803
93059,polia,polia,True,0.8,0.03319502074688724,0.7497480435219595,1.0006488606990338
22119,eccentric_rotor,eccentric_rotor,True,0.8,0.06224066390041583,0.9770087424901694,1.222761134959093
49569,rolamento_outer,rolamento_outer,True,1.0,0.6860377517477527,0.7708798017771344,0.8584619976980928
86855,polia,polia,True,1.0,0.0,0.8631065950201234,1.1090788715652438
87946,polia,polia,True,0.6,0.007444168734490719,0.6580743625628047,0.8758166064825614
85743,polia,polia,True,1.0,0.012448132780083457,0.7287913680014293,0.9477089432033514
96811,ventoinha,rolamento_outer,False,0.8,0.0,0.9448152992009715,1.2042254388883407
156591,normal,desalinhado,False,0.8,0.8239510249758796,0.8693010623420989,0.8996929982818531
126194,polia,polia,True,1.0,0.0,0.6405240431141473,0.8499550154786542
34895,cocked_rotor,eccentric_rotor,False,0.4,0.024896265560165443,0.41297750153691304,0.5386444068555207
175483,rolamento_combination,rolamento_combination,True,0.6,3.195418723147188,3.6455807973574297,3.8881970123012515
40199,cocked_rotor,cocked_rotor,True,1.0,0.8773141384802511,0.9188754373407665,0.9423148332769108
51500,rolamento_outer,rolamento_combination,False,0.6,0.08713692946057972,0.6210264462498857,0.8022566786862296
50851,rolamento_outer,rolamento_inner,False,0.6,1.0244187186984646,1.0606495646321679,1.1231517737624703
75560,rolamento_combination,rolamento_combination,True,0.6,0.7130645271311474,0.7891190786765834,0.8716561889597934
26983,eccentric_rotor,eccentric_rotor,True,0.4,0.27385892116182575,0.9138098450278702,1.1253028621331829
47028,rolamento_outer,rolamento_outer,True,0.6,0.5754390538260344,0.786344989213949,0.9418389135614125
170986,cocked_rotor,cocked_rotor,True,1.0,1.434023256379926,1.5844326274355431,1.6737487487983334
36831,cocked_rotor,cocked_rotor,True,0.4,0.7192356308120589,0.9561033965594209,1.1310225388289372
163969,normal,normal,True,1.0,0.02074688796680524,2.39860365211417,3.282126859612168
3302,normal,normal,True,1.0,0.04564315352697057,0.9244301580530531,1.227058915775755
45624,rolamento_outer,eccentric_rotor,False,0.4,0.906315149501143,1.0902562733679555,1.178458984821156
53482,rolamento_inner,rolamento_inner,True,1.0,0.0,0.6452709026835015,0.842114410767529
165429,cocked_rotor,cocked_rotor,True,1.0,2.030273652448488,2.2011768234296456,2.378210834388838
60603,rolamento_inner,rolamento_inner,True,0.6,1.2227110100137086,1.2505665053244837,1.2745560777222158
47036,rolamento_outer,rolamento_outer,True,0.8,0.0,0.546703554856851,0.7399164412982572
35105,cocked_rotor,cocked_rotor,True,0.6,0.09958506224066324,0.5312334747278765,0.6665938413611416
64091,rolamento_ball,rolamento_ball,True,0.6,0.9550487701977592,1.0013925519930629,1.0440412856175116
83321,rolamento_ball,rolamento_ball,True,1.0,0.6984693669631846,0.7685789016875942,0.8552059733330329
41451,cocked_rotor,desbalanceado,False,0.4,0.007444168734490733,0.824594755573117,1.0482173229558942
143235,rolamento_combination,rolamento_combination,True,0.6,0.02904564315352709,0.8923425079677582,1.133072500796057
175782,desbalanceado,desbalanceado,True,1.0,0.9119188488747522,1.4848080367716234,1.7216066353527222
58025,rolamento_inner,rolamento_inner,True,0.4,0.03319502074688874,0.73237669767935,0.9546989038533501
116209,eccentric_rotor,eccentric_rotor,True,0.6,0.0,0.7101544423294706,0.9328595453988743
93898,ventoinha,ventoinha,True,1.0,0.49265313193891225,0.6188210938490594,0.7383967377534791
109969,correia,correia,True,0.6,0.7652883604862234,0.8559105517824228,0.8952881085392524
180334,desbalanceado,desbalanceado,True,1.0,0.8027980934835348,0.9165055604348119,0.9982031883222314
142889,rolamento_combination,eccentric_rotor,False,0.4,0.0,0.7446076902078943,0.9713090023266934
94373,ventoinha,ventoinha,True,1.0,0.15950920245398664,0.6831395674709537,0.9016941750810569
55079,rolamento_inner,rolamento_inner,True,1.0,0.676700933749422,0.8150942699379605,0.9349542044349081
161193,desalinhado,desalinhado,True,1.0,0.28834355828221025,0.5061869065908888,0.5770603822812398
69546,rolamento_inner,rolamento_inner,True,0.4,1.2367346425263799,1.2908379632068199,1.3439022375976168
127081,polia,polia,True,1.0,1.1736674998221475,1.2764978623018146,1.4495410320789974
37299,cocked_rotor,cocked_rotor,True,0.6,0.1141439205955338,0.7534154792123481,0.9428408027109906
129797,rolamento_inner,rolamento_inner,True,0.6,0.01736972704714651,1.0374606965263422,1.334570737502742
167843,normal,normal,True,0.8,0.0,1.2708522975803953,1.890254451205217
96235,ventoinha,ventoinha,True,1.0,0.10788381742738506,0.699699528521139,0.9076565876980164
65729,rolamento_ball,rolamento_combination,False,0.6,0.0,0.8381040233918409,1.2707743516246872
51150,rolamento_outer,rolamento_outer,True,0.6,0.03970223325061953,0.7480556894992986,0.9945293915698005
22916,eccentric_rotor,eccentric_rotor,True,0.6,0.03225806451612881,0.6873842674802821,0.902716619119926
47512,rolamento_outer,rolamento_outer,True,0.8,0.6594590081791926,0.703390608358958,0.8240852737870283
170519,rolamento_outer,rolamento_outer,True,1.0,1.014030406954308,1.4697504815253069,1.6804097631460218
83975,rolamento_ball,rolamento_ball,True,0.4,0.1364764267990077,0.9567057082649301,1.2516498150815225
156332,normal,ventoinha,False,0.4,0.020746887966805273,0.7920347863203009,1.0070363548654722
35130,cocked_rotor,desbalanceado,False,0.4,0.9468602558227266,1.0083258198724934,1.1114896860869103
168419,teste,teste,True,1.0,0.0,0.7861058290468337,1.1694378086346084
32361,eccentric_rotor,eccentric_rotor,True,1.0,0.42006189186441667,0.5036912084314027,0.6093961810993938
111846,cocked_rotor,normal,False,0.4,0.7108295188347612,0.9118421423348997,1.0799105181763926
140120,rolamento_ball,rolamento_ball,True,1.0,0.1779141104294475,0.6262704507559669,0.7929628394527295
50871,rolamento_outer,rolamento_inner,False,0.8,0.7787218052204424,0.8066713218204915,0.8188944375260014
100789,ventoinha,ventoinha,True,1.0,0.7179367426007388,0.7381686891319672,0.7559417822428094
8599,desbalanceado,desbalanceado,True,1.0,0.20858895705521485,0.5983638699510221,0.7386535031161248
8862,desbalanceado,desbalanceado,True,1.0,0.3006134969325145,0.6147006154107808,0.7582789576059615
37984,cocked_rotor,correia,False,0.6,0.10788381742738512,0.595542222926069,0.7480553273490799
157939,desalinhado,desalinhado,True,0.6,0.00744416873449158,0.5556547376157337,0.7170496238225859
62083,rolamento_ball,rolamento_ball,True,0.8,0.3619631901840492,0.9501344858682297,1.1726850499289398
60756,rolamento_inner,rolamento_inner,True,1.0,0.33195020746887993,0.7244304344956289,0.8568810168956729
79478,rolamento_combination,rolamento_combination,True,1.0,1.5794255516103701,1.643169103606437,1.699745065473822
95530,ventoinha,normal,False,1.0,0.7019588436310732,0.7240137894700884,0.7410657043119354
175536,rolamento_combination,rolamento_combination,True,1.0,1.767571649703694,2.415584085639888,2.9247059046423516
89106,polia,polia,True,1.0,0.46012269938650335,0.626485848012689,0.7267673590880143
143546,rolamento_combination,rolamento_combination,True,1.0,0.2760736196319016,0.7312584184903932,0.8780385201256439
109878,correia,cocked_rotor,False,0.6,0.9172273380085548,0.9524225962460845,1.0042035920358485
101581,ventoinha,ventoinha,True,0.4,0.012406947890819045,0.9020593442069217,1.1721450378698874
87462,polia,polia,True,1.0,0.00829875518672174,1.0252737928126703,1.3244631858877616
164710,rolamento_combination,rolamento_combination,True,1.0,38.32028218471462,53.77951720733097,60.279822197928056
52941,rolamento_inner,rolamento_inner,True,0.6,0.5964032883010919,0.6595944391291771,0.6896779585041057
58406,rolamento_inner,rolamento_inner,True,0.8,1.4940702315318726,1.5771622702843526,1.6748876146041936
107059,correia,correia,True,1.0,0.16182572614107904,0.6124788175107524,0.8282943721843427
127840,polia,polia,True,1.0,0.008298755186721851,0.968176721574082,1.2536074516838698
76830,rolamento_combination,rolamento_combination,True,0.4,0.06203473945409432,0.6939502252624472,0.89566582842667
46197,rolamento_outer,desbalanceado,False,0.4,0.02481389578163795,0.7746734614343478,0.9952719728610496
119725,desbalanceado,normal,False,0.6,0.012406947890819059,0.45801967437316726,0.6090826084790696
75373,rolamento_combination,rolamento_combination,True,1.0,0.0,1.5100768473455677,2.3269038726191495
163558,eccentric_rotor,ventoinha,False,0.8,0.8848802806513191,0.9021387562584442,0.9256146867461783
64226,rolamento_ball,rolamento_inner,False,0.4,0.9734538674190393,1.1174458497429547,1.2518985394083497
2998,normal,normal,True,1.0,1.0197927342319373,1.1028092113616428,1.2603392800083284
87725,polia,cocked_rotor,False,0.4,0.2208436724565751,0.7734560201073254,0.9317952818592148
59049,rolamento_inner,rolamento_inner,True,0.6,0.47239263803680986,0.6287049922396163,0.7592693584576831
65099,rolamento_ball,rolamento_ball,True,1.0,0.5831955414090937,0.705644739521053,0.7954880924958578
26945,eccentric_rotor,cocked_rotor,False,0.6,1.4593545719048757,1.5157863443410196,1.556042077381716
34455,cocked_rotor,cocked_rotor,True,1.0,0.9351634815706161,1.2595328252494058,1.4550000669431016
67493,rolamento_inner,rolamento_ball,False,0.6,0.47504834420143927,0.6518389770089786,0.7323107878616856
163519,eccentric_rotor,polia,False,0.8,0.0,0.7330183144431125,0.9898532208296371
69760,rolamento_inner,rolamento_inner,True,0.8,0.6245617551404973,0.7211398792573105,0.8301619284759838
164369,rolamento_inner,rolamento_inner,True,1.0,48.40450661457618,65.84472157253735,77.90699276618159
28590,eccentric_rotor,eccentric_rotor,True,1.0,0.012406947890819087,0.8684908608321491,1.1465931777232272
96462,ventoinha,ventoinha,True,1.0,0.008298755186721851,0.8098568175159399,1.0671509705145228
133223,rolamento_outer,correia,False,0.8,1.0587381252205057,1.1696763970304247,1.2555660780113718
105658,correia,correia,True,0.8,1.1005781635245369,1.2447253316208424,1.3684806337727244
157564,desalinhado,eccentric_rotor,False,0.6,0.012406947890819031,0.7058610900281976,0.8943088327110456
157676,desalinhado,ventoinha,False,0.8,0.9656507736893999,1.001804854919932,1.1080276906111126
176396,rolamento_inner,rolamento_inner,True,0.8,1.3021977829273652,1.77999679877697,2.0436043634602052
46750,rolamento_outer,rolamento_outer,True,0.4,0.008298755186721796,0.653807416055406,0.8255228668502432
104090,correia,correia,True,1.0,0.0074441687344915936,0.44561039198539704,0.577643120333379
163240,rolamento_ball,rolamento_ball,True,1.0,0.0,1.0926534395172343,1.6927267354731488
167418,eccentric_rotor,eccentric_rotor,True,1.0,1.2085842264898459,1.6486230313358785,1.8081997515425923
99908,ventoinha,ventoinha,True,0.6,0.012448132780083387,0.7837738064717406,0.9999872007445236
125986,polia,polia,True,0.8,0.06748466257668673,0.9921709600248582,1.2651758387426557
30795,eccentric_rotor,ventoinha,False,0.8,1.1061767651110674,1.1682352070972193,1.1942245431083978
51270,rolamento_outer,rolamento_outer,True,0.6,0.5920340943725058,0.6737416580092853,0.7101238347109201
94794,ventoinha,eccentric_rotor,False,0.6,0.17617866004962723,0.6852234801243522,0.8285908833530761
168784,desbalanceado,desbalanceado,True,1.0,0.0,1.191643669958719,1.587583598089224
64654,rolamento_ball,rolamento_ball,True,0.8,0.592210115491128,0.6929419617202065,0.7463836644574617
52344,rolamento_outer,rolamento_ball,False,0.6,0.03319502074688874,1.0750398456703085,1.4626719858375041
79298,rolamento_combination,rolamento_combination,True,0.8,1.6708117277985013,1.7209262864457906,1.7631492377699969
119255,desbalanceado,cocked_rotor,False,0.8,0.004962779156328312,0.8942869974144984,1.3619738872938676
167550,teste,teste,True,1.0,0.2303921568627446,3.3883422278749933,4.940281083738539
172862,desbalanceado,desbalanceado,True,0.8,1.2202014655045874,1.4235477862283994,1.6188005248912412
54967,rolamento_inner,cocked_rotor,False,0.4,0.5863869739970408,0.7375446630599629,0.8011990245402473
145875,correia,correia,True,1.0,0.8559089207429228,0.9081676689319144,0.9764514437953267
63180,rolamento_ball,eccentric_rotor,False,0.6,0.8195080112912263,0.9335088218242739,1.0311522027534503
96608,ventoinha,ventoinha,True,0.4,0.0397022332506205,0.6429809269316633,0.8377358740543395
28037,eccentric_rotor,eccentric_rotor,True,0.4,0.03722084367245615,0.7529356528635376,1.006910606139892
22321,eccentric_rotor,eccentric_rotor,True,0.6,0.008298755186721851,0.57827845271783,0.7263272833442801
97371,ventoinha,ventoinha,True,0.4,0.04962779156327535,0.6794201749629964,0.8803333388311564
158081,desalinhado,polia,False,0.8,0.1290322580645161,0.772273242110727,0.9709977641516151
152208,normal,normal,True,1.0,0.38830838014726193,0.63907965702146,0.7346205950075467
170671,rolamento_combination,rolamento_combination,True,1.0,9.685726954973763,13.247091773365986,16.119419312348903
181054,falta_fase,falta_fase,True,0.8,1.1392845524620034,1.2081451463234143,1.2699919370084678
101100,ventoinha,ventoinha,True,1.0,0.3302685531101458,0.4910215525129186,0.5926697247885667
140070,rolamento_ball,rolamento_ball,True,1.0,0.07975460122699335,0.5762624655668983,0.7236816689394753
32775,eccentric_rotor,eccentric_rotor,True,0.4,1.0701915351514115,1.1700962644969795,1.2653076541673325
57343,rolamento_inner,rolamento_inner,True,1.0,0.0,0.6810237307316112,0.9780761202503868
152430,normal,desalinhado,False,0.6,0.5092024539877293,0.6536249945912507,0.8190100909822533
128430,polia,polia,True,0.6,0.01985111662531064,0.5708795602529712,0.817147715061195
150144,desalinhado,desalinhado,True,1.0,0.5766871165644184,0.8774263562973097,0.9688448867681992
82018,rolamento_ball,rolamento_ball,True,0.6,0.605732690723287,0.6907255726632325,0.7315558148116105
71456,rolamento_combination,rolamento_combination,True,1.0,0.012269938650306567,0.9872154764806794,1.4886313968241534
23040,eccentric_rotor,eccentric_rotor,True,0.6,0.03225806451612969,0.41078425586505773,0.569099892868291
77600,rolamento_combination,rolamento_ball,False,0.4,0.05394190871369409,0.9920218605316412,1.3167347405804277
117721,eccentric_rotor,eccentric_rotor,True,1.0,0.0797546012269933,0.5471776297692343,0.690415098953853
159231,desalinhado,desalinhado,True,0.6,0.053941908713692505,0.7955280111584129,1.0445988492881264
153456,desalinhado,desalinhado,True,0.6,0.0,0.5486109556892963,0.6971819908414572
87481,polia,polia,True,1.0,0.02074688796680524,0.7722151845163866,1.0432697033410598
7257,normal,desbalanceado,False,0.4,0.7694636411092782,0.7997081610130792,0.822687166574409
163716,eccentric_rotor,eccentric_rotor,True,1.0,0.2944785276073625,1.8489165980324587,2.278358962537956
30509,eccentric_rotor,eccentric_rotor,True,1.0,0.018404907975460832,0.3449437922931261,0.45245606500885616
54313,rolamento_inner,rolamento_inner,True,0.6,0.0,0.9758492199309167,1.261905847579381
154054,desalinhado,desalinhado,True,0.8,0.8789844563023878,0.9148415727397321,0.9559311500442846
63008,rolamento_ball,rolamento_ball,True,0.4,0.014888337468983215,0.564179723588546,0.7626125247216606
33967,cocked_rotor,cocked_rotor,True,1.0,0.7898011160001379,1.019907229864654,1.1550146730041382
112962,cocked_rotor,desalinhado,False,0.6,0.0,0.5393442213841191,0.8039839182551363
83497,rolamento_ball,rolamento_ball,True,1.0,0.33742331288343624,1.6662698226424584,2.3407213614876996
97287,ventoinha,eccentric_rotor,False,0.4,0.0,0.6000942789487057,0.8308725237178222
118908,desbalanceado,desbalanceado,True,0.8,0.0049627791563274515,0.580425675028495,0.9486393983088265
4725,desbalanceado,desbalanceado,True,1.0,1.1366231999371077,1.4458452953800376,1.7549690744283186
117783,eccentric_rotor,desalinhado,False,0.4,0.5526389579109848,0.568688791727341,0.5941288846297164
79906,rolamento_combination,rolamento_ball,False,0.6,0.029045643153527076,0.5351124858700488,0.7908471223463303
155296,normal,rolamento_outer,False,0.6,0.0,0.6779689702662219,0.9179804323348901
76350,rolamento_combination,rolamento_combination,True,0.4,0.004962779156327438,0.5895414868947313,0.7942190408644278
149435,desalinhado,desalinhado,True,1.0,0.19018404907975595,0.7642981151502033,1.0362920059245109
85523,polia,rolamento_inner,False,0.8,0.0,0.7317241071760512,0.930918159005471
157613,desalinhado,cocked_rotor,False,0.4,0.0,1.1525082290425512,1.486915346870331
85239,polia,polia,True,0.6,0.7689033243557377,0.8249400464489144,0.8623236317889008
41004,cocked_rotor,polia,False,0.4,0.08436724565756826,0.4251552884221533,0.6353160490608043
102355,ventoinha,desalinhado,False,0.6,0.052109181141439476,0.7628354564853492,1.1085716148741525
80502,rolamento_combination,rolamento_combination,True,0.8,0.0,0.7382378844798159,0.9701247426551579
77550,rolamento_combination,rolamento_combination,True,0.6,0.31120331950207464,0.9143140779450192,1.192625445482298
33178,eccentric_rotor,eccentric_rotor,True,0.8,0.9810800739176079,1.0782860325031747,1.141842526742941
37775,cocked_rotor,eccentric_rotor,False,0.6,0.8457994800169915,0.8944752763523182,0.9451244704949515
44346,rolamento_outer,rolamento_outer,True,1.0,0.09815950920245414,0.530995170497833,0.6872574829329687
44324,rolamento_outer,rolamento_outer,True,1.0,0.0,0.5327846916283129,0.7600169726504332
77849,rolamento_combination,rolamento_ball,False,0.6,0.8343168947050912,0.8826128671768128,0.9178086058839074
26696,eccentric_rotor,ventoinha,False,0.6,0.08713692946058127,0.7374186239694295,1.0132508572527719
9880,normal,normal,True,1.0,0.036809815950919145,0.7380746585760514,0.9510105510634247
66531,rolamento_ball,rolamento_outer,False,0.4,0.9055864171481232,0.9625798752731652,1.0340829691734814
152531,normal,normal,True,0.6,0.018404907975460905,0.8202303654757028,1.0812209671210478
32544,eccentric_rotor,eccentric_rotor,True,1.0,0.0,0.5962006997362517,0.8993565827295323
49486,rolamento_outer,rolamento_outer,True,0.6,0.042944785276073816,0.7018175840384632,0.8824482251244093
126177,polia,polia,True,1.0,0.5299911269536759,0.6756786511609156,0.7763051387057767
31590,eccentric_rotor,eccentric_rotor,True,0.8,0.1410788381742738,0.6754118666936224,0.9137270350888205
170430,rolamento_outer,desalinhado,False,0.4,1.0345109079641914,1.3147775828459811,1.4272115086473864
153690,desalinhado,desalinhado,True,0.6,0.034739454094292965,0.5374701597999947,0.6774255333459972
8319,desbalanceado,desbalanceado,True,0.6,0.1410788381742738,0.9979189225258068,1.2756170051252007
84705,polia,correia,False,0.6,0.7022149075376392,0.8331406153107868,0.9283161090064302
172871,desbalanceado,desbalanceado,True,1.0,1.0586585678401206,1.3130623513230564,1.6218970181583414
100621,ventoinha,ventoinha,True,1.0,0.07975460122699549,0.6555365871750907,0.8461946266438439
33304,eccentric_rotor,eccentric_rotor,True,0.6,0.17617866004962812,0.5895086432665735,0.7843830032110048
32267,eccentric_rotor,eccentric_rotor,True,1.0,0.049079754601228154,0.4460136431196096,0.6084363055388762
87541,polia,polia,True,0.6,0.012406947890818976,1.1320553966469924,1.4703897666218613
124487,ventoinha,cocked_rotor,False,0.4,1.1073065091727559,1.1777741600679168,1.2259023515988805
159189,desalinhado,desalinhado,True,0.4,0.1825726141078843,0.9462410059631686,1.1927287502603385
167535,teste,teste,True,1.0,0.014705882352941742,4.207741557969536,5.959979354886504
11120,desbalanceado,desbalanceado,True,1.0,0.8444155828264023,0.8981913155144022,0.9700886383457376
85783,polia,polia,True,0.8,0.8686700850091815,1.0094717275735914,1.152605863292446
164200,rolamento_outer,rolamento_outer,True,0.6,0.014888337468983215,1.298804431717232,1.7355354972774353
54750,rolamento_inner,rolamento_inner,True,0.8,0.019851116625309806,0.6699654151975319,0.8707547074320146
3360,normal,normal,True,1.0,1.1660296977847247,1.3295114123334935,1.5406706441699247
158094,desalinhado,desalinhado,True,0.6,0.01240694789081817,0.7393088199530926,1.007843224392669
169832,normal,normal,True,0.8,0.6237500494449816,0.7755757133684863,1.019962940625541
94625,ventoinha,polia,False,0.4,0.8352123384073975,0.8934596021419419,1.0271607955644675
113373,cocked_rotor,cocked_rotor,True,0.8,0.0,0.6010898423856297,0.9682666677544589
89000,polia,polia,True,1.0,0.2392638036809821,0.5467412061196947,0.6855883442533649
167573,teste,teste,True,1.0,0.0,0.0,0.0
89823,polia,polia,True,1.0,0.17177914110429526,0.4933377201625933,0.601308033750981
174271,eccentric_rotor,eccentric_rotor,True,0.8,1.1921668513511616,1.5508970554983836,1.6662151438785235
135099,rolamento_outer,rolamento_outer,True,1.0,0.03680981595091948,0.5244365972373408,0.64953141378037
88978,polia,polia,True,1.0,0.521472392638038,0.6899538092663209,0.7753460702018803
149236,desalinhado,desalinhado,True,0.6,0.02074688796680535,0.8585423315269061,1.1009103337179416
158948,desalinhado,desalinhado,True,0.4,0.0,0.5468819338633122,0.7234834740511653
122761,desbalanceado,desbalanceado,True,1.0,0.4233128834355838,0.6581197185840979,0.7674428119086578
38915,cocked_rotor,cocked_rotor,True,0.6,0.4417177914110425,0.6275775724584814,0.6975240745487755
175212,eccentric_rotor,eccentric_rotor,True,1.0,0.8177607667852913,1.1164817487351817,1.3364741185143931
62395,rolamento_ball,rolamento_ball,True,0.4,0.7974669244951902,0.9009498518938035,0.9586020945577761
64364,rolamento_ball,rolamento_ball,True,1.0,0.8005164844054256,0.8919015847216516,1.0200831057531021
34484,cocked_rotor,cocked_rotor,True,1.0,0.6392252667330875,0.7429029017777053,0.8005211687527352
68165,rolamento_inner,rolamento_outer,False,0.6,0.0893300248138957,0.6219274036925942,0.8251204032071348
71691,rolamento_combination,rolamento_combination,True,0.6,0.8301561955598863,0.8943162669632899,0.9368784698663599
151899,normal,normal,True,0.8,0.0570719602977669,0.4733265978324529,0.6095788011204779
82361,rolamento_ball,rolamento_ball,True,1.0,0.10788381742738654,0.5355773267122853,0.704203839528561
26518,eccentric_rotor,eccentric_rotor,True,0.6,0.012406947890819031,0.6137495320927446,0.8039664158070737
67226,rolamento_inner,rolamento_inner,True,1.0,0.018404907975460794,0.7052409631194614,0.9381852879804792
60790,rolamento_inner,rolamento_inner,True,0.6,0.8466080948803455,0.9207249913133492,0.9909426748672985
34863,cocked_rotor,cocked_rotor,True,0.8,0.0,0.7181828058093649,0.9630999269657808
12691,desbalanceado,desbalanceado,True,1.0,0.03970223325062039,0.6909806390143424,0.9984016040559244
81386,rolamento_ball,polia,False,0.4,1.0966883390190794,1.1959632097191755,1.246306070197563
30178,eccentric_rotor,eccentric_rotor,True,0.8,0.030674846625767326,0.5287930411334018,0.714364947351119
109700,correia,correia,True,1.0,0.18114143920595555,0.7804002957325559,1.0355468832590904
33011,eccentric_rotor,eccentric_rotor,True,0.6,0.14888337468982585,1.9756151045740435,2.9264698582172475
23401,eccentric_rotor,ventoinha,False,0.6,0.255583126550868,1.0829425736105054,1.4071200021461037
67743,rolamento_inner,rolamento_inner,True,0.4,0.01985111662530976,0.5932943690500052,0.7912255862127345
57227,rolamento_inner,rolamento_inner,True,0.8,1.1418989172616227,1.1724710649265526,1.2305893960331387
3644,normal,normal,True,1.0,1.3085743788852673,1.436456239993733,1.609190518844888
22396,eccentric_rotor,cocked_rotor,False,0.6,0.13692946058091215,0.586103716399646,0.7217122134807946
63880,rolamento_ball,rolamento_inner,False,0.4,1.2236226282897902,1.3601742690395984,1.4298261969245496
124848,ventoinha,ventoinha,True,0.4,0.8796084436264452,0.9044666387569309,0.9526533460557507
177975,rolamento_outer,rolamento_outer,True,0.8,1.6593677269003855,2.031005266889147,2.2345468425251354
132888,rolamento_outer,rolamento_outer,True,0.8,0.012406947890818087,0.5856486650418373,0.7970124214197932
44063,rolamento_outer,rolamento_outer,True,1.0,0.5780688929844616,0.6357379279376286,0.6815462769164675
146359,correia,correia,True,1.0,0.04714640198511202,0.5645451065483289,0.7347237427976165
52177,rolamento_outer,rolamento_outer,True,0.8,0.7329786892266398,0.808801427876136,0.9228687385118923
98039,ventoinha,ventoinha,True,0.4,0.0,0.5733204033222508,0.8808626185783508
36133,cocked_rotor,desbalanceado,False,0.8,0.6298335008783777,0.6569542247426424,0.6881371512678857
152939,normal,normal,True,1.0,0.26993865030674935,0.4777293631616799,0.7043284229751207
158202,desalinhado,desalinhado,True,0.6,1.5781166580880281,1.6100896445696127,1.658691464657126
181088,falta_fase,rolamento_ball,False,0.4,0.7994263999589917,0.8280708165433971,0.8659970857845143
75947,rolamento_combination,rolamento_ball,False,0.6,0.027295285359801358,0.7212204816573309,0.9261961186470896
57476,rolamento_inner,rolamento_inner,True,0.4,0.8813776185702251,0.9813626138607339,1.0209198945932079
159159,desalinhado,desalinhado,True,1.0,1.1448987564715494,1.2021898968327756,1.261661174501335
120807,desbalanceado,normal,False,0.4,0.7211428382730262,0.8557696137744566,0.9199688060178793
121314,desbalanceado,ventoinha,False,0.4,0.2365145228215769,1.4077288800175396,1.7662743612469112
51304,rolamento_outer,cocked_rotor,False,0.6,0.1612903225806449,0.6887852595148036,0.8452977373926858
83426,rolamento_ball,rolamento_ball,True,0.6,1.4911953500507416,1.6318788714527277,1.770084858193129
113005,cocked_rotor,cocked_rotor,True,0.4,0.0797546012269933,0.3447789406066212,0.5415191970483586
48598,rolamento_outer,rolamento_outer,True,0.8,1.5645949737577811,1.8909662070897237,2.1439235844014943
45967,rolamento_outer,rolamento_inner,False,0.4,0.004962779156327368,1.3114362919108153,1.6555996267442525
134680,rolamento_outer,rolamento_outer,True,1.0,0.6560375991782426,0.7637824294603096,0.849750747942847
111631,cocked_rotor,cocked_rotor,True,1.0,0.2515337423312889,0.8978535013387253,1.0985702823121597
79667,rolamento_combination,rolamento_combination,True,0.8,0.1410788381742738,0.8249121310706047,1.0399977791818327
174618,rolamento_ball,rolamento_ball,True,1.0,1.9935667452558223,2.5379104504241776,2.8200738250778996
5143,desbalanceado,desbalanceado,True,1.0,0.0,1.8885899399122408,2.578554082169066
134265,rolamento_outer,rolamento_outer,True,1.0,0.012269938650306497,0.44292477102645555,0.6274749341878674
142758,rolamento_combination,rolamento_combination,True,1.0,0.8857636990082115,0.9750658499447808,1.0050825361188909
121018,desbalanceado,desbalanceado,True,0.2,0.1410788381742738,0.8957588166501758,1.1291489574231868
30175,eccentric_rotor,eccentric_rotor,True,0.6,0.12883435582822145,0.5157536200075806,0.6800920414905834
179753,desalinhado,desalinhado,True,1.0,1.0928623080391344,1.193065810076231,1.2641609983994215
129775,rolamento_inner,polia,False,0.4,0.7064083004605508,0.8009037142747152,0.8342570953431532
4407,desbalanceado,desbalanceado,True,1.0,0.012269938650306234,0.6666033427893396,0.94740029600693
94430,ventoinha,ventoinha,True,0.8,0.962213733278139,1.1176268507103688,1.2352591516617302
33994,cocked_rotor,cocked_rotor,True,1.0,0.4294478527607382,0.7337924564510383,0.8936971139500989
76893,rolamento_combination,rolamento_combination,True,0.6,0.10173697270471482,0.5951230447693796,0.8475559202370787
90313,polia,polia,True,1.0,0.15950920245398878,0.647270274405245,0.7869173030958027
175220,eccentric_rotor,eccentric_rotor,True,1.0,1.338146354563806,1.5589648636346578,1.8265858661334127
167864,normal,normal,True,0.4,1.1138122820706255,1.210969318663743,1.2729822579160135
74932,rolamento_combination,rolamento_combination,True,1.0,0.0,0.7058480354180549,0.9197397105508806
38786,cocked_rotor,cocked_rotor,True,0.8,0.47851092157598596,0.645764244352016,0.7009361038408461
128641,polia,eccentric_rotor,False,0.8,0.8315479853616086,0.8427299986595015,0.8544304250539579
93745,ventoinha,ventoinha,True,1.0,0.4724871587528881,0.5230740641417089,0.5912343460628947
38324,cocked_rotor,cocked_rotor,True,1.0,0.5384446474380453,0.5725971037036688,0.6153218518014489
7173,normal,normal,True,0.6,0.06451612903225762,0.8714843242095007,1.1250282057184415
36405,cocked_rotor,cocked_rotor,True,0.4,0.007444168734490719,0.4278259480390437,0.5669067128931011
68887,rolamento_inner,rolamento_inner,True,1.0,0.027295285359801358,0.727088505670331,0.9133772303286506
81361,rolamento_ball,rolamento_ball,True,0.4,0.0,0.8909043015255028,1.1647935986773303
104095,correia,correia,True,1.0,0.701237281383373,0.7711087557874147,0.8657222747306804
92601,polia,polia,True,1.0,1.2911864467950793,1.350723400944973,1.4043137228861198
89023,polia,polia,True,1.0,0.15950920245398878,0.4360318745738475,0.565262130910116
147311,desalinhado,desalinhado,True,0.8,0.5230255390627778,0.7406043648510334,0.9111130040141701
69414,rolamento_inner,rolamento_ball,False,0.4,0.09181141439205986,0.6337299090504205,0.777238347674143
106513,correia,correia,True,1.0,0.17121588089329987,0.7754922421509329,0.9579112389958557
174077,desbalanceado,desbalanceado,True,1.0,1.6693258269325135,2.577830708686821,3.169639175294015
153989,desalinhado,polia,False,0.4,0.7254938175952488,0.8058748481178611,0.8855994774614475
110142,correia,correia,True,1.0,0.032258064516129684,0.4880596136973005,0.7396486772496568
2115,normal,normal,True,1.0,0.05955334987593017,0.99360079028196,1.3092496230691186
142027,rolamento_combination,rolamento_combination,True,0.4,0.007444168734490719,1.2838077426525922,1.6411673683648835
1795,normal,normal,True,1.0,0.004962779156327424,0.9219827706889756,1.2590721598921744
59681,rolamento_inner,rolamento_inner,True,0.8,0.9612843981870542,1.2811659456064164,1.388171648085872
11665,desbalanceado,cocked_rotor,False,0.6,0.6879869193366238,0.8241234849235038,0.9072749450149807
150563,normal,normal,True,0.8,0.02074688796680524,0.48815254012211573,0.7444924723960185
134270,rolamento_outer,rolamento_outer,True,1.0,0.5638551945770377,0.6438517599367648,0.7082223295438552
123315,ventoinha,ventoinha,True,0.8,0.014888337468982327,0.5522879729872898,0.7744683014159253
88939,polia,polia,True,1.0,0.5088297509980336,0.5667573878798928,0.617135014188656
94026,ventoinha,ventoinha,True,1.0,0.6217505326592644,0.636887491916972,0.6511929169513263
67547,rolamento_inner,rolamento_inner,True,0.6,0.007444168734490719,1.020997423344434,1.3577239114509334
4456,desbalanceado,desbalanceado,True,1.0,0.018404907975460905,0.9448822460448785,1.2440023942828549
6218,normal,cocked_rotor,False,0.8,0.012269938650306456,0.5012346936980782,0.682010434451054
122917,desbalanceado,desbalanceado,True,1.0,0.04294478527607383,0.971059183973701,1.2659302971439679
58968,rolamento_inner,rolamento_outer,False,0.6,0.6909736693215786,0.7200288569556311,0.7352975523622997
61028,rolamento_inner,rolamento_inner,True,1.0,0.0,0.596786874010828,0.8439129648909354
176174,rolamento_inner,desbalanceado,False,0.4,1.0287096923639543,1.196975591558562,1.370804510047698
29743,eccentric_rotor,eccentric_rotor,True,1.0,0.7913664540874,0.9249826197591109,1.0146073773003363
95017,ventoinha,ventoinha,True,0.4,0.004962779156327424,0.5539036872427798,0.7222582064924518
135271,rolamento_ball,cocked_rotor,False,0.8,0.18858560794044626,0.777749359895628,0.9381916225662044
181033,falta_fase,falta_fase,True,1.0,0.8453763875566697,1.1103154626268241,1.3388455509614259
11281,desbalanceado,desbalanceado,True,0.6,0.10788381742738506,1.1038749989820578,1.3706398835251623
42595,rolamento_outer,rolamento_outer,True,0.8,0.7373742379742486,0.7841615460703112,0.8356839491482216
9084,normal,normal,True,0.6,0.06639004149377599,0.835668683839487,1.0356545855387747
63834,rolamento_ball,rolamento_ball,True,0.6,0.04564315352697068,0.7041167433639943,0.9827781546556843
160081,desalinhado,desalinhado,True,1.0,0.049079754601228154,0.5292914154936815,0.7037095867400642
143233,rolamento_combination,rolamento_combination,True,1.0,0.6599032707709198,0.8010317331485488,0.9765056384258692
168243,rolamento_outer,rolamento_outer,True,1.0,1.334299792945606,1.4674881180044337,1.6714668024010029
52524,rolamento_inner,rolamento_outer,False,0.6,0.8641883727160093,1.070937944486076,1.3092898265671458
107429,correia,correia,True,1.0,0.7004501692984926,0.753404893913788,0.7713988555463106
165692,normal,normal,True,1.0,1.1061996646434678,1.3199873221799083,1.510961082794725
109525,correia,correia,True,0.8,0.22085889570552125,0.7359087820031778,0.8901781118470605
140319,rolamento_ball,rolamento_ball,True,0.8,1.34183587575175,1.4566351001734177,1.4938364690643062
178982,rolamento_combination,rolamento_combination,True,0.6,1.7239843377914408,1.988673010852868,2.250172166267257
95055,ventoinha,ventoinha,True,0.8,0.004962779156327424,0.9277349870925666,1.3288743629469304
154137,desalinhado,desalinhado,True,0.6,0.8122265139059239,0.9486346621939431,1.045111020312566
135664,rolamento_ball,rolamento_ball,True,1.0,0.059553349875931055,0.6509666880105865,0.8247989505743488
147207,correia,correia,True,1.0,0.05210918114143944,0.5848254084277913,0.7355261870697503
87752,polia,polia,True,0.6,0.0,0.9894595268071867,1.2799620972889527
94252,ventoinha,ventoinha,True,1.0,0.1901840490797561,0.5376444930493509,0.6643713414601049
3811,normal,normal,True,1.0,0.012269938650306678,0.8289338894300243,1.0613168875889143
139557,rolamento_outer,rolamento_outer,True,0.4,0.053941908713692525,0.5010374436742322,0.6680653071137611
128891,polia,polia,True,0.6,0.052109181141439476,0.5969663077869267,0.864138291330957
46655,rolamento_outer,rolamento_outer,True,1.0,0.0,0.468188188375637,0.629278381549399
119414,desbalanceado,desbalanceado,True,0.8,0.007444168734491607,1.1161406170031,1.4866911501321454
110464,correia,correia,True,1.0,0.06451612903225849,0.6793496562932271,0.8525374143303761
47789,rolamento_outer,rolamento_inner,False,0.6,0.012269938650306567,0.622282090905627,0.8885106555867472
47806,rolamento_outer,rolamento_outer,True,0.6,0.049079754601226044,0.43972671570103783,0.6145725939188632
180256,desalinhado,desalinhado,True,1.0,0.798728563633749,0.9195472461102968,1.0350695435858472
175129,eccentric_rotor,rolamento_outer,False,0.6,1.1683916438258575,1.3336129087950739,1.4061054052959059
36926,cocked_rotor,eccentric_rotor,False,0.6,1.4925296472261533,1.6195804456155805,1.713565737093854
80144,rolamento_combination,rolamento_combination,True,0.4,0.5137219841912801,0.6461915239584871,0.7144105744630126
58721,rolamento_inner,rolamento_inner,True,0.8,0.42331288343558393,0.7548003133680558,0.909857807698135
5282,desbalanceado,desbalanceado,True,1.0,1.3933374464366368,1.6417626839469066,1.7645866438413422
40552,cocked_rotor,rolamento_combination,False,0.4,0.004962779156327424,0.5400023451435008,0.7006091355519424
109022,correia,correia,True,0.6,0.03067484662576514,0.544853797400366,0.7240809014534096
72146,rolamento_combination,rolamento_combination,True,0.6,0.0645161290322576,0.9896756936492315,1.2833043996934668
1448,motor_desligado,motor_desligado,True,1.0,0.5429288970667258,0.6418761895601413,0.7325990735908952
49979,rolamento_outer,rolamento_outer,True,0.8,0.0797546012269933,0.7056210102724473,0.8820943279248559
83826,rolamento_ball,rolamento_combination,False,1.0,0.6882807214647823,1.061882279595486,1.202195227185128
41884,cocked_rotor,rolamento_outer,False,0.4,0.053941908713692525,0.5353799591890777,0.6956789785957456
151647,normal,normal,True,0.8,0.5188282575547155,0.5641438283114748,0.6133806234235046
88038,polia,polia,True,0.6,0.21339950372208435,0.6058508858521114,0.76781511342183
158254,desalinhado,desalinhado,True,0.8,0.5743230640795074,0.8438437329398282,0.9490788482968876
63459,rolamento_ball,rolamento_ball,True,0.4,0.751105650605043,0.7786641830390634,0.7890632149177916
7449,desbalanceado,desbalanceado,True,0.6,1.2278027149459676,1.3257054206611345,1.564246177642166
98460,ventoinha,ventoinha,True,1.0,0.3485477178423235,0.7590965113759067,0.8767587962474719
141443,rolamento_combination,rolamento_combination,True,1.0,0.6652102535414584,0.7978252807599804,0.8472436626827425
78437,rolamento_combination,rolamento_combination,True,1.0,0.02074688796680524,0.6263927389765158,0.9152124511526268
32943,eccentric_rotor,normal,False,0.4,0.6050485696704799,0.7603434847181763,0.8309900216506158
8388,desbalanceado,desbalanceado,True,1.0,0.25153374233128845,0.6689597070231299,0.8094857195311211
23855,eccentric_rotor,eccentric_rotor,True,1.0,0.5241087906207794,0.6410418564133027,0.7022730636564644
120160,desbalanceado,desbalanceado,True,1.0,0.00496277915632759,0.854331173086144,1.1120318030392053
69772,rolamento_inner,rolamento_inner,True,1.0,0.3467576260292669,0.5453919935721383,0.6741821348088002
115891,eccentric_rotor,eccentric_rotor,True,0.6,0.17121588089330067,0.901895935820467,1.1129328167237815
106115,correia,correia,True,0.8,0.007444168734491607,0.7345286577187519,0.986542595051199
44883,rolamento_outer,rolamento_outer,True,0.8,0.05955334987593017,0.9145601241678578,1.172492121049217
102366,ventoinha,ventoinha,True,0.4,0.6736709711381196,0.7284156315323409,0.7743894789443126
164783,normal,normal,True,1.0,1.5777892642216746,1.836050066898526,1.904617232688314
158248,desalinhado,desalinhado,True,1.0,0.6704560159330465,0.7027762177641824,0.722613733193351
33103,eccentric_rotor,rolamento_outer,False,0.8,0.027295285359801358,0.8658496354095717,1.0924643908189777
29729,eccentric_rotor,eccentric_rotor,True,1.0,0.030674846625767332,0.37782345138529,0.47110631872825426
56713,rolamento_inner,rolamento_ball,False,0.8,0.03225806451612967,0.8011962235703501,1.0577154342374995
39927,cocked_rotor,rolamento_ball,False,0.8,0.09543568464730301,0.8411170336754825,1.0853433589666213
38554,cocked_rotor,cocked_rotor,True,0.8,0.042944785276073816,0.419696134219029,0.5346855291123012
50457,rolamento_outer,rolamento_outer,True,1.0,0.0797546012269933,0.5020590780884215,0.6337907245727733
88273,polia,polia,True,0.6,0.19602977667493787,0.4994929957898898,0.6649950390663162
124731,ventoinha,rolamento_outer,False,0.4,0.03319502074688874,0.6789865997579299,0.9671739902337259
95342,ventoinha,desalinhado,False,0.4,0.7029045444683211,0.7406862061611628,0.7542830206944863
4302,normal,normal,True,1.0,0.049079754601228265,0.7703387683326296,0.9555717641648906
143152,rolamento_combination,rolamento_combination,True,0.6,0.845085925071044,1.013158628377041,1.1113957442747824
61117,rolamento_inner,rolamento_inner,True,1.0,0.91929467059807,0.9699828649023509,0.9871449094356074
108143,correia,correia,True,0.8,0.714297653973858,0.8623789770747082,0.9368156516306615
30456,eccentric_rotor,eccentric_rotor,True,1.0,0.9443602428552648,1.0295404677806097,1.128450194577884
125188,ventoinha,ventoinha,True,1.0,0.03680981595091948,0.6094434646238233,0.8248005747329198
32385,eccentric_rotor,eccentric_rotor,True,0.8,0.19018404907975395,0.7874798663275715,0.9538794127616748
81721,rolamento_ball,rolamento_outer,False,0.8,0.6886643835910738,0.8040865814464301,0.8867510487782396
106104,correia,correia,True,0.6,0.7977686466960822,1.046157247629057,1.4292277847454093
56795,rolamento_inner,rolamento_ball,False,0.4,0.0,0.6001910062163883,0.8281760090333026
106575,correia,correia,True,0.6,0.08713692946058127,0.7048968126321901,0.8829000846813926
26196,eccentric_rotor,eccentric_rotor,True,0.4,0.8763206695296614,0.9155270789155742,0.9584142147574878
111129,correia,correia,True,1.0,0.012269938650306511,0.4178386581564123,0.6352982442005073
117588,eccentric_rotor,eccentric_rotor,True,1.0,0.02074688796680524,0.568586569339143,0.7458372468989836
108325,correia,correia,True,0.8,0.2987551867219913,0.9028161533809517,1.0742026931145798
108098,correia,correia,True,0.8,0.9604204802320367,1.070625376972733,1.1378691036283626
82873,rolamento_ball,rolamento_ball,True,1.0,0.030674846625767305,0.6341673951222091,0.8098377150867425
168010,normal,normal,True,1.0,0.9765553856371548,1.3805777131956254,1.5998402986305773
22896,eccentric_rotor,eccentric_rotor,True,0.6,0.019851116625309764,0.7432301916494184,0.9728374550995345
11909,desbalanceado,desbalanceado,True,0.6,0.19502074688796633,0.7126224931295893,0.8557243921258246
136191,rolamento_ball,rolamento_combination,False,0.4,0.012406947890819045,0.5666718640007392,0.7272450633638138
60517,rolamento_inner,rolamento_inner,True,0.8,0.053941908713692505,1.525709398257928,1.96462966300411
44274,rolamento_outer,rolamento_outer,True,0.8,0.7538646345507717,0.8299577728662995,0.8778621791665857
138722,rolamento_outer,cocked_rotor,False,1.0,0.5233952578670787,0.620970978622035,0.6879697666631551
27251,eccentric_rotor,eccentric_rotor,True,0.4,0.7258818142122341,0.7643522365168864,0.8034801742287493
12784,desbalanceado,polia,False,0.4,0.7700680290573679,0.9277999960535496,1.090859626239155
27113,eccentric_rotor,eccentric_rotor,True,0.8,0.0,0.6547201453404055,0.8498911625194502
33529,cocked_rotor,cocked_rotor,True,0.8,0.5276073619631902,0.8199257270297993,0.9429265056714617
43289,rolamento_outer,cocked_rotor,False,0.6,0.8186469821936382,0.9175679570940041,1.019038605738181
155780,normal,rolamento_outer,False,0.8,0.0,0.5433521720617092,0.749530355034477
110204,correia,correia,True,1.0,0.01985111662531065,0.553434937790338,0.8204545287064775
155295,normal,rolamento_outer,False,0.6,0.0,0.6779689702662219,0.9179804323348901
53645,rolamento_inner,rolamento_inner,True,1.0,0.2863070539419095,0.9847025566179258,1.2247562547943927
41970,cocked_rotor,cocked_rotor,True,1.0,0.5886564766958631,0.6229031705492849,0.6512592779736536
71362,rolamento_combination,rolamento_combination,True,1.0,0.0,0.9484304999626648,1.2723302916194066
124404,ventoinha,ventoinha,True,1.0,0.020746887966805266,0.522279820616381,0.6608374850712795
180720,rolamento_outer,rolamento_outer,True,0.6,1.0636499464099183,1.3779433045917253,1.6141298839923932
160365,desalinhado,normal,False,0.4,0.9013101788931401,0.9351530887755988,0.9452817617656422
119007,desbalanceado,desbalanceado,True,0.4,0.0,0.7098706018590704,0.9238145959477613
135165,rolamento_outer,rolamento_outer,True,1.0,0.14110429447852796,0.8478020936553431,1.1051083041429284
120796,desbalanceado,desbalanceado,True,0.8,0.23076923076923084,0.664112996831778,0.8990953668590064
160526,desalinhado,desalinhado,True,0.4,0.38962570487811876,0.4526357174632043,0.5036790167665282
9369,normal,ventoinha,False,0.6,1.021831904694467,1.0971481684628004,1.1662792562666016
130066,rolamento_inner,rolamento_inner,True,0.8,0.8132233601313368,0.8836672717338523,0.9578119385725323
89090,polia,polia,True,1.0,0.1717791411042931,0.5325776656344572,0.7440387918825389
81412,rolamento_ball,correia,False,0.6,0.8500634350815375,0.9485770284477605,1.134259531639539
170229,rolamento_ball,rolamento_ball,True,1.0,1.9404635839867383,2.261449167323805,2.5418024147063365
66637,rolamento_inner,rolamento_inner,True,0.6,0.0,0.6416679999823742,0.8273007386630581
152138,normal,desalinhado,False,1.0,0.42422891244180067,0.6471457021598039,0.822350088148207
109786,correia,correia,True,1.0,0.012406947890818157,0.5112367272007046,0.6834632219817592
29034,eccentric_rotor,eccentric_rotor,True,0.4,0.6431242519196297,0.7014686317728271,0.749725462090896
161091,desalinhado,desalinhado,True,0.6,0.12883435582821934,0.6882755111538292,0.916118669362093
65391,rolamento_ball,rolamento_ball,True,0.8,0.012269938650306456,0.7262561146077354,0.9199121882035896
88511,polia,rolamento_combination,False,0.6,0.6705207602537628,0.7531025748279825,0.8247963253591
153492,desalinhado,ventoinha,False,0.8,0.014888337468983215,0.6152584533094503,0.9105306031356608
54358,rolamento_inner,rolamento_inner,True,1.0,0.3485477178423235,1.1259264429795863,1.5929517414673138
134794,rolamento_outer,rolamento_outer,True,1.0,0.498329710130091,0.5634322115568349,0.610905870897037
44243,rolamento_outer,rolamento_outer,True,1.0,0.0,0.6368598682411841,0.8581629098382704
96083,ventoinha,ventoinha,True,0.8,0.5311384101463116,0.7601852280072243,0.9182264636618009
179836,desalinhado,desalinhado,True,1.0,1.1481036793249075,1.3347734308022683,1.4522650222215636
170384,rolamento_inner,rolamento_inner,True,1.0,4.314758736003051,5.156632933523673,6.339382637305972
105190,correia,correia,True,1.0,0.1286307053941903,0.7439938943033277,0.9441548175798806
166318,rolamento_combination,rolamento_combination,True,1.0,1.9098739032468552,2.2661925154112597,2.3648095241875895
3355,normal,normal,True,1.0,0.13278008298755184,0.6383389165916653,0.8513464238968423
96079,ventoinha,ventoinha,True,1.0,0.31535269709543634,0.6518156530352909,0.84553574446951
94998,ventoinha,ventoinha,True,0.4,0.9657458827371734,1.0265655451910738,1.0573154942362248
110991,correia,correia,True,1.0,0.5736931414884509,0.8228142048703374,0.9114877706687169
139703,rolamento_ball,rolamento_ball,True,1.0,1.3835184260610685,1.5089942982673086,1.6182333678054086
58248,rolamento_inner,rolamento_inner,True,0.8,0.8950730366865459,0.971161625895404,1.0616498962287075
60409,rolamento_inner,rolamento_inner,True,1.0,0.014888337468983187,0.6601867493848357,0.8870361797034516
46660,rolamento_outer,desbalanceado,False,0.4,0.6207093989872633,0.6304473565686323,0.637742690537827
83069,rolamento_ball,rolamento_ball,True,1.0,0.8895705521472393,1.0074309296441293,1.1228902798843003
139255,rolamento_outer,rolamento_outer,True,0.4,0.23651452282157687,0.6737624118885501,0.8225025854750675
173800,eccentric_rotor,eccentric_rotor,True,1.0,1.3217153630692926,1.4266085850319061,1.5079360650417948
170005,desbalanceado,desbalanceado,True,1.0,0.8147011777262694,1.1129919856040302,1.2450174444379711
98717,ventoinha,ventoinha,True,1.0,0.8172324582968861,0.9259712650380637,0.9782956134099983
154336,desbalanceado,ventoinha,False,0.4,0.0,0.8444586693804151,1.0918357981075757
5616,desbalanceado,desbalanceado,True,1.0,0.007444168734490719,1.222111301368458,1.9387298987745125
122814,desbalanceado,desbalanceado,True,1.0,0.4586531701774943,0.5812683359655754,0.6675519369277667
130821,rolamento_inner,rolamento_ball,False,0.8,1.0944230553015268,1.1823812403297063,1.2774794410872465
157576,desalinhado,eccentric_rotor,False,0.4,0.18362282878411884,0.6045722232401857,0.7522412763188328
115890,eccentric_rotor,ventoinha,False,0.4,0.6722419590858753,0.7434087127888953,0.8013023378103747
37407,cocked_rotor,cocked_rotor,True,0.4,0.10421836228287895,0.8472692211590415,1.141482960926561
89984,polia,polia,True,1.0,0.0,0.6250391329920848,0.8799315616829563
63970,rolamento_ball,rolamento_ball,True,1.0,0.02074688796680524,0.5871934860754802,0.8227685784305884
94969,ventoinha,ventoinha,True,0.4,0.0,0.6474103116224366,0.8381547573988909
6105,normal,cocked_rotor,False,0.6,0.12883435582822156,0.58148051340807,0.7659935228751101
140176,rolamento_ball,rolamento_ball,True,0.6,0.9895100922304918,1.4229298306756173,1.5809459938800103
149634,desalinhado,desalinhado,True,0.8,0.012269938650306456,0.69515715322255,0.9748464260423582
31868,eccentric_rotor,eccentric_rotor,True,1.0,0.6408325657828736,0.6627024836871348,0.6767087386417232
36210,cocked_rotor,desalinhado,False,0.4,0.5687124469377424,0.5943391214209577,0.6153132998671456
71455,rolamento_combination,rolamento_combination,True,1.0,1.148304914652705,1.2166165774548106,1.2544313653665142
105144,correia,correia,True,1.0,0.13692946058091365,0.5262750544172704,0.6705798466179196
112565,cocked_rotor,cocked_rotor,True,1.0,0.0,0.12030827017330574,0.5647315349156093
147342,desalinhado,desalinhado,True,0.6,0.0,0.532766319409222,0.7190627193458723
181344,falta_fase,falta_fase,True,1.0,1.088645658155025,1.6385068591481384,1.8288448470582883
97093,ventoinha,ventoinha,True,1.0,0.047146401985111996,0.6064577880517588,0.7592101733776407
58040,rolamento_inner,rolamento_inner,True,1.0,0.8591040909711555,0.8923586807658944,0.9241226974239894
153039,normal,normal,True,0.4,0.0,1.097165197928074,1.420145048339906
3486,normal,normal,True,1.0,0.7242773467341537,0.8301209522210673,0.8905062713995651
33316,eccentric_rotor,desbalanceado,False,0.4,1.0836512716437539,1.1266975852501244,1.1950005578634924
147665,desalinhado,desalinhado,True,0.8,0.007444168734490719,0.5441677837376699,0.7031231466649546
78413,rolamento_combination,rolamento_combination,True,1.0,0.5753112336718433,0.6594783541621363,0.7378581832530792
58946,rolamento_inner,rolamento_outer,False,0.6,0.6336904010875517,0.7157293084406282,0.7982024866238047
9521,normal,normal,True,0.6,1.1333096768360866,1.142847980655083,1.1555918986790317
42986,rolamento_outer,rolamento_outer,True,0.4,0.024896265560165443,0.6842832127073366,0.8852536370412334
173885,normal,normal,True,0.8,1.6673890501000657,1.8289840467320364,1.9412775842435372
74143,rolamento_combination,rolamento_combination,True,0.6,0.0,0.6431503804103204,0.8574430995777188
87356,polia,polia,True,1.0,0.06639004149377592,0.7290981559333506,1.0019526473190965
57551,rolamento_inner,rolamento_outer,False,0.4,0.23651452282157687,0.9378669125872475,1.1560590760756668
53486,rolamento_inner,rolamento_outer,False,0.6,0.7197747840741947,0.8553284093963184,0.9771433171494618
122389,desbalanceado,desbalanceado,True,1.0,0.01840490797546085,0.8094857798244905,1.061910533466127
95892,ventoinha,ventoinha,True,1.0,0.012448132780083498,0.6377376606045468,0.8449583729337969
88692,polia,polia,True,1.0,0.25153374233128856,0.49520186166874935,0.6315496870785117
49128,rolamento_outer,rolamento_outer,True,0.6,0.6028652546500061,0.6748144911803081,0.8293846876496324
49506,rolamento_outer,rolamento_outer,True,1.0,0.03067484662576514,0.3652212173506336,0.502154794950672
27372,eccentric_rotor,ventoinha,False,0.4,0.2904564315352694,0.7731648388136457,0.9779108253293985
110112,correia,correia,True,1.0,0.7868427576675873,0.8259778082438585,0.849469622653443
87701,polia,polia,True,0.4,0.09181141439205989,0.6078533765133127,0.778544530359123
75408,rolamento_combination,rolamento_combination,True,0.8,0.0,1.5130715192322737,2.0354619279686053
114077,cocked_rotor,eccentric_rotor,False,0.4,0.012448132780083498,0.7909508489820859,1.001589917482122
99940,ventoinha,ventoinha,True,0.8,0.1908713692946047,0.7036763229208602,0.8841503646299091
142005,rolamento_combination,rolamento_ball,False,0.6,0.7737590022815517,0.9192535503528084,0.983516250765188
67959,rolamento_inner,rolamento_inner,True,0.6,0.1637717121588091,0.635982379228038,0.7901877482486683
127381,polia,polia,True,1.0,0.7275645196408772,0.8334128314802601,0.9995606201917864
43331,rolamento_outer,rolamento_outer,True,1.0,0.9052999920356708,0.9624256531592195,1.0544568939312302
57008,rolamento_inner,rolamento_outer,False,0.4,0.14143920595533532,0.7766813008001543,0.9593683394589266
12180,desbalanceado,eccentric_rotor,False,0.6,0.0,0.7307486864348464,1.0447154620872274
95175,ventoinha,eccentric_rotor,False,0.6,0.0,0.5482110395949975,0.7471568784208538
151944,normal,normal,True,0.8,0.5369068481170205,0.5612122915843035,0.5816143222005662
58523,rolamento_inner,rolamento_outer,False,0.8,0.11656441717791499,0.7253811157968844,0.8916435991729107
49401,rolamento_outer,rolamento_ball,False,0.8,0.0,0.7445848568817193,0.9863455232011654
153649,desalinhado,desalinhado,True,1.0,0.8729965159644022,0.8910304861912073,0.912632508459457
23887,eccentric_rotor,eccentric_rotor,True,1.0,0.15950920245398661,0.6336725441065549,0.8116190925510568
88434,polia,cocked_rotor,False,0.4,0.06699751861042177,0.6953974534744098,0.8831128741542356
147423,desalinhado,desalinhado,True,0.6,0.9261856232919915,1.0110145314010097,1.0483244634952738
57384,rolamento_inner,rolamento_inner,True,0.6,0.98504182062303,1.0127064897610805,1.059786500819405
64829,rolamento_ball,rolamento_outer,False,1.0,0.6816022794537142,0.7964752131058386,0.9206498394842925
105664,correia,correia,True,1.0,0.6286661319926016,0.759969508194381,0.8180155343677594
90965,polia,polia,True,1.0,0.012269938650306567,0.6119093600064842,0.7919738835467667
54042,rolamento_inner,rolamento_inner,True,1.0,1.486200020330598,1.6475382328140604,1.7411200677876562
49423,rolamento_outer,rolamento_outer,True,0.6,0.0,0.48726805209043755,0.6662830712978356
122998,ventoinha,eccentric_rotor,False,0.6,0.012406947890819045,0.6983319042355098,0.9369275655025002
168995,rolamento_ball,rolamento_ball,True,1.0,0.0,1.2250887058368343,1.6086016264273573
46970,rolamento_outer,rolamento_outer,True,0.4,0.11618257261410839,0.6347899992270025,0.7986541395586463
168298,rolamento_outer,rolamento_outer,True,1.0,0.0,2.8904402679230827,3.8251725719133125
135500,rolamento_ball,rolamento_combination,False,0.8,0.07196029776674923,0.6184514393867163,0.8045630014134864
49981,rolamento_outer,rolamento_outer,True,1.0,0.6374864658566299,0.6766354138445775,0.725282025753216
56505,rolamento_inner,rolamento_inner,True,1.0,0.019851116625310583,0.6497992599563067,0.8912025878596231
47474,rolamento_outer,rolamento_outer,True,1.0,0.18257261410788433,0.6705806337063581,0.8414323393906146
51962,rolamento_outer,rolamento_outer,True,0.6,0.07468879668049928,0.5628341446899315,0.6936558837777184
77930,rolamento_combination,rolamento_combination,True,1.0,0.7414640387523042,0.8022220439050626,0.8780351177696321
46496,rolamento_outer,ventoinha,False,0.6,0.6298272479939384,0.733467369182896,0.8760016540808523
87280,polia,polia,True,1.0,0.06639004149377592,0.7680754752548504,0.9654229069612906
101196,ventoinha,ventoinha,True,1.0,0.6334348814268704,0.6597082404854524,0.6822827259089925
118227,eccentric_rotor,eccentric_rotor,True,0.8,0.0,0.655621789129954,0.8762024325234575
160904,desalinhado,desalinhado,True,0.8,0.6475946967375912,0.8595375007117078,0.9692735040014143
78900,rolamento_combination,rolamento_combination,True,1.0,0.04907975460122593,1.3759054687875847,1.7494751083145341
66731,rolamento_inner,rolamento_inner,True,0.6,0.7972985652986108,0.8185551621834181,0.8639452857082737
58526,rolamento_inner,rolamento_inner,True,0.6,0.14110429447852796,0.7307468324552394,0.9597437683048604
179747,desalinhado,desalinhado,True,1.0,1.9821934978005862,2.5350407886477653,3.257076470039647
102540,correia,correia,True,1.0,0.9729835690567369,0.9899990731448591,1.014697788536125
81455,rolamento_ball,rolamento_ball,True,0.4,0.5532889158386681,0.7693625033224011,0.83223094732945
171948,rolamento_ball,rolamento_ball,True,1.0,1.4136705294669258,2.064846808121627,2.269679065703673
129946,rolamento_inner,ventoinha,False,0.4,0.007444168734491607,0.619007438287756,0.8181739871142037
9626,normal,normal,True,1.0,0.06699751861042175,0.9691282016318397,1.2547353035909896
142876,rolamento_combination,rolamento_combination,True,1.0,0.26970954356846566,0.8887604106515677,1.2138810784281886
116128,eccentric_rotor,eccentric_rotor,True,0.4,0.5200239105441574,0.6325830427607885,0.751658548478849
120181,desbalanceado,desbalanceado,True,1.0,0.1414392059553351,0.724751740974631,0.9049727836129636
101793,ventoinha,ventoinha,True,0.8,0.21588089330024857,0.7940172540047433,0.9760520200350269
143805,rolamento_combination,rolamento_combination,True,1.0,0.355828220858897,0.6417292459386721,0.7970033705964052
108417,correia,eccentric_rotor,False,0.6,0.9816777915509076,1.0737791421461151,1.1215681672154798
140565,rolamento_ball,rolamento_ball,True,0.8,0.012448132780083443,0.7601029022182327,0.9754690723089419
10222,normal,normal,True,1.0,0.20858895705521485,1.1789606821304752,1.5378874954227995
132209,rolamento_inner,rolamento_inner,True,1.0,0.0,0.7244999169118952,0.9511671918626994
89993,polia,polia,True,1.0,0.38036809815951,0.5986505093021092,0.6548301230042591
52391,rolamento_outer,rolamento_outer,True,1.0,0.8806855072662724,0.98352203304037,1.0932112672660166
132023,rolamento_inner,rolamento_inner,True,1.0,0.811086180114698,0.9146160331944335,0.9772822799447568
47269,rolamento_outer,rolamento_outer,True,0.6,0.3651452282157672,1.2296910468271824,1.5000058286276936
164218,rolamento_outer,normal,False,0.6,2.1239676562711156,2.1695084692535254,2.2111291476471098
123079,ventoinha,ventoinha,True,0.6,0.538698940754108,0.5831917106072565,0.662527573752607
93642,ventoinha,ventoinha,True,1.0,0.4094895695187153,0.49206618911478106,0.5381722487903534
44240,rolamento_outer,rolamento_outer,True,0.6,0.0,0.5586864575805459,0.7076932805750378
170569,rolamento_combination,rolamento_combination,True,0.6,1.452965225699752,1.5535732192358258,1.6276234232635478
171279,ventoinha,ventoinha,True,0.8,1.4942084418508603,1.5739603878326551,1.6969641944509397
56096,rolamento_inner,rolamento_inner,True,1.0,0.0,0.7771334624745689,1.0286590472441246
180406,desbalanceado,desbalanceado,True,1.0,0.7737867609087954,1.1354956658180142,1.30032758198935
153071,normal,normal,True,1.0,0.012269938650306456,0.7970355360579132,1.019690622923934
86670,polia,polia,True,1.0,0.3609958506224056,1.0876105641883898,1.280580991009951
110351,correia,correia,True,1.0,0.0,0.597766337213449,0.9010551626238276
108172,correia,correia,True,0.6,0.0,0.6968984415861692,0.877886682583654
120873,desbalanceado,eccentric_rotor,False,0.6,0.6790854532741831,0.846376074391614,0.9737381209728828
159420,desalinhado,desalinhado,True,0.4,0.551467298163836,0.6226116812930176,0.67430366257973
70516,rolamento_inner,rolamento_inner,True,1.0,0.20746887966804978,0.9283584278222211,1.1425045878801554
30632,eccentric_rotor,eccentric_rotor,True,1.0,0.7043346623371994,0.7622144652522023,0.804187741496763
52388,rolamento_outer,rolamento_outer,True,1.0,0.0,0.5714655612515716,0.7520480162783368
80995,rolamento_ball,rolamento_ball,True,0.4,0.10421836228287895,0.9112997867437418,1.186522660880072
103330,correia,correia,True,0.4,0.01840490797546085,1.1948368090601456,1.5568175649791964
28986,eccentric_rotor,ventoinha,False,0.4,0.6833154510213535,0.7840151249427442,0.8633081899822868
80333,rolamento_combination,rolamento_combination,True,0.6,0.0,0.6093564924506649,0.7751691365680368
83389,rolamento_ball,rolamento_ball,True,1.0,0.22085889570552342,1.1067137926675985,1.426646022308759
2428,normal,normal,True,1.0,0.3283653520058153,0.5661923933336233,0.6384968522664519
63720,rolamento_ball,rolamento_inner,False,0.6,0.0,0.5925787816915161,0.9053466414197066
156625,normal,normal,True,0.6,0.018404907975460832,0.7918946886787428,1.0269712455634583
47132,rolamento_outer,rolamento_ball,False,0.8,0.6655847881258726,0.7946451833392476,0.8538637655674403
150293,normal,cocked_rotor,False,0.4,0.02074688796680535,0.6143861585220123,0.8044659156471076
107958,correia,correia,True,0.4,0.0,0.9114299382989633,1.188411912175795
166966,normal,normal,True,0.6,0.08713692946058127,3.2815503741783756,4.890191584471689
8845,desbalanceado,desbalanceado,True,0.8,0.0797546012269933,1.2171849215851709,1.532911401079571
158583,desalinhado,desalinhado,True,0.6,1.2296350338679645,1.3092154648376335,1.4148227211581048
139422,rolamento_outer,rolamento_ball,False,0.8,0.5069550395049783,0.5332001768096566,0.6094279041746684
120782,desbalanceado,desbalanceado,True,0.6,0.007444168734491607,1.108420669335033,1.640065932551019
153696,desalinhado,ventoinha,False,0.8,0.8925779637796826,0.9596786601701727,1.0761845187470258
63678,rolamento_ball,rolamento_ball,True,0.4,0.1950207468879678,0.7334319634422138,0.9261772122585763
8915,normal,normal,True,0.6,0.6919720758585249,0.8633853916690655,0.950506889745499
78522,rolamento_combination,rolamento_combination,True,1.0,0.0,0.7104640835114248,0.9125688114823964
142026,rolamento_combination,rolamento_combination,True,0.4,0.007444168734490719,1.2835078302840293,1.6412405263888117
156730,normal,desalinhado,False,0.6,0.17791411042944744,0.6119732911977442,0.7785664066728295
145299,correia,cocked_rotor,False,0.6,0.0,0.4943677742117992,0.6746159716223518
77913,rolamento_combination,rolamento_outer,False,0.4,0.08713692946057983,0.5702124288173287,0.7376783434911381
137352,rolamento_ball,rolamento_ball,True,1.0,0.0,1.1094730023488846,1.4331791897780597
123292,ventoinha,ventoinha,True,0.8,0.012406947890819045,0.6541645001810614,0.8631964947940506
3405,normal,normal,True,1.0,0.020746887966803795,0.9980041794635699,1.3529882003749525
80006,rolamento_combination,rolamento_combination,True,0.8,0.0746887966804978,0.9917896433697141,1.3505937916678752
6330,normal,eccentric_rotor,False,0.6,0.0,0.44122266018482464,0.6455688876468075
63963,rolamento_ball,rolamento_outer,False,0.4,0.04564315352697068,0.6581381397363,0.8287515387959685
53966,rolamento_inner,rolamento_inner,True,0.8,0.012448132780083387,1.5485808416567406,1.9762467629680631
105334,correia,correia,True,1.0,0.08713692946058124,0.7825738908719105,1.026248041741554
158939,desalinhado,rolamento_inner,False,0.4,0.12033195020747,1.587019561938639,1.9788238500293558
124295,ventoinha,cocked_rotor,False,0.4,0.06639004149377598,0.7856757577883036,1.0107405998829246
161268,desalinhado,desalinhado,True,0.6,0.6252374355154166,0.8240648319752351,0.898755334278231
31926,eccentric_rotor,eccentric_rotor,True,1.0,0.8425878704669552,0.9324167852806704,0.9805257042165368
103584,correia,correia,True,1.0,0.037220843672456205,0.67910479701259,0.8816517118840665
121405,desbalanceado,ventoinha,False,0.4,0.22821576763485504,0.6646783561488256,0.8738186178726316
176184,rolamento_inner,rolamento_inner,True,0.6,0.9067028863551494,1.059211943416971,1.2207273422839109
78868,rolamento_combination,rolamento_combination,True,1.0,0.018404907975460794,1.322736997077241,1.7698479760016754
10106,normal,normal,True,1.0,0.4795357860700949,0.532576962037461,0.5531358442513612
11980,desbalanceado,desbalanceado,True,1.0,0.012448132780083387,0.81286978109401,1.1650087516603391
114443,cocked_rotor,cocked_rotor,True,0.6,0.6912964936784406,0.7184345797274246,0.7493138503895141
93815,ventoinha,ventoinha,True,1.0,0.5773093623655321,0.7507768166629258,0.8329006901984529
175959,cocked_rotor,cocked_rotor,True,1.0,2.3697487326842364,2.4566355699707465,2.525948445060667
40207,cocked_rotor,cocked_rotor,True,0.6,0.06639004149377603,0.5884516884231656,0.7868521075917202
143319,rolamento_combination,desalinhado,False,0.6,0.6771329431960083,0.8018739478442107,0.8555939366411849
164312,rolamento_outer,rolamento_outer,True,1.0,3.0401010892334703,3.052153314497314,3.072730939563809
118723,desbalanceado,desbalanceado,True,0.6,0.0,0.5071393888179363,0.719698420779118
28283,eccentric_rotor,eccentric_rotor,True,0.8,0.06947890818858593,1.2695997674990245,1.6072456914609914
142327,rolamento_combination,rolamento_combination,True,0.8,0.7861193593370144,0.8944507357356521,0.9605119060163343
132174,rolamento_inner,rolamento_inner,True,1.0,0.012269938650308676,0.6611740159075977,0.8502317171382888
126397,polia,polia,True,1.0,0.706197785251854,0.854246804757987,1.037344542055483
85121,polia,ventoinha,False,0.4,0.1414392059553351,0.6394778168032029,0.827751046383067
122580,desbalanceado,desbalanceado,True,1.0,0.19018404907975392,0.5557196971674391,0.7086837675729414
99924,ventoinha,ventoinha,True,1.0,0.02074688796680535,0.48377986764795533,0.7813595864717978
57290,rolamento_inner,rolamento_inner,True,0.8,0.0,0.9604037721372561,1.2709198103576032
163601,eccentric_rotor,cocked_rotor,False,0.4,1.7771621827715245,1.841066193187464,1.86124111064384
142230,rolamento_combination,rolamento_combination,True,1.0,0.45476284454907634,0.705601674811398,0.8546043236454096
30436,eccentric_rotor,eccentric_rotor,True,0.8,0.25153374233128856,0.5902497662661457,0.7014181145555378
54057,rolamento_inner,rolamento_inner,True,1.0,0.22406639004149342,1.0482701128542709,1.3103056418694143
154781,normal,ventoinha,False,0.4,0.8600116036658979,0.948725406273906,1.0065385392173807
113106,cocked_rotor,cocked_rotor,True,0.8,0.0,0.39506038885989997,0.6086301616778457
169700,desbalanceado,normal,False,0.8,0.0,0.9272384998303828,1.2541068496589851
128290,polia,ventoinha,False,0.6,0.5676538782548811,0.6077868914247654,0.6710963606160425
53922,rolamento_inner,rolamento_inner,True,1.0,0.8768296237537121,0.9709363316210882,1.0352568731787954
85544,polia,polia,True,1.0,0.06639004149377598,0.7648325027509416,0.9789053078868903
156236,normal,normal,True,0.6,0.012448132780081984,0.6279000469725858,0.822411435498604
2560,normal,normal,True,1.0,1.400603029674068,1.569066943033706,1.6273607854130716
128664,polia,desalinhado,False,0.8,0.7301261434815565,0.7421008621541325,0.7507391341541473
100051,ventoinha,ventoinha,True,1.0,0.03319502074688874,0.7432265555890843,0.9480002878511387
144496,correia,correia,True,0.4,0.0797546012269933,1.029686444419127,1.3283096627262116
98331,ventoinha,ventoinha,True,1.0,0.09958506224066324,0.6861632555447573,0.8421418402314748
79280,rolamento_combination,rolamento_combination,True,1.0,0.07975460122699335,0.6530416640082226,0.8632118009715368
77280,rolamento_combination,rolamento_ball,False,0.4,0.1488833746898267,0.7443763967701795,1.021660084396196
32422,eccentric_rotor,eccentric_rotor,True,1.0,0.17177914110429526,0.6168690133559549,0.7542829328761289
75390,rolamento_combination,rolamento_combination,True,1.0,0.0,0.5376737744556892,0.863832294424698
70834,rolamento_combination,rolamento_combination,True,1.0,1.0233645701879721,1.1892839274233737,1.2916282380222666
70146,rolamento_inner,rolamento_inner,True,1.0,0.9659625930573601,1.0172609940945407,1.0901490384586388
58811,rolamento_inner,rolamento_inner,True,0.8,0.0,0.6821377910541748,0.9234642271006167
26959,eccentric_rotor,eccentric_rotor,True,1.0,0.0,0.602272030086122,0.8264089393356002
68008,rolamento_inner,rolamento_inner,True,0.4,0.5795744553175575,0.5956208614568034,0.6108618365295645
107796,correia,ventoinha,False,0.8,0.24481327800829877,0.9524823141328899,1.1837215673044001
114978,cocked_rotor,cocked_rotor,True,1.0,0.027295285359801358,0.4321710843051023,0.5939436201424854
128448,polia,ventoinha,False,0.4,0.1836228287841189,0.6153030007493456,0.7951433748472231
153945,desalinhado,desalinhado,True,0.8,0.8036089940271455,0.8360089849896113,0.8736754863405403
9802,normal,desbalanceado,False,0.8,0.829985480039172,0.8542202969958173,0.8679415414493671
98177,ventoinha,eccentric_rotor,False,0.4,0.6853688797151635,0.7404294703713881,0.8417906290154059
52644,rolamento_inner,rolamento_inner,True,0.6,0.03680981595092181,0.5999612740593373,0.8052325947851301
163148,rolamento_ball,ventoinha,False,0.4,0.7352210984241284,0.8111512674547029,0.9010286288437679
162763,rolamento_inner,rolamento_combination,False,0.4,1.6137216336172242,1.6908710880783484,1.7190061395668006
65978,rolamento_ball,rolamento_inner,False,0.6,1.0061795647775253,1.087062760440791,1.1636695583754522
111152,correia,correia,True,1.0,0.6718435932824225,0.7385756857655383,0.7622117804656549
40481,cocked_rotor,rolamento_outer,False,0.6,0.5145228215767643,0.6901832004333394,0.7559567162818107
179542,desbalanceado,desbalanceado,True,1.0,1.5671054822735522,1.7804400406105494,1.9294578995511509
113095,cocked_rotor,cocked_rotor,True,1.0,0.0,0.3297794662886703,0.5130038681528303
158552,desalinhado,ventoinha,False,0.6,0.008298755186721851,0.5076682610668054,0.7492725266467781
30578,eccentric_rotor,eccentric_rotor,True,1.0,0.5617600943202098,0.5887124453331557,0.6238359606227969
113580,cocked_rotor,correia,False,0.6,0.1288343558282215,0.41727259346334955,0.6349235467981198
179161,normal,normal,True,1.0,0.9071867331640503,0.9785757151654962,1.0730686847708764
72506,rolamento_combination,rolamento_combination,True,0.6,0.01240694789081817,0.5300235033847642,0.8028862615969108
66365,rolamento_ball,rolamento_combination,False,0.8,0.024896265560165443,0.5951105147802389,0.8262358389509918
57855,rolamento_inner,rolamento_inner,True,1.0,0.012448132780083498,0.9803164691676501,1.3886988708677743
149520,desalinhado,normal,False,0.8,0.7081902148087214,0.7397433962400615,0.7697905145255928
126466,polia,polia,True,1.0,0.2085889570552148,0.5512055903898457,0.7186251190414773
161299,desalinhado,eccentric_rotor,False,0.4,0.03067484662576736,0.7594253171770393,0.9449887367784762
93237,polia,polia,True,1.0,0.0,0.9183489603238646,1.2213758588958956
52000,rolamento_outer,rolamento_outer,True,1.0,0.16182572614107907,0.602476688472926,0.7638123532132237
39774,cocked_rotor,eccentric_rotor,False,1.0,0.7533791873348402,0.7577082342152122,0.7693117658208659
157358,normal,normal,True,1.0,0.012269938650306483,0.4251064715471361,0.5929274822450724
173763,eccentric_rotor,eccentric_rotor,True,0.6,2.497284429573033,2.7834771384329744,3.1224598816929396
134352,rolamento_outer,rolamento_outer,True,1.0,0.2269938650306756,0.46573220401263316,0.5559702078711857
173026,rolamento_outer,normal,False,0.4,1.5487315341720078,1.7978564152181278,1.9049158113631208
53964,rolamento_inner,rolamento_inner,True,0.6,0.6704841370908559,0.7897606548520215,0.9195482883509031
55788,rolamento_inner,rolamento_inner,True,1.0,0.8182922508963973,0.8470801778143541,0.8795089148853289
61317,rolamento_inner,rolamento_inner,True,0.6,0.9406035342641096,1.0279752592524,1.076975073653114
115309,cocked_rotor,cocked_rotor,True,1.0,0.5923524887449555,0.685290128673546,0.7563891325723251
6501,normal,eccentric_rotor,False,0.4,0.6430233337456525,0.6794368180064719,0.7275584708101261
94854,ventoinha,ventoinha,True,0.4,0.12655086848635194,0.6568376556188612,0.8681727285934183
83913,rolamento_ball,rolamento_ball,True,0.6,0.0967741935483873,0.8669146030918693,1.1222972015412704
140449,rolamento_ball,rolamento_ball,True,1.0,0.0,1.4790888715299324,2.14431742032286
161595,desalinhado,desalinhado,True,0.8,0.0,0.6885312878067599,0.9115690920262841
166098,cocked_rotor,cocked_rotor,True,1.0,1.8052653162165206,2.4556421884412996,2.6777209824936823
99781,ventoinha,eccentric_rotor,False,0.6,0.9837157965355408,1.1321841836511892,1.2320219584498862
6497,normal,eccentric_rotor,False,0.6,1.1347364656223191,1.2040124171562596,1.36979925291314
10998,desbalanceado,desbalanceado,True,0.8,0.7871543584903291,0.8431113485343058,0.9486221587671599
89903,polia,eccentric_rotor,False,0.6,0.09202453987729979,0.9835400366354936,1.3003728360643256
37067,cocked_rotor,eccentric_rotor,False,0.2,0.8380816421762537,0.9701675576354584,1.0345501974073172
123031,ventoinha,eccentric_rotor,False,0.6,0.0049627791563274445,0.9486739783053133,1.2283428863976165
159783,desalinhado,normal,False,0.4,0.3776983499554139,0.4739030601287211,0.5638462664824245
25957,eccentric_rotor,eccentric_rotor,True,0.6,0.0,0.5493333730915191,0.7031287918956712
115526,cocked_rotor,cocked_rotor,True,0.6,0.0645161290322585,0.6700966849449408,0.9115892470678536
68294,rolamento_inner,rolamento_ball,False,0.6,0.0719602977667492,0.5478224953243143,0.7035900947444665
122434,desbalanceado,desbalanceado,True,1.0,0.07975460122699327,0.45576242419233726,0.5635541726742943
127290,polia,polia,True,1.0,1.1156104925147443,1.195490516410515,1.273919746753504
101677,ventoinha,ventoinha,True,0.6,0.012406947890819031,0.6657279252069479,0.8872985818802096
95993,ventoinha,polia,False,0.6,0.3941908713692942,0.9868509755686908,1.2218033289200585
99158,ventoinha,ventoinha,True,1.0,0.3680981595092014,0.5143883176341845,0.5585914715937969
118394,eccentric_rotor,eccentric_rotor,True,0.6,1.1027577194251863,1.1433888114116635,1.209164598522883
129625,rolamento_inner,ventoinha,False,0.8,0.027295285359801358,0.5894753243638158,0.7780634465542169
174693,rolamento_combination,rolamento_combination,True,1.0,1.2432437565018004,1.4692110584195757,1.5774423234914456
46568,rolamento_outer,rolamento_outer,True,0.8,0.5639130532817613,0.6432235687799099,0.6910129195371716
179513,desbalanceado,desbalanceado,True,1.0,1.3600608752662744,1.6195996024399761,1.7541339668267228
49513,rolamento_outer,rolamento_outer,True,0.8,0.0,0.6038956288170422,0.8026218488814345
54463,rolamento_inner,rolamento_inner,True,0.6,1.6520459734551027,1.698009438365737,1.7593293813864792
25969,eccentric_rotor,eccentric_rotor,True,0.8,0.0,0.7815193449688691,1.0603285970862522
89507,polia,polia,True,1.0,0.5101459203805826,0.6434036870373021,0.7715650128890291
142197,rolamento_combination,rolamento_combination,True,0.6,0.7786015589368771,0.9431219434384367,1.0533873506690865
79692,rolamento_combination,rolamento_inner,False,0.6,0.1701244813278009,0.9698198815683046,1.4190733269342313
178290,desalinhado,desalinhado,True,1.0,1.4575200730095272,1.6558079075539696,1.7589879011693217
150318,normal,normal,True,0.4,0.00829875518672174,0.6696918014105346,0.9044143232841825
148893,desalinhado,desalinhado,True,0.8,0.26141078838174236,0.7013879757258861,0.8390141745520752
143259,rolamento_combination,rolamento_combination,True,1.0,0.0613496932515325,0.5357583451560721,0.7192035166538944
116522,eccentric_rotor,ventoinha,False,0.6,0.004962779156327424,0.9500176637696667,1.2243499626673604
181266,falta_fase,falta_fase,True,1.0,1.1751397440932427,1.411354766068968,1.4866153903619237
2082,normal,normal,True,1.0,0.9815945919542906,1.0381490799537931,1.2322339583549415
121089,desbalanceado,correia,False,0.4,0.04564315352697068,0.7142167426182603,1.0172884388241108
36630,cocked_rotor,rolamento_ball,False,0.4,1.1930036498801775,1.2579542690528513,1.3034921565323232
165563,normal,normal,True,1.0,0.012269938650306234,1.548609831689774,2.014055832257532
9850,normal,normal,True,0.8,0.0,0.8312502357914934,1.129035825121793
170943,cocked_rotor,cocked_rotor,True,1.0,1.4117249898858113,1.5547726491450917,1.6220317253659429
166079,cocked_rotor,cocked_rotor,True,1.0,1.4884473211413531,1.9021690463066558,2.0549024641622005
164771,rolamento_combination,rolamento_combination,True,1.0,0.024813895781638118,17.30575974782621,24.576056179487164
74549,rolamento_combination,rolamento_combination,True,1.0,0.0920245398772998,0.6901642868526257,0.8732526339170715
51605,rolamento_outer,desbalanceado,False,0.4,1.081647443089486,1.190460078863262,1.3030763130087855
63913,rolamento_ball,rolamento_ball,True,0.4,0.7711240968848506,0.9537903803449691,1.018245031993317
121712,desbalanceado,desbalanceado,True,0.4,0.3112033195020747,0.8737533964454535,1.166961365101054
64275,rolamento_ball,rolamento_inner,False,0.4,0.43153526970954326,0.578087690358972,0.6977292961602369
72672,rolamento_combination,rolamento_combination,True,1.0,0.6305518179116972,0.7019994506639501,0.7569898271428313
114643,cocked_rotor,desbalanceado,False,0.4,0.024813895781638083,0.44680944534360945,0.6037301587223317
99637,ventoinha,ventoinha,True,0.8,0.8302296018712656,0.9084324075428631,1.0243455848171832
78202,rolamento_combination,rolamento_combination,True,0.8,0.6511626571727256,0.8114696345116258,0.8615116787536611
125559,ventoinha,ventoinha,True,1.0,0.01840490797546085,0.6171868681154132,0.8305276650958298
29126,eccentric_rotor,eccentric_rotor,True,1.0,0.18257261410788436,0.6544654243676912,0.8512752497446018
72388,rolamento_combination,rolamento_combination,True,0.6,0.0,0.5505357958725237,0.8400348625482744
168984,rolamento_ball,rolamento_ball,True,1.0,0.0,1.396118171037448,1.811198160929225
150356,normal,polia,False,0.8,0.9486892003841642,1.003895246232542,1.0314089383002105
36804,cocked_rotor,cocked_rotor,True,0.8,0.8395156565589089,0.9573167567633962,1.0332975142012948
60614,rolamento_inner,rolamento_inner,True,0.6,0.3112033195020747,0.7307453991511049,0.8623335800118076
104049,correia,correia,True,1.0,0.032258064516128795,0.483720599130195,0.610068285179589
100001,ventoinha,ventoinha,True,1.0,0.6872402046927601,0.7906522628416702,0.8732392998376237
31067,eccentric_rotor,eccentric_rotor,True,0.6,0.02074688796680535,0.6863425875721173,0.9072301572176282
100719,ventoinha,ventoinha,True,1.0,0.0,0.40266847386946675,0.5768446772432096
156565,normal,normal,True,1.0,0.5780641456992881,0.6147317216546984,0.6297099880632114
103516,correia,correia,True,1.0,0.6666445236431872,0.6962310385412936,0.7148390950908633
100493,ventoinha,ventoinha,True,1.0,1.0796018586682425,1.391527484590754,1.5045562743812337
4347,desbalanceado,desbalanceado,True,1.0,0.1472392638036797,1.2315706503348203,1.5520652578718417
34444,cocked_rotor,correia,False,0.6,0.28834355828220803,0.8508386825817503,1.0537780808262345
155242,normal,normal,True,0.6,0.019851116625310694,0.4755109094099037,0.605826883930682
113270,cocked_rotor,cocked_rotor,True,0.6,0.0,0.3626865325981424,0.620898912726902
77768,rolamento_combination,rolamento_combination,True,1.0,0.19502074688796783,1.1398270578535779,1.4575269013896635
145714,correia,correia,True,0.8,0.15352697095435727,0.7581752312951195,0.9583850611131931
9677,normal,normal,True,0.6,0.7961798523106263,1.0073046109119137,1.0885273502759314
132782,rolamento_outer,rolamento_outer,True,0.4,0.052109181141438476,0.8288898529600701,1.1120456190844887
47014,rolamento_outer,rolamento_outer,True,0.8,0.5737147493963013,0.686303466587858,0.743386757280878
30340,eccentric_rotor,eccentric_rotor,True,1.0,0.3865030674846622,0.5261368639738848,0.6277360153702684
153089,normal,normal,True,0.6,0.11042944785276065,0.7900408701487567,0.9946750958219907
156658,normal,normal,True,1.0,0.030674846625767326,0.6468141891025555,0.887661032624865
95189,ventoinha,ventoinha,True,0.6,0.007444168734490719,0.5837342736312058,0.7580690040256893
84361,rolamento_ball,rolamento_ball,True,1.0,0.004962779156328312,0.545045548949215,0.7322948716836539
84325,rolamento_ball,rolamento_ball,True,1.0,0.024813895781637202,0.655749575874311,0.8305334017046331
92340,polia,normal,False,0.4,0.0,0.5110377296524574,0.7027532411324975
149962,desalinhado,cocked_rotor,False,0.6,0.03067484662576725,1.0348600592744586,1.4404822401026725
115422,cocked_rotor,cocked_rotor,True,0.6,0.0,0.5910942356485578,0.8096045913163059
79265,rolamento_combination,rolamento_combination,True,1.0,0.012269938650306567,1.2907062732521948,1.654828361962716
47804,rolamento_outer,rolamento_outer,True,0.8,0.5910081249455928,0.6376931393534474,0.6712202078178325
6653,normal,normal,True,0.8,0.012448132780083498,0.520957555289756,0.7198891866105528
36584,cocked_rotor,rolamento_outer,False,0.8,1.5420007368140085,1.6633301000109708,1.7496261167323985
32044,eccentric_rotor,eccentric_rotor,True,1.0,0.9792117588625662,1.0308895002335532,1.1090301987029532
37372,cocked_rotor,desbalanceado,False,0.6,0.0,0.849619512196359,1.0956397890603686
24716,eccentric_rotor,eccentric_rotor,True,1.0,0.6246228283146954,0.9772925434726514,1.235344716734549
62429,rolamento_ball,rolamento_inner,False,0.6,0.012269938650306456,0.5740975873563425,0.84949384181354
108822,correia,cocked_rotor,False,0.6,0.04907975460122599,0.7394015655448704,0.9683578271713283
6867,normal,eccentric_rotor,False,0.8,0.867069365549174,0.9490087878956839,1.0228190155091768
107996,correia,correia,True,1.0,0.8022403837356685,0.8265460539404025,0.8702308460286291
6784,normal,normal,True,0.6,0.0,0.6549066051579844,0.9338243781595608
11633,desbalanceado,rolamento_outer,False,0.6,0.9158429117562911,0.9569436041602069,1.0082676254558727
23105,eccentric_rotor,eccentric_rotor,True,0.4,0.82081841901303,0.8675006656233639,0.9162284584173199
138794,rolamento_outer,rolamento_outer,True,0.4,0.7917590298447438,0.9354559161025238,1.0631709524419195
7338,normal,normal,True,1.0,0.1662531017369724,0.5750373469029669,0.7783437328659053
110687,correia,eccentric_rotor,False,0.6,0.06134969325153465,1.2040944622587275,1.6205701159169992
178160,desalinhado,desalinhado,True,1.0,1.525530113351851,1.718256663054807,1.8017910362954266
170660,rolamento_combination,rolamento_combination,True,1.0,2.644229933252088,3.7568930998098837,4.87139208534757
112351,cocked_rotor,desalinhado,False,0.4,0.9734347621851094,1.0307953124755644,1.0542525073607036
39902,cocked_rotor,cocked_rotor,True,0.4,0.11618257261410836,0.6943082497639674,0.8728046389196447
3593,normal,normal,True,1.0,1.1643663028229592,1.3438552220542497,1.4608259674943802
151363,normal,normal,True,0.4,0.6286593658469531,0.7295915402647261,0.794968892066981
148283,desalinhado,desalinhado,True,0.8,0.024896265560165443,1.073076256675504,1.3690213137486735
47104,rolamento_outer,rolamento_combination,False,0.4,0.0,0.6136107443824349,0.815086404329587
173770,eccentric_rotor,eccentric_rotor,True,1.0,1.4652041431904694,1.7439631665591993,1.9067502833387986
125878,ventoinha,ventoinha,True,1.0,0.067484662576689,0.46974852880525414,0.6197484027235796
149868,desalinhado,normal,False,0.8,0.5272227776485161,0.6423111517191232,0.6788956961395596
45021,rolamento_outer,cocked_rotor,False,0.6,0.5297317942016803,0.7100420716837683,0.8315164113935314
57083,rolamento_inner,rolamento_inner,True,0.6,0.024813895781638173,1.1598685962399418,1.619115651048843
151433,normal,normal,True,0.4,0.67635179413368,0.7069044754006526,0.7437204853190926
81484,rolamento_ball,rolamento_combination,False,0.4,0.0,0.7025857043597101,0.9938668859142356
2898,normal,normal,True,1.0,0.9574271387146812,1.0102749557068054,1.0297894513423598
141306,rolamento_combination,rolamento_inner,False,0.6,0.1712158808933007,0.7179187232418685,1.1121103513075143
124501,ventoinha,cocked_rotor,False,0.8,0.14107883817427375,0.4555108331054103,0.5928050015697225
39406,cocked_rotor,correia,False,0.6,0.042944785276073816,0.5959607984209205,0.7363565018124137
143490,rolamento_combination,normal,False,0.8,1.3196717504104107,1.4017663196893524,1.4862833738150147
176760,normal,normal,True,0.8,0.8113543748156585,1.0857539216465908,1.2214681777632423
4715,desbalanceado,desbalanceado,True,1.0,0.0,0.630899637028165,0.9296600451101469
111676,cocked_rotor,cocked_rotor,True,0.8,0.20858895705521685,0.6675612305432089,0.8869653175199881
149397,desalinhado,desalinhado,True,0.8,0.28834355828220815,0.8801953990908146,1.0802847090885004
31606,eccentric_rotor,cocked_rotor,False,0.8,0.024896265560166886,0.5680084675619315,0.7201854450825126
79887,rolamento_combination,rolamento_combination,True,1.0,0.30290456431535284,0.607079274264797,0.733381463022409
86227,polia,polia,True,1.0,0.0,0.6215424008245307,0.9339595088289572
10707,desbalanceado,desbalanceado,True,1.0,1.2935945378992486,1.6907568854319373,1.867874446796561
32074,eccentric_rotor,eccentric_rotor,True,1.0,0.01840490797546085,0.5146076902151233,0.7353537439936237
36241,cocked_rotor,desbalanceado,False,0.4,0.047146401985111136,0.46150369975776095,0.599821127823253
9223,normal,normal,True,0.6,0.9344359120924731,1.0138627042599624,1.119475577893367
2615,normal,normal,True,0.8,0.024813895781638062,1.1503023452014856,1.6777128023218242
115454,cocked_rotor,cocked_rotor,True,0.4,0.6709606822388504,0.7293351712915775,0.7682333060347564
87483,polia,polia,True,1.0,1.1018585236867533,1.269164354010727,1.327453311518716
4034,normal,normal,True,1.0,0.03067484662576514,0.9800998374503826,1.2224807104645692
68885,rolamento_inner,rolamento_inner,True,0.4,0.7566943133243186,0.928245855660113,1.015592125957485
117088,eccentric_rotor,ventoinha,False,0.4,0.8107169789565998,0.8171579429201985,0.8225523746257278
100812,ventoinha,ventoinha,True,1.0,0.11042944785276061,0.7687193805113848,1.0133349740534452
123424,ventoinha,eccentric_rotor,False,0.4,0.012406947890819031,0.6066031067216633,0.8453647421013215
159760,desalinhado,desalinhado,True,0.8,0.03067484662576514,0.5197637390643344,0.6635496618733512
169282,desbalanceado,desbalanceado,True,1.0,0.0,1.4313715499034458,1.9563791691892918
76615,rolamento_combination,ventoinha,False,0.4,0.03722084367245637,1.0449818277049414,1.4172612048593958
44709,rolamento_outer,rolamento_outer,True,0.8,0.0,0.5549182989566834,0.739356409459681
48050,rolamento_outer,rolamento_outer,True,1.0,0.6168672945322378,0.6550115467509355,0.7208693068325366
158601,desalinhado,desalinhado,True,1.0,0.0,0.7676714681475083,1.019430906068297
171241,ventoinha,ventoinha,True,0.6,0.6979697821309913,0.9260600427709857,1.117632034520007
64892,rolamento_ball,rolamento_inner,False,0.6,0.5360477212877524,0.6705956701651699,0.8355235830562996
41956,cocked_rotor,cocked_rotor,True,0.6,0.0,0.484580569838626,0.6355380187610938
62925,rolamento_ball,rolamento_ball,True,0.4,0.02729528535980119,0.8238000894654796,1.1706811531080836
42428,cocked_rotor,rolamento_combination,False,0.6,0.0746887966804978,0.6122817903163483,0.8239843456479636
105249,correia,correia,True,0.6,0.7899753553754799,0.8134248939232386,0.8330138628275072
91269,polia,polia,True,1.0,0.03067484662576736,0.4613828044001087,0.5947006736582539
101933,ventoinha,ventoinha,True,1.0,0.8728044554779845,1.1869890385216384,1.3512817911552548
6445,normal,desbalanceado,False,0.4,0.6277166123838153,0.7173337131480275,0.8165827847770692
28881,eccentric_rotor,eccentric_rotor,True,1.0,0.2614107883817423,0.5919286196662682,0.7199123452665852
66214,rolamento_ball,rolamento_outer,False,0.6,0.7261543036217076,0.7597137178119269,0.7902878306767213
39174,cocked_rotor,cocked_rotor,True,1.0,0.4339123257571085,0.5383445943970351,0.6008033102632079
2535,normal,normal,True,1.0,0.9483582336800458,1.3394232890413125,1.5354883297206077
43232,rolamento_outer,rolamento_outer,True,0.6,0.13278008298755198,0.4955455905360767,0.6355380187610938
135259,rolamento_ball,rolamento_ball,True,0.6,0.01985111662531064,1.2124551430450368,1.6490615603951846
155558,normal,rolamento_outer,False,0.4,0.03319502074688874,0.6081423648845637,0.9031416200021346
32252,eccentric_rotor,eccentric_rotor,True,0.8,0.9892865242699262,1.045450952316991,1.0866409740442284
87534,polia,polia,True,1.0,0.0,0.8855627237757439,1.1384357878294051
22898,eccentric_rotor,eccentric_rotor,True,0.6,0.14888337468982674,0.682141714705606,0.8678256798406387
156757,normal,normal,True,1.0,0.39877300613497085,0.6926545406550655,0.7896310910801313
93242,polia,polia,True,1.0,0.7759736360235465,0.8284404340704855,0.8508802068637694
147736,desalinhado,desalinhado,True,0.6,0.8021481567779565,0.8998711551698501,0.9860500723924356
155569,normal,rolamento_combination,False,0.8,0.6251017659665293,0.7283002261347115,0.783804150855551
102367,ventoinha,ventoinha,True,1.0,0.0,0.47377314495094114,0.6179021741457585
160483,desalinhado,desalinhado,True,0.4,0.2085889570552148,0.43268755805975295,0.501828716660177
82673,rolamento_ball,rolamento_ball,True,1.0,0.04907975460122818,0.5246685616955847,0.7402353838038049
120847,desbalanceado,normal,False,0.8,0.8455350756391743,0.921618561135275,1.102319797531676
59228,rolamento_inner,rolamento_inner,True,1.0,0.03067484662576736,0.6799564254540601,0.8575263505692844
62504,rolamento_ball,rolamento_ball,True,0.4,0.17177914110429526,0.7438343991264713,0.9115053549390556
88236,polia,rolamento_ball,False,0.4,0.014888337468983208,0.48150368017986056,0.6668389351503475
35169,cocked_rotor,cocked_rotor,True,0.4,0.8396975242953929,0.9898661428047457,1.0569092482168623
157950,desalinhado,ventoinha,False,0.6,1.0344741337622012,1.2300691995249045,1.349280705297519
79252,rolamento_combination,rolamento_combination,True,1.0,0.3374233128834341,0.8338447255858246,0.9976592655058752
30727,eccentric_rotor,cocked_rotor,False,0.4,0.8393849219092403,0.9551144469148707,1.0217546807547442
38100,cocked_rotor,cocked_rotor,True,1.0,0.6075691267276314,0.6334793178695114,0.6665542372492322
11911,desbalanceado,eccentric_rotor,False,0.6,0.04564315352697068,0.5603157415444248,0.7606834614781911
90853,polia,polia,True,1.0,0.9401694249513066,1.0035033150745536,1.0459821220000705
143453,rolamento_combination,rolamento_combination,True,0.8,0.7076859876141661,0.7936696502778712,0.9459167226164245
120270,desbalanceado,desbalanceado,True,1.0,0.12903225806451601,0.7128975844000289,0.9730727549643629
54084,rolamento_inner,rolamento_inner,True,1.0,1.403332897416138,1.4525522438879999,1.5286119843208599
78191,rolamento_combination,rolamento_combination,True,0.8,0.03319502074688874,0.7240900398371295,0.9760122888150354
42693,rolamento_outer,rolamento_outer,True,1.0,0.04564315352697071,0.6819006912560255,0.8924181771089774
109451,correia,correia,True,0.8,0.14110429447852793,0.5428548524501045,0.674677887848699
157169,normal,normal,True,0.6,0.0,0.42138110607428586,0.5478345047309026
140399,rolamento_ball,rolamento_ball,True,1.0,1.1072081046353222,1.242792491247929,1.311558638814013
41322,cocked_rotor,cocked_rotor,True,0.4,0.0,0.7115203442903899,0.9014087865310947
173756,eccentric_rotor,eccentric_rotor,True,0.6,1.3012411512414401,1.6132159590709243,1.7311803071447385
36884,cocked_rotor,desbalanceado,False,0.6,0.20843672456575701,1.5909037633730183,2.1712139716884837
129923,rolamento_inner,rolamento_inner,True,0.6,0.0,0.8521117976622807,1.1110377039717338
50513,rolamento_outer,rolamento_outer,True,0.4,0.024813895781637174,0.6512572150883712,0.8425301450334763
47729,rolamento_outer,rolamento_outer,True,1.0,0.0,0.576394654168923,0.808207331369033
121005,desbalanceado,ventoinha,False,0.4,0.02074688796680524,0.6302970134561142,0.8082371477921453
58329,rolamento_inner,rolamento_inner,True,0.6,0.927158534391905,1.055592116896757,1.1563601437560083
120366,desbalanceado,correia,False,0.6,0.6298689842832891,0.7821048498022097,0.8817999139627701
132677,rolamento_outer,normal,False,0.4,0.19851116625310206,0.7596002521251346,1.019525150321857
35637,cocked_rotor,cocked_rotor,True,0.4,0.12903225806451613,0.5661272175838612,0.7159584595966368
119434,desbalanceado,desbalanceado,True,0.4,0.03970223325062042,0.5148631517073793,0.6407014943040403
115848,eccentric_rotor,ventoinha,False,0.2,1.1210273956193557,1.3623737026064116,1.4996429475461999
9415,normal,normal,True,0.6,0.7972530977211558,0.9426765993329337,1.0141614184895924
170258,rolamento_inner,rolamento_inner,True,1.0,1.449189836465258,1.8755771820144385,2.2282424143088324
163975,normal,normal,True,1.0,0.02074688796680524,3.758782686579154,5.307848048740622
58322,rolamento_inner,rolamento_inner,True,1.0,0.7611486441062858,0.980470597485882,1.0504549899281699
105868,correia,correia,True,1.0,0.1538461538461542,0.6967322133978314,0.8824622234811933
24387,eccentric_rotor,eccentric_rotor,True,0.8,0.41717791411042954,0.9033903442516713,1.0475041247677774
153840,desalinhado,desalinhado,True,0.8,0.5536721773207379,0.633336420516368,0.7117111809977972
55874,rolamento_inner,rolamento_inner,True,1.0,0.018404907975460905,0.6058515050152036,0.8137300461338209
102580,correia,correia,True,1.0,0.09815950920245409,0.749362710351029,0.9638009982512343
86824,polia,polia,True,1.0,0.3319502074688798,0.8394036514402284,1.022130235753266
169840,normal,normal,True,1.0,1.6792411781258392,1.871510213635356,2.114670814920473
27807,eccentric_rotor,cocked_rotor,False,0.4,0.004962779156327368,0.8804437910549943,1.109122819011765
59777,rolamento_inner,rolamento_inner,True,0.8,0.7361427882019178,0.9043821582253925,0.958886192092367
35016,cocked_rotor,cocked_rotor,True,0.8,0.2697095435684656,0.6513887305166037,0.8291755799241141
121409,desbalanceado,ventoinha,False,1.0,0.8062165752222759,0.8643569014862458,0.9112812244794909
179633,desbalanceado,desbalanceado,True,1.0,0.6000946950521742,0.716396058897464,0.7893740591541448
27521,eccentric_rotor,ventoinha,False,1.0,0.9582948943917742,0.9738545873656674,1.0161962857627862
158893,desalinhado,desalinhado,True,0.8,0.020746887966805294,0.6158086219022387,0.8097401794363484
160601,desalinhado,desalinhado,True,0.4,0.0,0.5180065444010893,0.6657821551420312
32358,eccentric_rotor,eccentric_rotor,True,1.0,0.1779141104294496,0.5752879126804161,0.715474899300485
153924,desalinhado,desalinhado,True,0.8,0.09925558312655058,0.6258388029208826,0.8605714216468496
149056,desalinhado,desalinhado,True,0.6,0.06639004149377603,0.583226631482538,0.7821810983079885
134385,rolamento_outer,rolamento_outer,True,1.0,0.5019102176640278,0.523530328050221,0.5549821895831943
41094,cocked_rotor,cocked_rotor,True,0.6,0.6757932825435354,0.7323664512387897,0.7965752145063241
162873,rolamento_inner,rolamento_combination,False,0.6,0.04907975460122593,0.6112468196216482,0.901477283420763
56696,rolamento_inner,rolamento_inner,True,0.6,0.007444168734491496,0.9463387652675268,1.3809258821868104
159361,desalinhado,ventoinha,False,0.6,0.020746887966805294,0.8126398513321444,1.0916236288822123
123887,ventoinha,rolamento_inner,False,0.4,0.649792802598293,0.7118259953577895,0.7604618837069936
74079,rolamento_combination,rolamento_combination,True,0.6,1.2362225421929842,1.2740812561409434,1.306141289911536
58181,rolamento_inner,rolamento_inner,True,0.8,0.0,0.7505558724397002,0.9703232776772003
146536,correia,correia,True,1.0,0.014888337468982327,0.5582630478698312,0.7370862442762338
4150,normal,normal,True,1.0,0.04907975460122582,1.0944922671246375,1.5202055956531086
36242,cocked_rotor,polia,False,0.4,0.5741387898921164,0.6682625755242373,0.760118009750029
71231,rolamento_combination,rolamento_combination,True,1.0,0.15337423312883458,1.4794692595402377,1.8706409300354585
113975,cocked_rotor,cocked_rotor,True,0.6,0.05394190871369409,0.575007776854652,0.7553145380677686
110463,correia,correia,True,1.0,0.8426524694963665,0.926122793950187,0.9835009530346162
95723,ventoinha,polia,False,0.4,1.0478811291251264,1.1129680053316693,1.1339666747724315
52014,rolamento_outer,rolamento_outer,True,1.0,0.0,0.592311928902742,0.7830824507688026
29477,eccentric_rotor,eccentric_rotor,True,0.8,0.5941312355167607,0.645226302872322,0.695803912490031
34393,cocked_rotor,cocked_rotor,True,1.0,0.3803680981595079,0.696571269751962,0.838743152983697
163159,rolamento_ball,rolamento_inner,False,0.4,0.04466501240694784,0.5948606135103163,0.8029967214729666
103161,correia,correia,True,1.0,0.1901840490797539,0.5620171934669279,0.6980006826878733
83028,rolamento_ball,rolamento_ball,True,1.0,0.0,0.5102661976631461,0.6641877123917281
156256,normal,polia,False,0.8,0.0207468879668038,0.6399188526353703,0.90076074390907
53684,rolamento_inner,rolamento_inner,True,1.0,0.27385892116182564,1.0110393408656992,1.3191872321069236
124296,ventoinha,correia,False,0.4,0.6396701743690029,0.6512854870745793,0.6594881625294918
54382,rolamento_inner,rolamento_inner,True,1.0,1.001407865835772,1.0905977052550526,1.2061414567537037
57644,rolamento_inner,rolamento_inner,True,1.0,0.03319502074688874,1.0137860343094653,1.4623465165401657
25682,eccentric_rotor,eccentric_rotor,True,1.0,0.4907975460122707,0.6755263417349798,0.7848908905434692
65392,rolamento_ball,rolamento_ball,True,0.8,0.012269938650306456,0.7253214215500315,0.918765864887657
163216,rolamento_ball,rolamento_ball,True,1.0,0.0,0.9138113505251585,1.2026526465128444
84123,rolamento_ball,polia,False,0.4,1.4562416980926696,1.4819513342521156,1.508107598791408
63713,rolamento_ball,desbalanceado,False,0.4,0.10788381742738506,0.5303537857616004,0.8395737215849837
111701,cocked_rotor,cocked_rotor,True,0.4,0.09815950920245409,0.6274874800503742,0.7701324789639823
143749,rolamento_combination,rolamento_combination,True,1.0,0.018404907975458684,0.48089024748467574,0.665208826614587
156344,normal,polia,False,0.8,1.3262081956031142,1.4234771475282333,1.585332565200436
146833,correia,correia,True,0.6,0.7554846109552323,0.7873370058752114,0.8207882026400608
123247,ventoinha,normal,False,0.6,1.0913162248273096,1.1443752520118007,1.2251730570188983
35449,cocked_rotor,cocked_rotor,True,0.4,0.09543568464730162,0.7653517183215481,1.0135462416244485
174644,rolamento_ball,rolamento_ball,True,1.0,0.952709596877934,1.4999308614794653,2.083310824088216
63258,rolamento_ball,rolamento_ball,True,0.4,0.019851116625309695,0.6826357913715773,0.8930258550563075
166766,rolamento_outer,rolamento_outer,True,1.0,0.4969325153374228,2.1078204531594684,2.658733717993638
91209,polia,polia,True,1.0,0.6012269938650313,0.6679633995478031,0.6973640397511891
131525,rolamento_inner,rolamento_inner,True,1.0,0.99211054648991,1.2611491967386521,1.431359461313905
7797,desbalanceado,desbalanceado,True,0.6,1.0947524990890343,1.173670268497014,1.292994542376728
35723,cocked_rotor,rolamento_inner,False,0.4,0.007444168734491607,0.6287685742822438,0.9656816458670471
59839,rolamento_inner,rolamento_inner,True,1.0,0.01985111662530975,0.7086849113468978,0.9021198383553616
46344,rolamento_outer,rolamento_outer,True,0.6,0.03970223325062028,0.6686206460969789,0.8798416620668565
11948,desbalanceado,normal,False,0.6,0.0,0.5061716966707269,0.752576921650523
133008,rolamento_outer,rolamento_ball,False,0.6,0.9413926340523827,1.017732103299512,1.13362952494621
68561,rolamento_inner,rolamento_inner,True,0.6,0.7754601499272419,0.822903988425551,0.8753612213829672
4241,normal,normal,True,1.0,0.03680981595091937,0.5620572165252432,0.8162083818531465
101987,ventoinha,ventoinha,True,0.4,0.0,0.6172762381672968,0.8003365434198592
151741,normal,normal,True,0.6,0.007444168734491552,0.4673232939042224,0.5838971682018079
43100,rolamento_outer,normal,False,0.6,0.012448132780083457,0.7525715442904295,0.9588858002202177
7209,normal,normal,True,0.8,0.0,0.6377510977258215,0.9476944005505236
103675,correia,correia,True,1.0,0.012406947890819031,0.6148818370548541,0.8113022602028045
68186,rolamento_inner,rolamento_inner,True,0.8,1.1903484111144156,1.2576132834895115,1.2935932256226568
113454,cocked_rotor,cocked_rotor,True,1.0,0.067484662576689,0.3811143680349566,0.6253999706428758
172674,normal,normal,True,0.8,0.9682278722081813,1.138629676549169,1.2192935622980954
62292,rolamento_ball,rolamento_outer,False,0.6,0.0,0.5661883079631813,0.815100781586983
144705,correia,cocked_rotor,False,0.6,0.0,0.7645904021609287,1.199699432289789
109836,correia,correia,True,1.0,0.5312681753448499,0.5734285170060135,0.6088097882749466
56746,rolamento_inner,rolamento_inner,True,1.0,0.11414392059553302,0.9279165459396879,1.2174898412888469
178890,rolamento_outer,rolamento_outer,True,1.0,0.7796276734188838,0.8438139203029419,0.8951427954079882
119816,desbalanceado,eccentric_rotor,False,0.4,0.6252782316286954,0.6950540161112336,0.7437696562647769
95969,ventoinha,eccentric_rotor,False,0.6,1.0475924777502736,1.1922881927867013,1.290775867680081
32326,eccentric_rotor,eccentric_rotor,True,1.0,0.6402594190881626,0.8187890478087965,0.8979514844158742
97894,ventoinha,ventoinha,True,0.6,0.10788381742738654,0.6698889471575051,0.8269650344604752
121980,desbalanceado,desbalanceado,True,1.0,0.6750271992827883,0.722887288035287,0.8120976959392836
181357,falta_fase,falta_fase,True,1.0,1.0396506989919152,1.3658570220747102,1.571116913251203
125731,ventoinha,ventoinha,True,1.0,0.0,0.37897466249595435,0.5044771527170107
81884,rolamento_ball,rolamento_ball,True,0.6,0.05394190871369399,0.5756681708884411,0.7557401578158464
147493,desalinhado,desalinhado,True,0.6,0.05210918114143856,0.45956566515980785,0.6690789485312176
22615,eccentric_rotor,eccentric_rotor,True,0.6,0.024896265560165443,0.8890375125797337,1.2432442603820593
79886,rolamento_combination,rolamento_ball,False,0.6,0.6346280212171068,0.714584439159454,0.8486329663894571
90236,polia,polia,True,1.0,0.5371587338438059,0.6879398955661967,0.7424691468642225
167849,normal,normal,True,0.6,2.0947268204259695,2.7810636988706263,3.1555380025449846
164207,rolamento_outer,rolamento_outer,True,0.6,1.3417623568567911,1.4590009536221318,1.6256138825769029
157415,normal,desalinhado,False,1.0,0.4531890540693005,0.5919854872248324,0.6363111470230174
50808,rolamento_outer,rolamento_inner,False,0.8,0.5519787624821776,0.6982255128997392,0.784626094957699
161644,desalinhado,rolamento_inner,False,0.4,0.012406947890819038,1.1525257889002822,1.5370658573632012
57387,rolamento_inner,rolamento_inner,True,0.8,1.4358113925984801,1.4858423071298825,1.5516087977818165
95696,ventoinha,ventoinha,True,0.6,0.22821576763485518,0.7117331788319274,0.9091171454869102
70695,rolamento_combination,rolamento_combination,True,1.0,0.0,3.1368406786530727,4.572025661025429
120916,desbalanceado,desbalanceado,True,1.0,0.6605660561465837,0.7292812056409227,0.833805327120784
172382,cocked_rotor,normal,False,0.6,1.2090700331826627,1.333547066505679,1.3948839093943648
118636,desbalanceado,normal,False,1.0,0.8394663662858646,0.8891794903014203,0.9640566464688662
8125,desbalanceado,desbalanceado,True,1.0,1.2457172036825666,1.3064217067548582,1.362449098563366
147571,desalinhado,ventoinha,False,0.6,0.6510107522869627,0.7312016435881092,0.8006221379807885
135041,rolamento_outer,rolamento_outer,True,1.0,0.4417177914110425,0.5701755017106916,0.6520110469363458
99784,ventoinha,ventoinha,True,0.8,1.078249171676364,1.181376485074238,1.2999858787136975
43956,rolamento_outer,rolamento_outer,True,0.6,0.5582822085889575,0.6899700477748247,0.7714180526549101
4835,desbalanceado,desbalanceado,True,1.0,0.9704398774738426,1.1340909550185265,1.211418356186567
8999,normal,eccentric_rotor,False,0.6,0.11618257261410836,0.5141916732044909,0.6911281040806349
32487,eccentric_rotor,eccentric_rotor,True,0.6,0.09815950920245411,0.7643635410665615,0.9371319058083736
37746,cocked_rotor,cocked_rotor,True,0.6,0.9827432736543195,1.023342915654791,1.0612099387177922
125052,ventoinha,ventoinha,True,1.0,0.6192151073770898,0.7222076202307768,0.7812524478493258
40205,cocked_rotor,cocked_rotor,True,0.4,0.8206101792675713,0.8916453591486746,1.0044876334873067
175914,cocked_rotor,cocked_rotor,True,1.0,1.4444144729331327,1.6876765173046615,1.856537567737959
55244,rolamento_inner,rolamento_outer,False,0.4,0.019851116625309806,0.6238841637130095,0.781887398140497
153198,desalinhado,desalinhado,True,0.6,0.0,0.6264062653213038,0.8685801632712219
47879,rolamento_outer,rolamento_outer,True,1.0,0.1595092024539888,0.8301724701205577,1.126549633263276
38116,cocked_rotor,eccentric_rotor,False,0.4,0.6355502827992625,0.7265787550448586,0.8277196848922921
72995,rolamento_combination,rolamento_combination,True,1.0,0.03067484662576736,0.8197854523771815,1.0834437923317342
108338,correia,cocked_rotor,False,0.8,0.020746887966803795,0.7452674614783672,1.0530332715364703
22821,eccentric_rotor,eccentric_rotor,True,0.6,0.7363690266782155,0.7806726091503081,0.8084278217802603
171366,rolamento_outer,rolamento_outer,True,0.8,1.3172691202541396,1.4826292693461205,1.5972014287066614
108213,correia,correia,True,1.0,1.1011392461640492,1.27909771426895,1.4141732072242303
149403,desalinhado,desalinhado,True,0.6,0.018404907975460905,0.4676594304022593,0.6076798410783263
54214,rolamento_inner,rolamento_inner,True,1.0,0.8703420629505864,0.9102143584446502,0.9549546837419423
32306,eccentric_rotor,eccentric_rotor,True,1.0,0.6251698311713652,0.6542408368000617,0.6806935374665306
141421,rolamento_combination,rolamento_combination,True,0.6,0.0,0.7288054137559483,0.9546553986610592
151639,normal,ventoinha,False,0.4,0.014888337468982327,0.6012624098660085,0.7518021499090973
141256,rolamento_combination,rolamento_combination,True,0.4,0.019851116625309806,1.1309351150692417,1.4563883982212569
106289,correia,correia,True,1.0,0.6816630903167671,0.7207552584950526,0.7398302155090977
77553,rolamento_combination,rolamento_combination,True,0.4,0.0,0.8200173569005406,1.0728674833653187
40457,cocked_rotor,cocked_rotor,True,0.8,0.6635771079987391,0.6835957767920139,0.7010198831820844
39056,cocked_rotor,cocked_rotor,True,1.0,0.0,0.4172988182336896,0.6008878537326412
52773,rolamento_inner,rolamento_inner,True,1.0,0.8407931420093675,0.9340935553661739,0.9776490488911355
170826,eccentric_rotor,eccentric_rotor,True,1.0,1.6399968648775352,1.7546483649104316,1.8078639279577076
61286,rolamento_inner,rolamento_inner,True,0.6,0.08713692946057977,0.6666034129144078,0.9141374117144672
42310,cocked_rotor,cocked_rotor,True,0.8,0.5973293717898546,0.6239670192130217,0.6999747096094809
1698,motor_desligado,motor_desligado,True,1.0,0.024509803921568984,0.3473189750028925,0.500121156717411
85630,polia,polia,True,1.0,0.7278714837750366,0.7789703057828927,0.817755336485098
27936,eccentric_rotor,rolamento_ball,False,0.4,0.19851116625310206,2.298497289459261,2.883045049039007
91496,polia,polia,True,1.0,0.7111334778792227,0.7588160002753289,0.8397791726985468
142316,rolamento_combination,rolamento_combination,True,0.8,0.033195020746887294,0.814293530807519,1.12300797462029
101001,ventoinha,ventoinha,True,1.0,0.061349693251534665,0.6514020397521487,0.8131183129141887
74224,rolamento_combination,rolamento_combination,True,0.6,0.05394190871369253,0.8952924137046472,1.1197200705300185
3827,normal,normal,True,1.0,0.04907975460122804,0.7336758955219904,0.9782367008974399
43890,rolamento_outer,rolamento_outer,True,1.0,0.11042944785276063,0.5949925368218356,0.8313763745131258
154281,desbalanceado,desbalanceado,True,0.6,1.3814066373942295,1.632430643004581,2.004306619860013
159646,desalinhado,eccentric_rotor,False,0.8,0.26993865030674935,0.6534645161874082,0.7624824082373417
72867,rolamento_combination,rolamento_combination,True,1.0,0.500276144368929,0.593040941266151,0.6231488585995114
77729,rolamento_combination,rolamento_ball,False,0.6,0.34439834024896343,0.7558331312395705,0.8792116687258721
126007,polia,polia,True,1.0,0.049079754601226044,0.8180143913696185,1.1453332586251062
115935,eccentric_rotor,eccentric_rotor,True,0.6,0.06451612903225848,0.5549183122468591,0.6885073800702802
59459,rolamento_inner,rolamento_inner,True,0.6,0.36809815950920355,0.695289354612611,0.7999132427704289
166345,rolamento_combination,rolamento_combination,True,0.8,9.524517701787557,11.603900615398441,17.522599619780507
31535,eccentric_rotor,eccentric_rotor,True,0.8,0.0,0.7398335718590887,0.9789789918885455
111822,cocked_rotor,correia,False,0.4,0.03067484662576736,1.0893155063744755,1.3646498119526609
171373,rolamento_outer,rolamento_outer,True,0.6,1.4197695661107608,1.4973240747127077,1.56024897755349
48364,rolamento_outer,rolamento_outer,True,1.0,0.0,0.5453699409461641,0.6967975309732758
125269,ventoinha,ventoinha,True,1.0,0.3006134969325167,0.456678471635088,0.5273848645225185
125891,ventoinha,ventoinha,True,1.0,0.2699386503067494,0.4792045156273913,0.5786248333197961
41346,cocked_rotor,cocked_rotor,True,0.8,0.04466501240694784,0.5143164037609835,0.7316111098761259
161576,desalinhado,desalinhado,True,0.6,0.6754218307971401,0.7236182010412989,0.7817223876901238
168829,desbalanceado,desbalanceado,True,1.0,0.8134088179213351,0.969349664710155,1.2399197206821546
1942,normal,normal,True,1.0,0.007444168734491496,2.277119749071614,2.944633350635867
142365,rolamento_combination,rolamento_combination,True,1.0,0.10788381742738651,0.7067747155904776,0.9465360042167358
125519,ventoinha,ventoinha,True,1.0,0.6537654669241432,0.657637574457455,0.6611417445990323
68209,rolamento_inner,polia,False,0.4,0.5348856925316405,0.600822821994853,0.7918116497671143
180693,rolamento_inner,rolamento_inner,True,1.0,1.3326879255649242,1.6225053481658158,1.7759103447676368
148481,desalinhado,normal,False,0.4,0.1410788381742739,1.0133439501968895,1.2810945690751703
72177,rolamento_combination,polia,False,0.6,0.012406947890819031,0.5220770432192243,0.6969339991441131
70616,rolamento_combination,rolamento_combination,True,1.0,0.06748466257668673,1.40201517448725,1.7959861611314138
131224,rolamento_inner,rolamento_inner,True,0.8,0.0,1.3483874006724212,2.0324461746483875
151905,normal,normal,True,1.0,0.027295285359801358,0.37435277314110194,0.4908644758611315
10704,desbalanceado,desbalanceado,True,1.0,0.5734749374932626,0.7333298742916805,0.8564081822612284
70637,rolamento_combination,rolamento_combination,True,1.0,0.06134969325153472,1.642187711661824,2.175785660846096
152498,normal,desalinhado,False,0.4,0.5673385912921025,0.6528263422541503,0.6939738012615482
72763,rolamento_combination,rolamento_combination,True,1.0,0.6282640454362156,0.7174245045674773,0.7613144764877599
160085,desalinhado,correia,False,0.4,0.40268913830479974,0.4212843671281994,0.43087906958846106
162600,rolamento_outer,polia,False,1.0,1.0434824120453008,1.2214725775838176,1.3738673899594596
51225,rolamento_outer,rolamento_outer,True,0.6,0.012406947890819045,0.622038697856879,0.8536412870554578
60516,rolamento_inner,rolamento_inner,True,0.8,0.053941908713692505,1.5365971666910934,1.9757063687427816
84681,polia,polia,True,1.0,0.012406947890819087,0.4284072952268262,0.6203979161636108
24728,eccentric_rotor,eccentric_rotor,True,1.0,0.26380368098159535,1.0278697992818762,1.2483774070436167
8178,desbalanceado,desbalanceado,True,1.0,0.19502074688796633,1.0251858795620123,1.253563501429262
2349,normal,normal,True,1.0,1.9948141419573684,2.1872603540276083,2.3899622116486654
47418,rolamento_outer,rolamento_ball,False,1.0,1.143630365925965,1.1857064897940215,1.2315038023361113
142170,rolamento_combination,rolamento_combination,True,1.0,1.0391950161507306,1.1667176136600463,1.2574054243858923
135953,rolamento_ball,polia,False,0.4,0.0074441687344915936,0.6437386738067647,0.8378484700663421
120545,desbalanceado,desbalanceado,True,1.0,0.17369727047146388,0.6082168362451302,0.7818799945058457
124632,ventoinha,ventoinha,True,0.4,0.6567560387335867,0.6964854982067668,0.7237039697756172
172362,cocked_rotor,cocked_rotor,True,0.6,0.8251009524026184,1.0048010266949254,1.131325564411343
111409,correia,correia,True,0.8,0.12883435582822145,0.6566311338254275,0.8034292864034354
82566,rolamento_ball,rolamento_ball,True,1.0,0.41717791411042954,0.8681009969964739,1.0479333812901441
114056,cocked_rotor,cocked_rotor,True,0.4,0.24896265560166037,0.7014580569213102,0.8238171882872184
98970,ventoinha,ventoinha,True,1.0,0.0,0.3347613872763912,0.4412617994710369
166236,eccentric_rotor,eccentric_rotor,True,0.4,0.00744416873449072,1.0868376606254346,1.5363109411187406
124403,ventoinha,eccentric_rotor,False,0.6,0.6808862670225286,0.7301175633326269,0.7647226797386928
11551,desbalanceado,eccentric_rotor,False,0.6,0.866038133514649,0.9775289267943477,1.0900153853719943
130363,rolamento_inner,rolamento_inner,True,0.8,2.2823340477166028,2.5196765514268007,2.597375149163058
76744,rolamento_combination,normal,False,0.4,0.9506744175701772,1.089478309308317,1.1714749642169777
157516,normal,normal,True,0.8,0.030674846625767305,0.5533420189039457,0.7023043192465444
78019,rolamento_combination,rolamento_combination,True,0.4,0.00829875518672174,0.8833256527360062,1.1916810675717056
172436,cocked_rotor,cocked_rotor,True,1.0,0.9633984718678827,1.2751560713346772,1.4514195894397166
100779,ventoinha,ventoinha,True,1.0,0.6727918471847346,0.7299333183615924,0.7498653440131157
99211,ventoinha,ventoinha,True,1.0,0.46505379776612527,0.5079505436172231,0.5388996495736428
43748,rolamento_outer,rolamento_outer,True,1.0,0.7330429860033264,0.8978982027292716,1.0214144542470196
41168,cocked_rotor,cocked_rotor,True,0.4,0.0,0.5778887518723874,0.7744531508268718
74768,rolamento_combination,rolamento_combination,True,1.0,0.1901840490797561,0.7542887725198104,0.931064330551474
45541,rolamento_outer,rolamento_outer,True,0.4,0.019851116625310805,1.2575085067736562,1.7266554013880335
161535,desalinhado,desalinhado,True,0.8,0.595092024539877,0.7126520350678945,0.7590947956016643
92759,polia,polia,True,1.0,0.12033195020746856,0.8336189631800648,1.074958752146251
41776,cocked_rotor,cocked_rotor,True,0.4,0.4738858481749179,0.48940899174533953,0.5151758081578336
3190,normal,normal,True,1.0,1.1475259829246014,1.7484502872249117,2.060316597570988
55769,rolamento_inner,rolamento_inner,True,0.8,0.8273138751934674,0.8928385270807542,1.0010850097092563
69000,rolamento_inner,desbalanceado,False,0.4,0.9569406922553232,0.9987510448473295,1.0612505419233709
113277,cocked_rotor,cocked_rotor,True,1.0,0.0,0.35119580227579095,0.569769855768785
10510,desbalanceado,desbalanceado,True,1.0,0.1595092024539888,0.5858248743471063,0.8460612476151051
63116,rolamento_ball,rolamento_outer,False,0.4,0.0074441687344917185,0.5641698469470573,0.7650213401198807
36356,cocked_rotor,cocked_rotor,True,0.8,0.2158808933002485,0.6613548045264946,0.8066494413750317
7240,normal,normal,True,0.8,0.7498187938146531,0.8180065321803897,0.8522272495339271
143475,rolamento_combination,rolamento_combination,True,1.0,0.6324844685552966,0.6921322981066932,0.7477233185277211
128255,polia,polia,True,0.8,0.13895781637717097,0.7002956567391357,0.893891346187043
65723,rolamento_ball,ventoinha,False,0.6,0.1618257261410776,0.8324663887145503,1.0667047828625524
50850,rolamento_outer,rolamento_outer,True,0.8,0.11910669975186122,0.6464746856636865,0.7987000593805993
36254,cocked_rotor,cocked_rotor,True,0.4,0.0,0.4883295387104688,0.6625241448267214
65037,rolamento_ball,rolamento_inner,False,0.6,0.012269938650306456,0.8906232161437735,1.147003025704476
80039,rolamento_combination,rolamento_combination,True,0.4,0.09543568464730308,0.8049698639387352,1.0316532216570864
31579,eccentric_rotor,eccentric_rotor,True,0.4,0.9473750849317593,0.9811958609762016,1.0278491101757297
169984,desbalanceado,desbalanceado,True,1.0,1.0040281797155397,1.2585506315279207,1.4747934828137597
76628,rolamento_combination,rolamento_outer,False,0.6,0.019851116625309917,0.5968840080033212,0.7910425192421188
49398,rolamento_outer,rolamento_outer,True,0.6,0.3987730061349709,0.6703068458075266,0.7687815399065706
148792,desalinhado,desalinhado,True,0.6,0.06639004149377603,0.6539313253676936,0.8288665143854912
125581,ventoinha,ventoinha,True,1.0,0.0,0.48494791850605024,0.6566993029224757
180392,desbalanceado,desbalanceado,True,1.0,1.101511223675603,1.3223512667754909,1.4944439131856333
49243,rolamento_outer,rolamento_outer,True,0.6,0.6497931582488532,0.791922158759412,0.9007266605366502
170222,rolamento_ball,rolamento_ball,True,1.0,2.510001526349961,2.562721922087287,2.6195906003714757
140741,rolamento_ball,rolamento_ball,True,1.0,0.0,1.0666959896766202,1.4197292895614482
53122,rolamento_inner,rolamento_inner,True,0.8,0.0,0.5321342821415478,0.7305718438529076
34719,cocked_rotor,eccentric_rotor,False,0.6,0.8802095898489015,0.8914572184265925,0.9005002358423403
72159,rolamento_combination,rolamento_combination,True,0.6,0.027295285359801358,0.6764603658956144,0.9078394327162556
154859,normal,rolamento_combination,False,0.6,0.4169897815398702,0.5273899619017568,0.6297952598344446
153917,desalinhado,desalinhado,True,0.8,0.0,0.4053665364730657,0.5250883885340158
128889,polia,normal,False,0.6,0.6810571147293096,0.907315343398367,0.9881865966441973
59903,rolamento_inner,rolamento_inner,True,1.0,0.017369727047146483,0.7975214991240567,1.0480065455875964
48907,rolamento_outer,rolamento_outer,True,0.8,0.9016896988964955,0.9947163260235776,1.092007146064895
33309,eccentric_rotor,eccentric_rotor,True,0.8,1.5278082452119641,1.5741723225770683,1.6431982710579804
144964,correia,eccentric_rotor,False,0.4,1.2885399515716711,1.4875747994361646,1.5645691183710262
9231,normal,normal,True,0.8,0.03319502074688874,0.6250617406445871,0.8578554956216369
86169,polia,polia,True,1.0,0.9206156078460281,1.1822616263539376,1.3844937835221671
134486,rolamento_outer,rolamento_outer,True,1.0,0.11656441717791279,0.6118375137757133,0.7574269308789393
135977,rolamento_ball,rolamento_outer,False,0.8,0.01240694789081817,0.6146249096274982,0.8269394073889061
35589,cocked_rotor,polia,False,0.6,0.8516603986636758,0.9261927912107646,1.1087245287899359
86586,polia,polia,True,1.0,1.231922698782862,1.3416849650728493,1.442416752757503
43700,rolamento_outer,rolamento_outer,True,1.0,0.5665770540885559,0.6970466548478369,0.7566014909947483
151608,normal,normal,True,0.6,0.5678679578952592,0.6860975473805521,0.7267915328769934
81649,rolamento_ball,rolamento_outer,False,0.4,0.9663870831581071,0.9881447244091255,1.0120881966939383
38625,cocked_rotor,cocked_rotor,True,0.6,0.38036809815951,0.5276259628064727,0.615489878591547
100596,ventoinha,ventoinha,True,1.0,0.018404907975460832,0.6936053992922029,0.9519219171320875
59592,rolamento_inner,rolamento_inner,True,1.0,0.6513233348536676,0.863757313180235,1.0622803851640066
160042,desalinhado,desalinhado,True,0.8,0.2699386503067473,0.5038629082899023,0.5673424011549137
121533,desbalanceado,rolamento_outer,False,0.6,0.5167978673664695,0.5928395272212614,0.6515250061663678
107071,correia,correia,True,1.0,0.03319502074688874,0.5514403966319332,0.7181474358808798
154607,normal,rolamento_ball,False,0.4,0.6629484916132125,0.7853877174762945,0.8681318231326602
49432,rolamento_outer,rolamento_outer,True,0.8,0.5030674846625771,0.6831549246943105,0.7369489118248296
168440,teste,teste,True,1.0,1.4017867065077638,1.4250096958029377,1.4721648650195396
114324,cocked_rotor,cocked_rotor,True,0.8,0.6410645169516729,0.6712392139631368,0.699714735679385
108005,correia,correia,True,1.0,0.7626440086208442,0.789404978919152,0.8065154247693107
166348,rolamento_combination,rolamento_combination,True,0.8,10.204171540326744,12.581097024808114,16.05794600489267
28863,eccentric_rotor,eccentric_rotor,True,0.6,0.0,0.5666466740683488,0.7292367387394794
152180,normal,normal,True,1.0,0.18362282878411967,0.4469832024426649,0.5355746134875857
71836,rolamento_combination,rolamento_combination,True,0.8,0.0,0.6363562519379107,0.809984534815587
29971,eccentric_rotor,eccentric_rotor,True,0.8,0.6073619631901855,0.7879679272302615,0.9306642965179293
160653,desalinhado,normal,False,0.8,0.48966546915809034,0.5445346799020937,0.598705216351968
93467,polia,desalinhado,False,0.8,0.19502074688796628,0.6584141483500636,0.8953694174741488
55605,rolamento_inner,rolamento_inner,True,1.0,0.0797546012269934,0.8998388293579291,1.1957994278180932
50961,rolamento_outer,rolamento_ball,False,0.6,0.03970223325062039,0.511805644743089,0.7190968307617186
45374,rolamento_outer,rolamento_ball,False,0.6,0.6844007075030628,0.7265448661110446,0.7540214030899022
5349,desbalanceado,desbalanceado,True,1.0,1.1022370514061346,1.425417992875178,1.583212271639953
25035,eccentric_rotor,eccentric_rotor,True,1.0,0.7139429036466491,0.7421556795186957,0.803986234895176
3233,normal,normal,True,1.0,0.0,0.7695898011613156,1.0243391099122667
31558,eccentric_rotor,eccentric_rotor,True,1.0,0.08713692946058127,0.6921816783337874,0.8633686791845937
126865,polia,polia,True,1.0,1.0969129206324444,1.2358856956579993,1.3541333043443284
124190,ventoinha,rolamento_outer,False,0.4,0.7116370714668488,0.9433599983712092,1.0554732906432933
81131,rolamento_ball,normal,False,0.6,0.0,0.6441986388492961,0.8299686546965975
124149,ventoinha,ventoinha,True,0.8,0.04149377593360909,0.6218766391845646,0.8037451526673185
128258,polia,rolamento_ball,False,0.4,0.0,0.7770805350560943,1.0077697290058036
141756,rolamento_combination,rolamento_combination,True,0.6,0.12406947890818865,0.8830504153424636,1.2253042943285581
91291,polia,polia,True,1.0,0.5079973453543355,0.62657869203207,0.6736740095538353
122895,desbalanceado,desbalanceado,True,1.0,0.09815950920245413,0.5821373588239583,0.732825128135118
165253,eccentric_rotor,eccentric_rotor,True,0.8,0.03680981595091959,1.7857532123906104,2.294950339730785
107809,correia,correia,True,1.0,0.1701244813278009,1.0132045617839835,1.4364542098186814
120629,desbalanceado,desbalanceado,True,0.8,0.9040336980033509,1.0157934672178726,1.1161479126467815
44155,rolamento_outer,rolamento_outer,True,1.0,0.012269938650306483,0.46527973379194953,0.5924891677401011
1550,motor_desligado,motor_desligado,True,1.0,0.0,6.923258219641076,9.862858327631189
40201,cocked_rotor,cocked_rotor,True,1.0,0.033195020746887294,0.6961786635545308,0.9413552135044317
76655,rolamento_combination,rolamento_combination,True,0.8,0.8168709700423783,0.8822110714248671,0.9610146512952934
5504,desbalanceado,desbalanceado,True,1.0,1.5150045288886682,1.6386696183666172,1.755818322464775
29140,eccentric_rotor,eccentric_rotor,True,0.8,0.008298755186721823,0.7766097327939991,1.1688935125656628
90119,polia,polia,True,1.0,0.7592981339629105,0.8083583090135372,0.8581661719829202
158258,desalinhado,desalinhado,True,0.6,0.8219456708924745,0.9372380350730328,1.0346670064324988
96313,ventoinha,eccentric_rotor,False,0.4,0.0,0.7683505587166846,0.9774353528823294
102674,correia,correia,True,1.0,0.15950920245398859,0.6562451441643036,0.8347877105822358
127239,polia,polia,True,1.0,0.020746887966803795,0.7953472103485909,1.0632433356717603
51490,rolamento_outer,rolamento_outer,True,1.0,0.012406947890818164,0.8274318106244101,1.189997602596109
166598,rolamento_inner,rolamento_inner,True,1.0,0.0,1.6927313055956954,2.7128157293185033
30199,eccentric_rotor,eccentric_rotor,True,0.8,0.030674846625765143,0.5065057740729509,0.7099210015572417
53952,rolamento_inner,rolamento_inner,True,1.0,0.02074688796680535,1.1284527053620725,1.4481185770158063
155508,normal,normal,True,0.2,0.18257261410788284,0.7587205420810309,0.9157207953379993
44019,rolamento_outer,rolamento_outer,True,1.0,0.8803006392111391,0.9338220688605393,0.9607700014752705
98735,ventoinha,ventoinha,True,1.0,0.2699386503067494,0.5891406375345485,0.718394182648927
117747,eccentric_rotor,eccentric_rotor,True,1.0,0.0,0.5611523989981605,0.734188556322228
113969,cocked_rotor,ventoinha,False,0.8,0.5379090735320949,0.6014525017492129,0.6421777155728925
28292,eccentric_rotor,eccentric_rotor,True,1.0,1.0665956197260786,1.281625808673524,1.4768675818613834
174065,desbalanceado,desbalanceado,True,0.6,0.9916282808404844,1.2344738671596893,1.4368404822693492
12461,desbalanceado,eccentric_rotor,False,0.8,0.3190184049079754,0.943517307791421,1.1634124816244114
45756,rolamento_outer,rolamento_outer,True,0.6,0.024813895781638173,0.5637862647262779,0.7606443302450212
110037,correia,correia,True,1.0,0.798346910274002,0.8612164291646721,0.9104070135300742
58585,rolamento_inner,rolamento_inner,True,0.8,0.042944785276073816,0.523861758734822,0.6884738738093227
174191,baseline,baseline,True,1.0,1.2528221487264122,1.3730903407358601,1.5001253134352852
8188,desbalanceado,desbalanceado,True,0.4,0.07468879668049788,1.5397468470682045,2.0035831218575773
53288,rolamento_inner,rolamento_outer,False,0.6,0.03067484662576514,0.6432565552226414,0.8593280476354549
104256,correia,correia,True,1.0,0.024813895781638076,0.5368485689437069,0.7600225053522773
135790,rolamento_ball,cocked_rotor,False,0.8,0.01985111662531064,0.6746039996766255,0.8918454427149729
6052,normal,correia,False,0.6,0.5556873119410298,0.6245151318933183,0.6548701503424832
10867,desbalanceado,desbalanceado,True,1.0,0.1414392059553351,1.230642102790441,1.5300747035167392
12724,desbalanceado,desbalanceado,True,0.4,0.0,0.7211328975508933,0.988275811107151
83213,rolamento_ball,rolamento_ball,True,1.0,0.5705521472392641,0.9900938770656251,1.1053159986933447
155774,normal,rolamento_outer,False,0.4,0.0,0.67030993004618,0.8846774422361593
60553,rolamento_inner,rolamento_inner,True,1.0,0.3692946058091274,1.1311936379191945,1.4069139066568925
51874,rolamento_outer,rolamento_outer,True,0.6,0.041493775933609076,0.49933248739753855,0.688806576422885
150437,normal,desalinhado,False,0.4,0.5669426478387757,0.6351218373126235,0.680795235520032
53096,rolamento_inner,rolamento_outer,False,0.6,0.7257748456438224,0.7770215830189355,0.8322684932120505
105698,correia,correia,True,1.0,0.12903225806451601,0.8796022766206955,1.116496485814389
142644,rolamento_combination,rolamento_combination,True,1.0,0.294605809128631,0.7374120710359146,0.8735343554727087
142738,rolamento_combination,rolamento_combination,True,0.8,0.053941908713693976,0.8618515250839099,1.0837600895366972
177991,rolamento_outer,rolamento_outer,True,1.0,1.6276949031224281,1.9797443726878874,2.2755824949936625
59371,rolamento_inner,rolamento_inner,True,1.0,0.39263803680981435,0.7974907638377373,1.0351886164686372
63633,rolamento_ball,correia,False,0.6,0.09543568464730307,0.6851350399659438,0.8592010565442129
55903,rolamento_inner,rolamento_inner,True,1.0,0.042944785276073816,1.1124829747475589,1.4234215912853552
147597,desalinhado,desalinhado,True,0.8,0.7276878994925182,0.7758451370560164,0.7938970693364731
29345,eccentric_rotor,eccentric_rotor,True,0.6,0.0,0.7177958627114497,0.9137846288757472
85967,polia,polia,True,1.0,0.850995347992193,0.8679402990391012,0.8883729176047707
78395,rolamento_combination,rolamento_combination,True,0.6,0.012448132780083498,0.5194521736274899,0.7436033370354632
113697,cocked_rotor,ventoinha,False,0.4,0.008298755186721796,0.6484335710122003,0.8680967537596767
26331,eccentric_rotor,desalinhado,False,0.8,0.6967836123069281,0.7832359782240096,0.8702996469029519
147808,desalinhado,desalinhado,True,0.8,0.645604257225689,0.6598850957774911,0.6729826469019426
56107,rolamento_inner,rolamento_inner,True,1.0,0.6069836727171153,0.6998383929431439,0.8043264873175836
71147,rolamento_combination,rolamento_combination,True,1.0,0.9959532500599387,1.0428715611467574,1.1170967257239952
96480,ventoinha,normal,False,0.4,0.1825726141078844,0.8385699210341387,1.0261338097656612
158823,desalinhado,desalinhado,True,0.4,0.0,0.5382378131148057,0.7000640235200815
149153,desalinhado,normal,False,0.6,0.033195020746887294,0.6542937939273537,0.8777353781514711
167816,normal,normal,True,1.0,0.0,1.19372545619217,1.6617002741771054
141286,rolamento_combination,rolamento_inner,False,0.6,0.04466501240694781,1.2476369038363717,1.59887158328516
68044,rolamento_inner,cocked_rotor,False,0.4,0.4263264143327019,0.7199371097778231,0.8317421371009335
22291,eccentric_rotor,correia,False,0.4,0.02074688796680524,0.7499920645564083,0.9373086438122578
154360,desbalanceado,desbalanceado,True,0.8,0.027295285359801302,0.5120901402879753,0.6747103281091307
47310,rolamento_outer,rolamento_ball,False,0.6,0.8220455973500275,0.8692425022161088,0.907174881490544
65074,rolamento_ball,rolamento_outer,False,0.4,0.042944785276073816,0.5940360537421085,0.7644008996681799
112772,cocked_rotor,cocked_rotor,True,1.0,0.012269938650306511,0.2719185690667486,0.45919804962216504
65546,rolamento_ball,rolamento_ball,True,1.0,0.08713692946058116,1.0020738477714597,1.33785794527697
178908,rolamento_outer,rolamento_combination,False,0.8,1.8196345923684492,2.115442536421687,2.2335390158301025
89040,polia,polia,True,0.8,0.7996317154610052,0.8435051014304349,0.8922947485149159
151045,normal,cocked_rotor,False,0.6,0.1410788381742738,0.5613566581351057,0.7087472018805101
71271,rolamento_combination,rolamento_combination,True,1.0,0.7071953795542534,0.7862342069460269,0.8641722080315362
96299,ventoinha,ventoinha,True,0.8,0.5683251722967109,0.7663500137353689,0.8564320643964858
100940,ventoinha,ventoinha,True,1.0,0.11042944785276063,0.5600324462223731,0.7797169348165132
122302,desbalanceado,desbalanceado,True,1.0,0.4568751667285018,0.5532687426307493,0.6252043341967839
51603,rolamento_outer,rolamento_outer,True,1.0,0.09958506224066471,0.6012584997329931,0.7547336470325565
153746,desalinhado,desalinhado,True,1.0,0.004962779156327424,1.2416645119583953,1.706586536455852
157960,desalinhado,correia,False,0.6,0.776379581991701,0.8159383280706214,0.8315478341165247
68103,rolamento_inner,cocked_rotor,False,0.4,0.004962779156327438,0.5464971214138974,0.7570924228454037
85849,polia,polia,True,1.0,0.0,0.6772810291806584,0.9525827456620177
121176,desbalanceado,cocked_rotor,False,0.6,0.8838866138704821,0.9873494753011028,1.0423584531648518
109448,correia,correia,True,0.6,0.06748466257668681,0.8721671189503499,1.0828818926736345
36268,cocked_rotor,polia,False,0.6,0.09677419354838729,0.6582536892907271,0.8270161548819118
31087,eccentric_rotor,eccentric_rotor,True,0.8,0.041493775933609145,0.9523045041716734,1.2748012304225058
147718,desalinhado,desalinhado,True,1.0,0.09677419354838729,0.4615733841400111,0.5808145133090106
84137,rolamento_ball,desalinhado,False,0.8,0.2009925558312653,0.6858301175810155,1.0130911332280477
130388,rolamento_inner,rolamento_ball,False,0.8,0.24066390041493846,0.8475703397752419,1.0950711094542127
142439,rolamento_combination,rolamento_combination,True,0.8,0.24066390041493702,0.8757583376566076,1.1229618428792307
178165,desalinhado,desalinhado,True,1.0,0.4957281468771415,0.808668502807687,0.9487044959449832
171196,ventoinha,ventoinha,True,0.6,0.8150203473536224,0.9528340202540377,1.056723678753292
49873,rolamento_outer,rolamento_outer,True,1.0,0.4723926380368098,0.6733269102488552,0.792564614812481
97370,ventoinha,ventoinha,True,0.4,0.04962779156327535,0.6920931307044915,0.8841781364884226
145700,correia,correia,True,1.0,0.008298755186721796,0.5581486572454696,0.7180648008737253
105223,correia,correia,True,1.0,0.7328552135622584,0.8454639626591384,1.025891680243356
5756,desbalanceado,desbalanceado,True,1.0,1.4061729937160565,1.6584654985245084,1.7608750317686883
51110,rolamento_outer,rolamento_outer,True,1.0,0.01240694789081816,0.5397479547039513,0.7125564389717334
7546,desbalanceado,desbalanceado,True,0.6,1.2032695087474943,1.229099441837549,1.2556510298583639
98206,ventoinha,ventoinha,True,1.0,0.024896265560165456,0.6561322789769519,0.865586441967383
22433,eccentric_rotor,cocked_rotor,False,0.6,0.7781475504762122,0.8257754132325463,0.8448299062282891
177057,normal,normal,True,0.6,0.7497181012006087,0.9083005811255754,1.0098703337449908
117874,eccentric_rotor,eccentric_rotor,True,1.0,0.09202453987729978,0.6362597104313593,0.7788965641100052
79927,rolamento_combination,rolamento_combination,True,1.0,0.6491526938350081,0.7404950823043165,0.9772791339116639
151515,normal,normal,True,0.4,0.5707194674943477,0.5975020627295482,0.6206603431186882
174666,rolamento_combination,rolamento_combination,True,0.4,1.1499212978005686,1.6604157416414556,1.9246729359510668
69644,rolamento_inner,rolamento_inner,True,1.0,0.09958506224066477,0.7657785347331141,0.9443696327303577
162349,rolamento_combination,rolamento_inner,False,0.8,0.11662531017369705,0.8501087828045601,1.0749906529001043
180797,rolamento_outer,rolamento_outer,True,0.8,0.644406696065702,0.7037151903055159,0.8301336072108683
2008,normal,normal,True,1.0,0.004962779156327479,1.8425436859245372,2.541320631089833
79601,rolamento_combination,rolamento_combination,True,0.8,1.2095151599967109,1.3177881625196792,1.3924450039523255
154021,desalinhado,ventoinha,False,0.4,0.6868561093230641,0.8066085265788212,0.9355025277240628
115833,eccentric_rotor,desalinhado,False,0.6,0.03225806451612967,0.744678803902703,1.0467055775619218
115178,cocked_rotor,rolamento_outer,False,0.4,0.014888337468982327,0.6440340455704896,0.8492484629599164
68415,rolamento_inner,rolamento_inner,True,0.4,0.019851116625309778,0.5620805236965012,0.7150713669405128
90717,polia,polia,True,1.0,0.6305663605229247,0.7291231071096396,0.8440380654798036
90722,polia,polia,True,1.0,0.1411042944785279,0.7141677246132655,0.8859432982931374
67567,rolamento_inner,rolamento_inner,True,0.4,0.01985111662531064,0.7179250466799962,0.9541811670823543
125610,ventoinha,ventoinha,True,1.0,0.0,0.45105060191351465,0.6057337675966223
127615,polia,polia,True,1.0,0.06639004149377603,0.7377657142702343,0.9279064411871234
79145,rolamento_combination,rolamento_combination,True,1.0,0.0,0.7654427072896205,1.097760275965712
150859,normal,normal,True,0.4,0.6463286813531088,0.9118507421530634,1.018129018532548
24491,eccentric_rotor,eccentric_rotor,True,1.0,0.5797155616536994,0.6238956370169696,0.6783227886544585
108753,correia,cocked_rotor,False,0.6,0.5419639229216665,0.6752232308117628,0.7413065407814059
86746,polia,polia,True,0.8,0.694489838101949,1.0065007853854762,1.1000165223293836
29300,eccentric_rotor,eccentric_rotor,True,0.4,0.02074688796680528,0.8212146141336628,1.0939903185809878
79346,rolamento_combination,rolamento_combination,True,1.0,0.0,0.9809651290757211,1.300150848459012
100461,ventoinha,ventoinha,True,1.0,0.9847140349176465,1.108991547074022,1.2965935920696552
69178,rolamento_inner,cocked_rotor,False,0.6,0.6791309713959968,0.7087412567180648,0.7551494235048469
145254,correia,cocked_rotor,False,0.8,0.12033195020746851,0.7792985827722354,0.9935208594706619
71077,rolamento_combination,rolamento_combination,True,1.0,0.19018404907975395,1.13514195338974,1.4854930734236753
160907,desalinhado,desalinhado,True,1.0,0.5372177587416332,0.6861305933152666,0.800756078501223
151670,normal,desbalanceado,False,0.8,0.7092343312216178,0.7260520881585231,0.7716328997015378
117338,eccentric_rotor,desbalanceado,False,0.4,0.9153951170394802,0.9545652411004545,1.069518164698209
7408,desbalanceado,desbalanceado,True,0.4,0.126550868486352,0.7408657379229956,0.9897349667207351
